Périmètre;Nature;Date;Heure;Date et Heure;Consommation (MW);Prévision J-1 (MW);Prévision J (MW);Fioul (MW);Charbon (MW);Gaz (MW);Nucléaire (MW);Eolien (MW);Solaire (MW);Hydraulique (MW);Pompage (MW);Bioénergies (MW);Ech. physiques (MW);Taux de CO2 (g/kWh);Ech. comm. Angleterre (MW);Ech. comm. Espagne (MW);Ech. comm. Italie (MW);Ech. comm. Suisse (MW);Ech. comm. Allemagne-Belgique (MW);Fioul - TAC (MW);Fioul - Cogénération (MW);Fioul - Autres (MW);Gaz - TAC (MW);Gaz - Cogénération (MW);Gaz - CCG (MW);Gaz - Autres (MW);Hydraulique - Fil de l'eau + éclusée (MW);Hydraulique - Lacs (MW);Hydraulique - STEP turbinage (MW);Bioénergies - Déchets (MW);Bioénergies - Biomasse (MW);Bioénergies - Biogaz (MW)
France;Données consolidées;2024-01-01;02:00;2024-01-01T02:00:00+01:00;52770;52300;52000;96;17;2001;37093;14988;0;6186;-1716;1221;-7009;21;-1878;-2636;-2495;-2142;2639;14;64;18;93;769;173;966;5110;1071;5;515;362;344
France;Données consolidées;2024-01-01;03:00;2024-01-01T03:00:00+01:00;50560;49900;49300;95;17;2013;36957;11549;0;6566;-2432;1219;-5325;23;-1023;-2636;-2438;-1980;3585;14;63;18;94;764;208;947;5036;1145;385;514;359;346
France;Données consolidées;2024-01-01;03:30;2024-01-01T03:30:00+01:00;49627;48600;48000;95;17;2006;37009;9254;0;5845;-1951;1219;-3760;24;-1023;-2636;-2438;-1980;3492;14;63;18;94;767;197;949;4972;866;6;515;358;346
France;Données consolidées;2024-01-01;06:30;2024-01-01T06:30:00+01:00;48063;45400;46600;95;17;2015;36797;8468;0;5645;-2541;1198;-3524;25;-1167;-2600;-2322;-1853;3753;14;63;18;98;771;201;944;4767;872;6;499;355;344
France;Données consolidées;2024-01-01;08:45;2024-01-01T08:45:00+01:00;;45350;46850;;;;;;;;;;;;;;;;;;;;;;;;;;;;;
France;Données consolidées;2024-01-01;11:30;2024-01-01T11:30:00+01:00;51863;51100;50100;92;17;1956;36773;10691;4202;5875;-2282;1203;-6559;22;-3014;-2251;-928;-1419;1320;14;60;18;99;772;123;962;4913;955;6;500;358;346
France;Données consolidées;2024-01-01;12:00;2024-01-01T12:00:00+01:00;52569;51800;50900;92;18;2044;36938;10675;4852;5903;-2239;1193;-6802;22;-3014;-1862;-1110;-1686;878;14;60;18;99;775;206;965;4891;1006;6;503;343;347
France;Données consolidées;2024-01-01;14:30;2024-01-01T14:30:00+01:00;50013;49000;48800;91;19;2002;37382;9748;4488;6761;-1177;1197;-10404;21;-3014;-697;-2265;-2377;-2838;14;59;18;98;775;167;961;5142;1389;230;496;353;347
France;Données consolidées;2024-01-01;15:45;2024-01-01T15:45:00+01:00;;47500;47300;;;;;;;;;;;;;;;;;;;;;;;;;;;;;
France;Données consolidées;2024-01-01;17:45;2024-01-01T17:45:00+01:00;;51050;50850;;;;;;;;;;;;;;;;;;;;;;;;;;;;;
France;Données consolidées;2024-01-01;18:00;2024-01-01T18:00:00+01:00;54098;51800;51600;89;18;2002;44339;11383;1;10901;-23;1199;-15698;18;-3014;-2833;-2438;-3162;-4067;15;60;15;100;773;164;965;5712;3080;2109;500;352;348
France;Données consolidées;2024-01-01;18:15;2024-01-01T18:15:00+01:00;;52300;52100;;;;;;;;;;;;;;;;;;;;;;;;;;;;;
France;Données consolidées;2024-01-01;18:45;2024-01-01T18:45:00+01:00;;53400;53200;;;;;;;;;;;;;;;;;;;;;;;;;;;;;
France;Données consolidées;2024-01-01;20:00;2024-01-01T20:00:00+01:00;56437;53200;53000;89;17;2018;43882;15113;0;10621;-22;1197;-16361;18;-3014;-2800;-2249;-3190;-5513;14;60;15;98;775;181;964;5891;2594;2135;500;354;343
France;Données consolidées;2024-01-01;20:45;2024-01-01T20:45:00+01:00;;51750;51550;;;;;;;;;;;;;;;;;;;;;;;;;;;;;
France;Données consolidées;2024-01-01;21:15;2024-01-01T21:15:00+01:00;;51150;50950;;;;;;;;;;;;;;;;;;;;;;;;;;;;;
France;Données consolidées;2024-01-01;22:15;2024-01-01T22:15:00+01:00;;50850;50650;;;;;;;;;;;;;;;;;;;;;;;;;;;;;
France;Données consolidées;2024-01-01;22:30;2024-01-01T22:30:00+01:00;53909;51600;51400;92;16;1970;42639;16849;0;8510;-406;1186;-16847;18;-2931;-2800;-2438;-3199;-4997;14;63;15;99;790;124;957;5384;1889;1237;490;354;342
France;Données consolidées;2024-01-01;22:45;2024-01-01T22:45:00+01:00;;52300;52100;;;;;;;;;;;;;;;;;;;;;;;;;;;;;
France;Données consolidées;2024-01-01;23:45;2024-01-01T23:45:00+01:00;;51450;52350;;;;;;;;;;;;;;;;;;;;;;;;;;;;;
France;Données consolidées;2024-01-02;00:15;2024-01-02T00:15:00+01:00;;49600;51600;;;;;;;;;;;;;;;;;;;;;;;;;;;;;
France;Données consolidées;2024-01-02;01:00;2024-01-02T01:00:00+01:00;50525;47200;49500;91;16;2088;40855;17361;0;6805;-2551;1187;-15211;20;-1198;-2450;-2216;-3200;-6591;14;62;15;93;885;155;955;5081;1719;6;490;354;343
France;Données consolidées;2024-01-02;04:15;2024-01-02T04:15:00+01:00;;44200;45250;;;;;;;;;;;;;;;;;;;;;;;;;;;;;
France;Données consolidées;2024-01-02;04:30;2024-01-02T04:30:00+01:00;46565;43900;45100;92;18;2080;37646;17190;0;5950;-2860;1196;-14649;21;-1828;-2775;-2438;-3200;-4915;14;63;15;93;885;144;958;4910;1035;5;499;354;343
France;Données consolidées;2024-01-02;05:15;2024-01-02T05:15:00+01:00;;44550;46400;;;;;;;;;;;;;;;;;;;;;;;;;;;;;
France;Données consolidées;2024-01-02;06:00;2024-01-02T06:00:00+01:00;49208;46400;48400;89;17;2065;39446;17045;0;6255;-2091;1185;-14685;20;-1596;-3000;-2669;-3200;-5840;15;64;10;96;885;129;954;4899;1350;5;493;355;337
France;Données consolidées;2024-01-02;07:30;2024-01-02T07:30:00+01:00;54698;51400;53500;87;18;2110;44444;17066;0;7617;-1110;1167;-16607;18;-2612;-3000;-2687;-3200;-5387;14;63;10;96;912;152;951;5370;2241;5;484;354;328
France;Données consolidées;2024-01-02;09:00;2024-01-02T09:00:00+01:00;58175;53900;56700;94;18;2268;44786;17078;88;9770;-23;1175;-16975;18;-3014;-1303;-2966;-3200;-7762;14;61;19;99;949;198;1021;5944;2792;1035;484;356;335
France;Données consolidées;2024-01-02;09:30;2024-01-02T09:30:00+01:00;59117;55200;57800;98;16;2219;44875;17238;330;10516;-23;1167;-17215;18;-3014;-1303;-2966;-3200;-7762;14;63;21;93;959;145;1022;6029;2876;1611;480;352;335
France;Données consolidées;2024-01-02;11:15;2024-01-02T11:15:00+01:00;;57750;60050;;;;;;;;;;;;;;;;;;;;;;;;;;;;;
France;Données consolidées;2024-01-02;14:15;2024-01-02T14:15:00+01:00;;56550;60200;;;;;;;;;;;;;;;;;;;;;;;;;;;;;
France;Données consolidées;2024-01-02;14:45;2024-01-02T14:45:00+01:00;;56050;59950;;;;;;;;;;;;;;;;;;;;;;;;;;;;;
France;Données consolidées;2024-01-02;15:15;2024-01-02T15:15:00+01:00;;55250;59350;;;;;;;;;;;;;;;;;;;;;;;;;;;;;
France;Données consolidées;2024-01-02;16:15;2024-01-02T16:15:00+01:00;;54100;57700;;;;;;;;;;;;;;;;;;;;;;;;;;;;;
France;Données consolidées;2024-01-02;17:45;2024-01-02T17:45:00+01:00;;57000;59850;;;;;;;;;;;;;;;;;;;;;;;;;;;;;
France;Données consolidées;2024-01-02;18:30;2024-01-02T18:30:00+01:00;62375;58500;61000;98;11;2251;46285;17333;0;11029;-23;1194;-15711;18;-3014;-128;-3413;-3200;-6467;14;63;21;88;1010;111;1041;6363;3197;1468;485;366;342
France;Données consolidées;2024-01-02;19:00;2024-01-02T19:00:00+01:00;63481;59300;61500;96;10;2255;46625;17145;0;12469;-23;1198;-16211;17;-3014;-645;-3413;-3200;-7452;14;61;21;90;1008;115;1042;6474;3566;2429;484;367;347
France;Données consolidées;2024-01-02;23:45;2024-01-02T23:45:00+01:00;;53000;54050;;;;;;;;;;;;;;;;;;;;;;;;;;;;;
France;Données consolidées;2024-01-03;00:00;2024-01-03T00:00:00+01:00;55420;53300;53600;96;11;2229;43093;17384;1;7179;-2489;1208;-13192;20;-2747;-2775;-3568;-3179;-3502;14;61;21;96;1004;87;1042;5504;1669;6;499;365;344
France;Données consolidées;2024-01-03;00:30;2024-01-03T00:30:00+01:00;54124;51700;52100;95;11;2236;43925;17313;0;6896;-2031;1209;-15430;20;-2747;-2775;-3568;-3179;-3562;14;60;21;92;1004;103;1037;5423;1467;6;510;356;343
France;Données consolidées;2024-01-03;02:45;2024-01-03T02:45:00+01:00;;48150;48750;;;;;;;;;;;;;;;;;;;;;;;;;;;;;
France;Données consolidées;2024-01-03;04:15;2024-01-03T04:15:00+01:00;;45850;46250;;;;;;;;;;;;;;;;;;;;;;;;;;;;;
France;Données consolidées;2024-01-03;04:30;2024-01-03T04:30:00+01:00;47005;45700;46100;95;11;2274;41212;10311;1;6385;-2856;1214;-11536;24;-2915;-1856;-2261;-3173;-1254;12;62;21;93;1002;158;1021;5282;1099;5;513;364;337
France;Données consolidées;2024-01-03;08:00;2024-01-03T08:00:00+01:00;58577;57400;57300;98;13;2338;46675;17116;1;8349;-1617;1167;-15462;19;-2914;-2500;-3028;-3153;-4276;14;62;21;97;1021;175;1045;5682;2535;131;495;337;335
France;Données consolidées;2024-01-03;08:45;2024-01-03T08:45:00+01:00;;58500;58450;;;;;;;;;;;;;;;;;;;;;;;;;;;;;
France;Données consolidées;2024-01-03;09:00;2024-01-03T09:00:00+01:00;60280;58800;58700;98;13;2341;46912;17110;177;8919;-462;1150;-15880;18;-3014;-2500;-1782;-3200;-5482;14;62;21;98;1037;162;1044;5932;2844;143;483;338;329
France;Données consolidées;2024-01-03;10:15;2024-01-03T10:15:00+01:00;;60400;59900;;;;;;;;;;;;;;;;;;;;;;;;;;;;;
France;Données consolidées;2024-01-03;13:00;2024-01-03T13:00:00+01:00;61637;60500;59900;96;13;2351;46578;17455;3693;8108;-747;1187;-16985;18;-3014;-2586;-3669;-3100;-4985;14;62;20;97;1034;193;1026;5813;2021;274;500;347;340
France;Données consolidées;2024-01-03;13:30;2024-01-03T13:30:00+01:00;60679;59000;58800;97;11;2362;46629;17375;3508;8109;-812;1199;-17695;18;-3014;-2586;-3669;-3100;-5237;14;62;21;91;1035;214;1022;5771;2061;278;499;359;341
France;Données consolidées;2024-01-03;13:45;2024-01-03T13:45:00+01:00;;58850;59100;;;;;;;;;;;;;;;;;;;;;;;;;;;;;
France;Données consolidées;2024-01-03;14:00;2024-01-03T14:00:00+01:00;60275;58700;59400;97;11;2313;46584;17396;3268;8052;-755;1220;-17801;18;-3014;-2346;-3811;-3151;-6698;14;62;21;91;1046;158;1017;5728;2049;275;499;375;346
France;Données consolidées;2024-01-03;15:00;2024-01-03T15:00:00+01:00;60307;58000;58600;99;11;2280;46985;17473;2496;9367;-220;1212;-19285;17;-3014;-2711;-3716;-3200;-7355;14;64;21;89;1051;112;1028;5838;3217;312;500;371;341
France;Données consolidées;2024-01-03;16:30;2024-01-03T16:30:00+01:00;58840;56500;56500;104;17;2287;46843;17962;654;9940;-239;1208;-19841;18;-3014;-3330;-3879;-3100;-6285;14;69;21;88;1053;104;1042;6230;3145;566;493;370;345
France;Données consolidées;2024-01-03;17:30;2024-01-03T17:30:00+01:00;60498;59500;59800;104;17;2286;47010;18108;6;10504;-170;1207;-18479;18;-3014;-3330;-4111;-3200;-4856;14;69;21;88;1053;104;1040;6692;3362;451;490;368;349
France;Données consolidées;2024-01-03;19:45;2024-01-03T19:45:00+01:00;;61250;62150;;;;;;;;;;;;;;;;;;;;;;;;;;;;;
France;Données consolidées;2024-01-04;01:00;2024-01-04T01:00:00+01:00;52745;52000;51400;106;16;2293;45385;15534;0;7080;-2187;1191;-16559;20;-1887;-2800;-2423;-3200;-6287;14;71;21;84;1021;160;1028;5675;1400;5;503;343;344
France;Données consolidées;2024-01-04;01:15;2024-01-04T01:15:00+01:00;;52500;51600;;;;;;;;;;;;;;;;;;;;;;;;;;;;;
France;Données consolidées;2024-01-04;03:00;2024-01-04T03:00:00+01:00;50751;49900;49100;107;16;2308;43635;14660;0;7187;-2295;1175;-15934;21;-2344;-2800;-2068;-3182;-5639;14;73;21;84;1026;165;1033;5502;1679;5;502;338;335
France;Données consolidées;2024-01-04;04:15;2024-01-04T04:15:00+01:00;;48050;47250;;;;;;;;;;;;;;;;;;;;;;;;;;;;;
France;Données consolidées;2024-01-04;05:15;2024-01-04T05:15:00+01:00;;49250;48450;;;;;;;;;;;;;;;;;;;;;;;;;;;;;
France;Données consolidées;2024-01-04;06:15;2024-01-04T06:15:00+01:00;;53050;52050;;;;;;;;;;;;;;;;;;;;;;;;;;;;;
France;Données consolidées;2024-01-04;06:45;2024-01-04T06:45:00+01:00;;55300;54000;;;;;;;;;;;;;;;;;;;;;;;;;;;;;
France;Données consolidées;2024-01-04;08:15;2024-01-04T08:15:00+01:00;;60850;59750;;;;;;;;;;;;;;;;;;;;;;;;;;;;;
France;Données consolidées;2024-01-04;08:30;2024-01-04T08:30:00+01:00;61402;61300;60400;105;17;3757;46560;10410;27;11665;-23;1137;-12150;26;-1173;-2337;-2823;-3200;-3519;14;70;21;92;1113;1500;1052;6128;3699;1838;476;330;330
France;Données consolidées;2024-01-04;09:45;2024-01-04T09:45:00+01:00;;62650;61150;;;;;;;;;;;;;;;;;;;;;;;;;;;;;
France;Données consolidées;2024-01-04;12:45;2024-01-04T12:45:00+01:00;;62500;60100;;;;;;;;;;;;;;;;;;;;;;;;;;;;;
France;Données consolidées;2024-01-04;13:45;2024-01-04T13:45:00+01:00;;61500;58450;;;;;;;;;;;;;;;;;;;;;;;;;;;;;
France;Données consolidées;2024-01-04;14:15;2024-01-04T14:15:00+01:00;;61700;58300;;;;;;;;;;;;;;;;;;;;;;;;;;;;;
France;Données consolidées;2024-01-04;15:00;2024-01-04T15:00:00+01:00;59239;60900;57800;105;16;5061;46689;8894;3529;11403;-184;1177;-17360;31;-2972;-1499;-3573;-3041;-6196;14;70;21;93;1094;2840;1034;6257;3785;1361;480;353;344
France;Données consolidées;2024-01-04;17:15;2024-01-04T17:15:00+01:00;;59800;57550;;;;;;;;;;;;;;;;;;;;;;;;;;;;;
France;Données consolidées;2024-01-04;18:00;2024-01-04T18:00:00+01:00;61970;62500;60600;105;14;5131;45399;12501;0;15877;-23;1194;-18122;30;-3014;-3070;-4211;-3200;-3236;15;69;21;93;1095;2891;1052;7004;5597;3277;478;364;352
France;Données consolidées;2024-01-04;19:15;2024-01-04T19:15:00+01:00;;63900;62550;;;;;;;;;;;;;;;;;;;;;;;;;;;;;
France;Données consolidées;2024-01-04;20:15;2024-01-04T20:15:00+01:00;;61050;59900;;;;;;;;;;;;;;;;;;;;;;;;;;;;;
France;Données consolidées;2024-01-04;22:30;2024-01-04T22:30:00+01:00;57193;56300;55500;111;16;4582;46675;12886;0;10478;-25;1237;-18666;29;-2713;-3078;-3942;-3200;-5222;15;75;21;90;1058;2382;1051;6146;3376;956;521;365;351
France;Données consolidées;2024-01-05;01:30;2024-01-05T01:30:00+01:00;53091;52400;52000;105;16;3310;46981;12079;0;8712;-2301;1252;-16958;25;-2615;-1589;-3380;-3200;-5619;13;71;21;85;1062;1115;1049;5753;2767;193;527;375;350
France;Données consolidées;2024-01-05;01:45;2024-01-05T01:45:00+01:00;;52400;52100;;;;;;;;;;;;;;;;;;;;;;;;;;;;;
France;Données consolidées;2024-01-05;04:15;2024-01-05T04:15:00+01:00;;48150;48050;;;;;;;;;;;;;;;;;;;;;;;;;;;;;
France;Données consolidées;2024-01-05;13:30;2024-01-05T13:30:00+01:00;62380;58800;60400;98;16;5550;47454;6332;3412;10435;-67;1204;-11954;34;-2885;2900;-4314;-3106;-4229;8;70;21;97;1165;3192;1096;6465;3517;452;483;371;349
France;Données consolidées;2024-01-05;15:30;2024-01-05T15:30:00+01:00;60948;57300;59300;99;17;5389;47557;5501;1850;11007;-24;1201;-11547;34;-2045;2913;-4341;-3195;-4803;8;70;21;103;1168;3024;1093;6372;4112;523;474;375;351
France;Données consolidées;2024-01-05;17:15;2024-01-05T17:15:00+01:00;;57150;59500;;;;;;;;;;;;;;;;;;;;;;;;;;;;;
France;Données consolidées;2024-01-05;19:00;2024-01-05T19:00:00+01:00;65628;62000;64000;99;17;5932;47574;4948;0;15444;-23;1209;-9473;36;-2843;2913;-4337;-2296;-2548;8;70;21;103;1157;3550;1123;7196;5129;3119;491;368;350
France;Données consolidées;2024-01-05;21:45;2024-01-05T21:45:00+01:00;;54600;57900;;;;;;;;;;;;;;;;;;;;;;;;;;;;;
France;Données consolidées;2024-01-05;22:00;2024-01-05T22:00:00+01:00;58457;54000;57400;101;16;5282;47596;5330;0;9814;-25;1229;-10757;36;-2971;2913;-3943;-2738;-3352;8;72;21;101;1133;2966;1082;6614;3032;168;511;369;349
France;Données consolidées;2024-01-05;23:00;2024-01-05T23:00:00+01:00;60350;57000;59500;99;16;5972;47491;5378;0;10134;-23;1227;-9829;39;-2934;2913;-2867;-3049;-3293;8;70;21;101;1131;3658;1082;6537;3133;463;506;373;347
France;Données consolidées;2024-01-05;23:30;2024-01-05T23:30:00+01:00;59283;56400;59300;99;16;5550;47557;5479;0;9667;-25;1235;-10202;37;-2934;2913;-2867;-3049;-3203;8;70;21;101;1117;3256;1077;6411;3062;194;513;374;348
France;Données consolidées;2024-01-06;00:30;2024-01-06T00:30:00+01:00;57814;56500;56400;99;13;3878;47797;5134;0;9615;-46;1222;-9798;29;-3014;3500;-2739;-3084;-3778;8;70;21;96;1072;1632;1078;6174;3337;104;507;371;344
France;Données consolidées;2024-01-06;01:45;2024-01-06T01:45:00+01:00;;54350;54850;;;;;;;;;;;;;;;;;;;;;;;;;;;;;
France;Données consolidées;2024-01-06;02:00;2024-01-06T02:00:00+01:00;55054;54200;54900;101;13;2677;47040;4847;0;8805;-237;1219;-9304;24;-2989;3390;-1625;-3072;-5005;8;72;21;96;1073;429;1079;5944;2527;334;505;370;343
France;Données consolidées;2024-01-06;02:30;2024-01-06T02:30:00+01:00;54669;52900;53500;101;13;2771;46927;4832;0;8338;-457;1225;-8975;25;-2989;3390;-1625;-3072;-5140;8;72;21;96;1064;532;1079;5927;2306;104;511;370;343
France;Données consolidées;2024-01-06;07:30;2024-01-06T07:30:00+01:00;54286;53000;53300;102;13;2921;47407;5624;0;8095;-621;1211;-10377;25;-2883;2876;-2146;-3172;-5046;10;71;21;101;1098;663;1058;6043;2046;6;493;375;343
France;Données consolidées;2024-01-06;07:45;2024-01-06T07:45:00+01:00;;53700;53950;;;;;;;;;;;;;;;;;;;;;;;;;;;;;
France;Données consolidées;2024-01-06;10:00;2024-01-06T10:00:00+01:00;59845;58500;58900;105;13;4816;47582;5486;1534;10240;-232;1224;-10813;33;-2416;3376;-2779;-3172;-6724;12;72;21;102;1137;2494;1083;6493;3457;290;503;376;344
France;Données consolidées;2024-01-06;11:45;2024-01-06T11:45:00+01:00;;60250;60650;;;;;;;;;;;;;;;;;;;;;;;;;;;;;
France;Données consolidées;2024-01-06;12:30;2024-01-06T12:30:00+01:00;62353;60200;61000;105;13;4500;47619;5634;4409;11296;-24;1221;-12317;29;-2971;3049;-3404;-3200;-6891;12;72;21;103;1137;2143;1117;6629;4107;560;498;375;347
France;Données consolidées;2024-01-06;13:00;2024-01-06T13:00:00+01:00;61868;59200;59900;105;13;4331;48117;6135;4479;10372;-27;1218;-12776;29;-3014;3098;-3770;-3200;-7213;12;72;21;103;1137;1978;1114;6590;3383;399;495;376;347
France;Données consolidées;2024-01-06;14:00;2024-01-06T14:00:00+01:00;59492;56900;57700;105;14;4135;48100;6681;3959;9559;-466;1211;-13705;28;-2989;3098;-3770;-3200;-7356;12;72;21;100;1128;1813;1093;6217;3101;241;500;363;348
France;Données consolidées;2024-01-06;16:00;2024-01-06T16:00:00+01:00;58228;55500;56300;103;14;4584;47781;7126;1672;9182;-878;1240;-12494;31;-3014;3237;-3808;-3200;-6052;12;70;21;100;1119;2274;1092;6161;2865;156;516;374;350
France;Données consolidées;2024-01-06;17:00;2024-01-06T17:00:00+01:00;57976;55800;56500;105;14;4731;47790;7258;300;10220;-626;1227;-12940;32;-3014;3220;-2899;-3200;-6603;14;70;21;101;1122;2400;1108;6261;3131;828;508;370;348
France;Données consolidées;2024-01-06;17:30;2024-01-06T17:30:00+01:00;59657;57500;58700;107;14;4783;47815;7254;20;11301;-552;1224;-12196;32;-3014;3220;-2899;-3200;-6500;15;71;21;103;1129;2441;1109;6486;3574;1241;506;370;347
France;Données consolidées;2024-01-06;18:30;2024-01-06T18:30:00+01:00;62978;59900;61500;107;14;4765;47871;7685;0;12821;-24;1221;-11380;31;-3014;3196;-2517;-3200;-6052;15;70;21;103;1145;2407;1110;6777;4408;1637;499;374;348
France;Données consolidées;2024-01-06;18:45;2024-01-06T18:45:00+01:00;;60400;62050;;;;;;;;;;;;;;;;;;;;;;;;;;;;;
France;Données consolidées;2024-01-06;20:30;2024-01-06T20:30:00+01:00;61880;59100;60000;106;13;4399;47847;7998;0;12359;-23;1227;-11944;29;-3014;2123;-2381;-3200;-5746;15;70;21;100;1150;2049;1100;6710;4225;1424;506;375;346
France;Données consolidées;2024-01-06;21:15;2024-01-06T21:15:00+01:00;;57750;58300;;;;;;;;;;;;;;;;;;;;;;;;;;;;;
France;Données consolidées;2024-01-06;23:15;2024-01-06T23:15:00+01:00;;59200;59000;;;;;;;;;;;;;;;;;;;;;;;;;;;;;
France;Données consolidées;2024-01-07;00:15;2024-01-07T00:15:00+01:00;;57300;57600;;;;;;;;;;;;;;;;;;;;;;;;;;;;;
France;Données consolidées;2024-01-07;01:15;2024-01-07T01:15:00+01:00;;54700;55300;;;;;;;;;;;;;;;;;;;;;;;;;;;;;
France;Données consolidées;2024-01-07;02:45;2024-01-07T02:45:00+01:00;;52850;53800;;;;;;;;;;;;;;;;;;;;;;;;;;;;;
France;Données consolidées;2024-01-07;04:45;2024-01-07T04:45:00+01:00;;49750;50150;;;;;;;;;;;;;;;;;;;;;;;;;;;;;
France;Données consolidées;2024-01-07;07:15;2024-01-07T07:15:00+01:00;;52650;53000;;;;;;;;;;;;;;;;;;;;;;;;;;;;;
France;Données consolidées;2024-01-07;12:00;2024-01-07T12:00:00+01:00;64823;63900;64100;109;15;3339;49232;7558;3666;9785;-190;1189;-9772;24;-2983;3237;-2878;-2251;-5119;16;72;21;93;1151;1001;1095;5933;2729;1123;503;343;343
France;Données consolidées;2024-01-07;15:00;2024-01-07T15:00:00+01:00;61556;61700;60300;109;15;3276;48651;8581;2255;7730;-454;1174;-9687;25;-3014;3191;-3042;-3200;-5528;15;72;21;96;1240;842;1097;5743;1786;201;490;341;342
France;Données consolidées;2024-01-07;16:30;2024-01-07T16:30:00+01:00;60543;59900;59000;110;15;4007;48473;9032;631;9094;-85;1187;-11827;28;-3014;3177;-4037;-3200;-5460;16;74;21;98;1230;1587;1093;5959;2646;490;494;350;342
France;Données consolidées;2024-01-07;17:30;2024-01-07T17:30:00+01:00;62569;62600;61300;109;16;4732;48628;9529;20;10084;-85;1196;-11548;31;-3014;3023;-2795;-3200;-5408;16;72;21;104;1232;2279;1116;6340;2880;864;497;360;339
France;Données consolidées;2024-01-07;18:30;2024-01-07T18:30:00+01:00;66865;65800;65600;110;16;4636;49254;10380;0;11720;-28;1187;-10307;29;-3014;2593;-2589;-3200;-3426;15;73;21;104;1232;2187;1112;6550;3759;1411;486;361;340
France;Données consolidées;2024-01-07;19:30;2024-01-07T19:30:00+01:00;68834;66900;66700;110;15;5117;49331;11138;0;12470;-28;1182;-10402;30;-3014;775;-2152;-3200;-2760;15;74;21;104;1234;2662;1117;6476;4130;1864;480;360;341
France;Données consolidées;2024-01-07;19:45;2024-01-07T19:45:00+01:00;;66500;66250;;;;;;;;;;;;;;;;;;;;;;;;;;;;;
France;Données consolidées;2024-01-07;20:15;2024-01-07T20:15:00+01:00;;65450;65150;;;;;;;;;;;;;;;;;;;;;;;;;;;;;
France;Données consolidées;2024-01-07;22:00;2024-01-07T22:00:00+01:00;63129;61700;61300;110;15;4778;49270;11986;0;8686;-641;1181;-12149;30;-2898;-2120;-2609;-2949;-721;16;73;21;101;1239;2333;1104;6265;2327;94;479;359;343
France;Données consolidées;2024-01-08;05:15;2024-01-08T05:15:00+01:00;;58650;58350;;;;;;;;;;;;;;;;;;;;;;;;;;;;;
France;Données consolidées;2024-01-08;10:15;2024-01-08T10:15:00+01:00;;77050;76500;;;;;;;;;;;;;;;;;;;;;;;;;;;;;
France;Données consolidées;2024-01-08;11:00;2024-01-08T11:00:00+01:00;78239;76800;76800;111;15;7602;49341;10088;2035;14739;-29;1103;-6666;39;-490;2450;-4485;-3200;1665;16;74;21;98;1466;4830;1207;6840;5526;2372;453;326;324
France;Données consolidées;2024-01-08;14:00;2024-01-08T14:00:00+01:00;76678;74300;75200;112;15;7545;49357;9720;2880;10510;-29;1117;-4343;40;-573;1317;-4485;-3200;2058;16;75;21;101;1506;4705;1233;6114;3984;413;459;326;332
France;Données consolidées;2024-01-08;15:00;2024-01-08T15:00:00+01:00;76856;74000;75100;110;15;8216;49355;8757;2330;11675;-28;1126;-4554;43;927;1300;-4458;-3159;-1062;16;74;21;104;1530;5347;1235;6387;4177;1111;462;334;330
France;Données consolidées;2024-01-08;15:15;2024-01-08T15:15:00+01:00;;73600;75050;;;;;;;;;;;;;;;;;;;;;;;;;;;;;
France;Données consolidées;2024-01-08;15:30;2024-01-08T15:30:00+01:00;76620;73200;75000;110;16;8140;49358;8432;1753;13890;-28;1121;-6093;42;927;1300;-4458;-3149;-1121;16;74;20;104;1526;5268;1242;6521;5317;2053;457;331;333
France;Données consolidées;2024-01-08;17:15;2024-01-08T17:15:00+01:00;;74400;74750;;;;;;;;;;;;;;;;;;;;;;;;;;;;;
France;Données consolidées;2024-01-08;19:45;2024-01-08T19:45:00+01:00;;77700;79150;;;;;;;;;;;;;;;;;;;;;;;;;;;;;
France;Données consolidées;2024-01-08;20:30;2024-01-08T20:30:00+01:00;78520;74600;75800;108;18;8652;49390;6996;0;14946;-28;1140;-2603;45;569;-1850;-4413;-2772;5888;13;74;21;109;1588;5733;1222;7066;5852;2028;450;344;345
France;Données consolidées;2024-01-08;23:00;2024-01-08T23:00:00+01:00;74676;71900;72800;108;16;8388;49483;5955;0;12140;-28;1145;-2425;46;2357;-1850;-4191;-3175;5141;13;73;21;106;1539;5556;1187;6611;4715;814;468;333;344
France;Données consolidées;2024-01-08;23:15;2024-01-08T23:15:00+01:00;;71650;72350;;;;;;;;;;;;;;;;;;;;;;;;;;;;;
France;Données consolidées;2024-01-09;00:15;2024-01-09T00:15:00+01:00;;69150;70400;;;;;;;;;;;;;;;;;;;;;;;;;;;;;
France;Données consolidées;2024-01-09;01:45;2024-01-09T01:45:00+01:00;;67400;68900;;;;;;;;;;;;;;;;;;;;;;;;;;;;;
France;Données consolidées;2024-01-09;03:00;2024-01-09T03:00:00+01:00;68514;65000;66700;106;19;8242;49440;4965;0;8850;-1583;1138;-2564;50;1576;-2112;-3322;-2222;2884;14;71;21;101;1484;5465;1192;5928;2917;6;474;326;338
France;Données consolidées;2024-01-09;03:15;2024-01-09T03:15:00+01:00;;64400;66250;;;;;;;;;;;;;;;;;;;;;;;;;;;;;
France;Données consolidées;2024-01-09;04:00;2024-01-09T04:00:00+01:00;66776;63000;65200;107;19;7948;49626;5221;0;8461;-1584;1132;-4040;48;1580;-1928;-3711;-2234;2501;13;72;21;101;1483;5165;1199;5874;2581;6;469;327;336
France;Données consolidées;2024-01-09;05:00;2024-01-09T05:00:00+01:00;66899;63700;65600;106;202;7904;49836;5270;0;9192;-2082;1116;-4549;50;2497;-2242;-3671;-2714;3811;14;71;21;101;1487;5118;1198;5831;3355;6;468;318;330
France;Données consolidées;2024-01-09;06:15;2024-01-09T06:15:00+01:00;;69000;71350;;;;;;;;;;;;;;;;;;;;;;;;;;;;;
France;Données consolidées;2024-01-09;06:45;2024-01-09T06:45:00+01:00;;72100;74350;;;;;;;;;;;;;;;;;;;;;;;;;;;;;
France;Données consolidées;2024-01-09;09:00;2024-01-09T09:00:00+01:00;82953;79600;81100;105;355;8673;50105;4679;215;16548;-28;1093;1310;49;1552;-489;-3671;-299;4792;14;71;21;109;1587;5723;1253;7204;6295;3049;443;321;328
France;Données consolidées;2024-01-09;11:00;2024-01-09T11:00:00+01:00;83248;79500;81700;109;355;8545;50093;4495;3296;12710;-23;1090;2682;49;1861;-105;-3781;-1018;6089;14;74;21;109;1603;5591;1242;6726;5100;884;444;318;327
France;Données consolidées;2024-01-09;11:15;2024-01-09T11:15:00+01:00;;79700;82000;;;;;;;;;;;;;;;;;;;;;;;;;;;;;
France;Données consolidées;2024-01-09;12:00;2024-01-09T12:00:00+01:00;83416;79900;82400;107;356;8342;50100;4585;4404;11515;-23;1088;3041;48;2031;-285;-3268;-3079;7309;14;72;21;109;1597;5377;1259;6469;4207;839;444;321;322
France;Données consolidées;2024-01-09;12:30;2024-01-09T12:30:00+01:00;82777;79200;81600;108;486;8579;50098;4484;4735;11363;-23;1108;1949;51;2031;-285;-3268;-3105;7128;14;74;21;109;1589;5622;1260;6283;4028;1052;458;326;324
France;Données consolidées;2024-01-09;13:30;2024-01-09T13:30:00+01:00;80368;76800;79500;107;572;8561;49558;4365;4601;10598;-27;1087;1043;53;1925;-1195;-3763;-1735;5756;14;72;21;108;1573;5623;1257;6200;4278;120;425;332;330
France;Données consolidées;2024-01-09;13:45;2024-01-09T13:45:00+01:00;;76850;79150;;;;;;;;;;;;;;;;;;;;;;;;;;;;;
France;Données consolidées;2024-01-09;15:30;2024-01-09T15:30:00+01:00;79022;75100;77200;106;610;8326;50073;4442;2813;11832;-28;1105;-150;52;2282;677;-3975;-1479;2478;13;72;21;108;1624;5323;1271;6430;4992;410;423;348;334
France;Données consolidées;2024-01-09;16:00;2024-01-09T16:00:00+01:00;78434;74900;76700;107;20;8535;50084;4176;1989;12464;-28;1106;-31;46;2392;750;-3421;-950;-234;14;72;21;108;1628;5534;1264;6658;5239;567;423;343;340
France;Données consolidées;2024-01-09;19:15;2024-01-09T19:15:00+01:00;;80700;83600;;;;;;;;;;;;;;;;;;;;;;;;;;;;;
France;Données consolidées;2024-01-09;20:15;2024-01-09T20:15:00+01:00;;77450;80250;;;;;;;;;;;;;;;;;;;;;;;;;;;;;
France;Données consolidées;2024-01-09;20:30;2024-01-09T20:30:00+01:00;81127;76400;79200;959;18;8757;50574;3622;0;14787;-28;1116;1421;55;1323;-1609;-2492;-653;5276;878;60;21;110;1657;5744;1246;7121;5502;2164;429;344;344
France;Données consolidées;2024-01-09;21:00;2024-01-09T21:00:00+01:00;78978;74300;77000;963;18;8806;50690;3369;0;13072;-28;1109;1079;56;2012;-1900;-3940;917;4195;881;61;21;110;1637;5822;1238;6930;4744;1398;430;335;344
France;Données consolidées;2024-01-09;21:15;2024-01-09T21:15:00+01:00;;73450;76150;;;;;;;;;;;;;;;;;;;;;;;;;;;;;
France;Données consolidées;2024-01-09;22:00;2024-01-09T22:00:00+01:00;75449;71100;73700;961;18;8654;50755;2929;0;10616;-205;1123;714;58;2548;-998;-4300;-1542;5219;877;62;21;110;1588;5735;1221;6746;3779;90;433;345;345
France;Données consolidées;2024-01-09;23:15;2024-01-09T23:15:00+01:00;;73850;76450;;;;;;;;;;;;;;;;;;;;;;;;;;;;;
France;Données consolidées;2024-01-10;00:15;2024-01-10T00:15:00+01:00;;73750;72400;;;;;;;;;;;;;;;;;;;;;;;;;;;;;
France;Données consolidées;2024-01-10;00:45;2024-01-10T00:45:00+01:00;;71900;71300;;;;;;;;;;;;;;;;;;;;;;;;;;;;;
France;Données consolidées;2024-01-10;03:30;2024-01-10T03:30:00+01:00;68893;68400;67600;94;18;8285;50970;2426;0;8467;-870;1121;-1513;50;2142;-418;-2760;-3085;2625;13;60;21;103;1486;5500;1196;5770;2691;6;442;342;336
France;Données consolidées;2024-01-10;04:45;2024-01-10T04:45:00+01:00;;67650;66750;;;;;;;;;;;;;;;;;;;;;;;;;;;;;
France;Données consolidées;2024-01-10;05:00;2024-01-10T05:00:00+01:00;67853;67800;67100;94;18;8556;50835;2466;0;8582;-1060;1104;-2643;51;2948;659;-2954;-3026;858;13;60;21;103;1489;5767;1198;5768;2808;6;433;333;337
France;Données consolidées;2024-01-10;08:00;2024-01-10T08:00:00+01:00;81548;82000;80400;93;19;9224;50967;2370;0;15923;-84;1085;2034;48;2512;900;-879;-1489;1002;13;59;21;104;1623;6239;1258;6998;6185;2740;420;334;330
France;Données consolidées;2024-01-10;08:30;2024-01-10T08:30:00+01:00;82960;83200;81600;93;18;9155;50958;2378;4;17475;-27;1082;1922;47;2512;900;-879;-1489;1057;13;59;21;109;1612;6167;1267;7105;6659;3711;418;331;333
France;Données consolidées;2024-01-10;08:45;2024-01-10T08:45:00+01:00;;83400;81800;;;;;;;;;;;;;;;;;;;;;;;;;;;;;
France;Données consolidées;2024-01-10;10:00;2024-01-10T10:00:00+01:00;83845;84300;82800;89;15;9128;50941;2174;727;15826;-23;1056;3991;48;611;900;-707;-1245;4218;13;58;18;110;1595;6171;1251;7008;6395;2423;417;316;323
France;Données consolidées;2024-01-10;12:00;2024-01-10T12:00:00+01:00;85023;84500;83800;97;14;9095;50882;1678;1982;14108;-28;1039;6262;48;42;1100;-1983;-1591;7878;14;65;18;106;1629;6091;1269;6533;5389;2185;412;298;329
France;Données consolidées;2024-01-10;12:30;2024-01-10T12:30:00+01:00;84119;83700;83200;98;14;9118;50903;1652;2105;13482;-29;1063;5817;49;42;1100;-1983;-1717;7674;14;63;21;109;1646;6095;1269;6440;5375;1668;422;309;332
France;Données consolidées;2024-01-10;13:30;2024-01-10T13:30:00+01:00;81707;81700;80500;102;14;9109;50920;1635;2106;12474;-30;1076;4410;49;249;1100;-1284;-2131;6458;14;67;21;111;1661;6072;1265;6384;4843;1248;438;306;331
France;Données consolidées;2024-01-10;13:45;2024-01-10T13:45:00+01:00;;81250;80550;;;;;;;;;;;;;;;;;;;;;;;;;;;;;
France;Données consolidées;2024-01-10;14:15;2024-01-10T14:15:00+01:00;;81050;80200;;;;;;;;;;;;;;;;;;;;;;;;;;;;;
France;Données consolidées;2024-01-10;14:30;2024-01-10T14:30:00+01:00;81110;81300;79800;102;13;9114;50918;1630;1631;12878;-370;1073;4229;50;1436;1100;-1387;-2957;5531;14;67;21;107;1645;6088;1273;6344;5055;1479;434;307;331
France;Données consolidées;2024-01-10;14:45;2024-01-10T14:45:00+01:00;;80850;79500;;;;;;;;;;;;;;;;;;;;;;;;;;;;;
France;Données consolidées;2024-01-10;15:15;2024-01-10T15:15:00+01:00;;79950;78750;;;;;;;;;;;;;;;;;;;;;;;;;;;;;
France;Données consolidées;2024-01-10;20:15;2024-01-10T20:15:00+01:00;;81100;80250;;;;;;;;;;;;;;;;;;;;;;;;;;;;;
France;Données consolidées;2024-01-10;21:00;2024-01-10T21:00:00+01:00;78401;78300;77300;755;10;8893;50793;4226;0;13217;-22;1117;-492;54;879;644;-2650;-1562;2072;665;68;21;103;1628;5909;1253;7013;5222;983;448;321;348
France;Données consolidées;2024-01-10;22:30;2024-01-10T22:30:00+01:00;75075;75700;74500;753;11;8965;50795;4540;0;10746;-199;1125;-1558;56;1823;1400;-2798;-2729;1844;662;69;21;99;1588;6059;1218;6609;4003;133;444;335;346
France;Données consolidées;2024-01-10;23:00;2024-01-10T23:00:00+01:00;76296;77500;76200;753;10;8872;50797;4686;0;11164;-199;1124;-807;55;1786;1400;-2914;-1961;1390;662;69;21;100;1570;5992;1211;6684;4170;310;447;330;347
France;Données consolidées;2024-01-11;00:30;2024-01-11T00:30:00+01:00;73480;72100;71400;104;6;8726;50878;4721;0;10912;-441;1140;-2453;48;2429;1700;-3405;-2732;-697;14;69;21;95;1476;5928;1227;6293;4490;129;452;346;342
France;Données consolidées;2024-01-11;01:00;2024-01-11T01:00:00+01:00;71152;70200;69300;105;6;8432;50801;4702;0;10132;-581;1135;-3477;48;2294;1700;-3181;-2483;-2580;14;70;21;95;1471;5639;1227;6200;3828;104;453;340;342
France;Données consolidées;2024-01-11;02:45;2024-01-11T02:45:00+01:00;;69300;69000;;;;;;;;;;;;;;;;;;;;;;;;;;;;;
France;Données consolidées;2024-01-11;04:00;2024-01-11T04:00:00+01:00;68264;66600;66700;106;8;8504;50169;5878;0;9463;-1574;1129;-5311;49;2288;1700;-3282;-3000;-3305;14;71;21;95;1442;5750;1217;5831;3626;6;453;347;330
France;Données consolidées;2024-01-11;05:45;2024-01-11T05:45:00+01:00;;70000;69800;;;;;;;;;;;;;;;;;;;;;;;;;;;;;
France;Données consolidées;2024-01-11;06:00;2024-01-11T06:00:00+01:00;71637;70900;70900;104;254;8813;50132;5667;0;10373;-751;1106;-3952;52;3013;1000;-3431;-2458;-146;15;68;21;98;1475;6022;1218;5947;4144;282;438;339;330
France;Données consolidées;2024-01-11;08:15;2024-01-11T08:15:00+01:00;;82600;81000;;;;;;;;;;;;;;;;;;;;;;;;;;;;;
France;Données consolidées;2024-01-11;09:15;2024-01-11T09:15:00+01:00;;83350;81550;;;;;;;;;;;;;;;;;;;;;;;;;;;;;
France;Données consolidées;2024-01-11;09:30;2024-01-11T09:30:00+01:00;83565;83400;81700;574;581;9153;50184;6904;530;16036;-22;1075;-1343;56;667;1000;-874;-822;-463;485;68;21;103;1625;6191;1234;7049;6131;2856;423;333;320
France;Données consolidées;2024-01-11;11:00;2024-01-11T11:00:00+01:00;82228;82500;80800;576;464;9112;50218;5299;2597;13753;-24;1072;-741;56;79;1300;-2235;-1816;3829;486;69;21;100;1692;6073;1247;6974;5341;1438;411;339;321
France;Données consolidées;2024-01-11;11:15;2024-01-11T11:15:00+01:00;;82550;80800;;;;;;;;;;;;;;;;;;;;;;;;;;;;;
France;Données consolidées;2024-01-11;11:45;2024-01-11T11:45:00+01:00;;82700;80600;;;;;;;;;;;;;;;;;;;;;;;;;;;;;
France;Données consolidées;2024-01-11;14:00;2024-01-11T14:00:00+01:00;76717;79900;75000;504;11;9155;50244;5707;4472;9880;-103;1101;-4126;51;-461;1300;-3404;-346;-532;413;70;21;103;1698;6087;1266;6584;3203;93;427;336;337
France;Données consolidées;2024-01-11;15:15;2024-01-11T15:15:00+01:00;;78000;73700;;;;;;;;;;;;;;;;;;;;;;;;;;;;;
France;Données consolidées;2024-01-11;17:45;2024-01-11T17:45:00+01:00;;79150;76700;;;;;;;;;;;;;;;;;;;;;;;;;;;;;
France;Données consolidées;2024-01-11;18:00;2024-01-11T18:00:00+01:00;79568;80500;78000;101;404;9121;50211;10317;0;14236;-14;1124;-5779;49;-674;2000;-2034;-2337;-310;13;67;21;110;1618;6118;1274;7057;5379;1800;430;348;345
France;Données consolidées;2024-01-11;19:15;2024-01-11T19:15:00+01:00;;83500;80750;;;;;;;;;;;;;;;;;;;;;;;;;;;;;
France;Données consolidées;2024-01-11;20:15;2024-01-11T20:15:00+01:00;;80200;77750;;;;;;;;;;;;;;;;;;;;;;;;;;;;;
France;Données consolidées;2024-01-11;21:15;2024-01-11T21:15:00+01:00;;76550;74350;;;;;;;;;;;;;;;;;;;;;;;;;;;;;
France;Données consolidées;2024-01-11;22:30;2024-01-11T22:30:00+01:00;74377;75000;73100;99;354;8747;49407;7284;0;11778;-15;1151;-4325;51;1293;1321;-3104;-2851;-583;15;64;21;106;1440;5991;1210;6582;4546;650;445;362;343
France;Données consolidées;2024-01-11;23:45;2024-01-11T23:45:00+01:00;;73500;72750;;;;;;;;;;;;;;;;;;;;;;;;;;;;;
France;Données consolidées;2024-01-12;02:45;2024-01-12T02:45:00+01:00;;68050;68500;;;;;;;;;;;;;;;;;;;;;;;;;;;;;
France;Données consolidées;2024-01-12;03:15;2024-01-12T03:15:00+01:00;;67150;67150;;;;;;;;;;;;;;;;;;;;;;;;;;;;;
France;Données consolidées;2024-01-12;03:45;2024-01-12T03:45:00+01:00;;66500;66200;;;;;;;;;;;;;;;;;;;;;;;;;;;;;
France;Données consolidées;2024-01-12;05:45;2024-01-12T05:45:00+01:00;;68800;69150;;;;;;;;;;;;;;;;;;;;;;;;;;;;;
France;Données consolidées;2024-01-12;06:15;2024-01-12T06:15:00+01:00;;71300;71450;;;;;;;;;;;;;;;;;;;;;;;;;;;;;
France;Données consolidées;2024-01-12;07:15;2024-01-12T07:15:00+01:00;;76800;76800;;;;;;;;;;;;;;;;;;;;;;;;;;;;;
France;Données consolidées;2024-01-12;09:00;2024-01-12T09:00:00+01:00;82171;80300;80200;104;558;9020;49489;5934;330;15849;-71;1144;-83;53;-540;1400;-3366;745;705;14;69;21;106;1444;6230;1241;7023;6150;2676;453;354;337
France;Données consolidées;2024-01-12;12:00;2024-01-12T12:00:00+01:00;81017;78500;80300;104;894;8861;49457;4256;5046;13406;-15;1096;-1993;55;-2801;1600;-500;-955;-618;15;68;21;105;1422;6097;1236;6954;5191;1260;437;325;333
France;Données consolidées;2024-01-12;13:00;2024-01-12T13:00:00+01:00;78517;75100;77200;105;979;8698;49462;4000;5582;12724;-186;1102;-3841;56;-2914;1600;-904;-1404;-821;15;68;21;104;1431;5926;1238;6788;5173;763;435;321;345
France;Données consolidées;2024-01-12;13:45;2024-01-12T13:45:00+01:00;;73650;76300;;;;;;;;;;;;;;;;;;;;;;;;;;;;;
France;Données consolidées;2024-01-12;14:30;2024-01-12T14:30:00+01:00;76331;72700;75200;105;979;8714;49475;3942;4927;11837;-186;1106;-4463;57;-2355;1600;-1363;-1533;-564;15;69;21;103;1429;5938;1243;6692;4765;380;442;316;347
France;Données consolidées;2024-01-12;15:00;2024-01-12T15:00:00+01:00;75803;71500;74400;106;982;8718;49474;4085;4259;12054;-186;1102;-4677;57;-2180;1700;-2126;-1080;-1390;15;70;21;105;1431;5955;1226;6692;5044;317;437;318;346
France;Données consolidées;2024-01-12;16:30;2024-01-12T16:30:00+01:00;73862;69500;72000;105;1042;8845;49411;4372;1417;13476;-17;1119;-5801;59;-1556;1700;-3644;-127;-2610;16;68;21;105;1422;6067;1251;6707;5473;1295;442;321;355
France;Données consolidées;2024-01-12;17:15;2024-01-12T17:15:00+01:00;;71300;73500;;;;;;;;;;;;;;;;;;;;;;;;;;;;;
France;Données consolidées;2024-01-12;17:45;2024-01-12T17:45:00+01:00;;73650;75700;;;;;;;;;;;;;;;;;;;;;;;;;;;;;
France;Données consolidées;2024-01-12;18:45;2024-01-12T18:45:00+01:00;;77300;79000;;;;;;;;;;;;;;;;;;;;;;;;;;;;;
France;Données consolidées;2024-01-12;19:45;2024-01-12T19:45:00+01:00;;76650;78150;;;;;;;;;;;;;;;;;;;;;;;;;;;;;
France;Données consolidées;2024-01-12;20:45;2024-01-12T20:45:00+01:00;;73800;75200;;;;;;;;;;;;;;;;;;;;;;;;;;;;;
France;Données consolidées;2024-01-12;21:00;2024-01-12T21:00:00+01:00;75455;73200;74600;100;584;8171;49530;4146;0;13255;-67;1148;-1316;53;37;-547;-4043;828;1554;14;64;21;105;1361;5540;1165;6912;5130;1213;470;325;353
France;Données consolidées;2024-01-12;21:15;2024-01-12T21:15:00+01:00;;72550;73900;;;;;;;;;;;;;;;;;;;;;;;;;;;;;
France;Données consolidées;2024-01-12;21:30;2024-01-12T21:30:00+01:00;73988;71900;73200;102;534;8238;49540;3867;0;12787;-71;1151;-2058;53;37;-547;-4043;828;1604;15;66;21;106;1326;5644;1163;6697;5140;950;476;322;353
France;Données consolidées;2024-01-12;22:15;2024-01-12T22:15:00+01:00;;71450;72650;;;;;;;;;;;;;;;;;;;;;;;;;;;;;
France;Données consolidées;2024-01-12;23:15;2024-01-12T23:15:00+01:00;;73050;74100;;;;;;;;;;;;;;;;;;;;;;;;;;;;;
France;Données consolidées;2024-01-13;00:00;2024-01-13T00:00:00+01:00;72970;71600;72200;104;350;8419;48836;2640;0;10767;-51;1139;868;54;-269;555;-3794;-2377;5625;15;68;21;103;1329;5832;1156;6316;4095;356;470;320;348
France;Données consolidées;2024-01-13;00:15;2024-01-13T00:15:00+01:00;;70900;71350;;;;;;;;;;;;;;;;;;;;;;;;;;;;;
France;Données consolidées;2024-01-13;00:45;2024-01-13T00:45:00+01:00;;69300;69550;;;;;;;;;;;;;;;;;;;;;;;;;;;;;
France;Données consolidées;2024-01-13;02:45;2024-01-13T02:45:00+01:00;;66750;67850;;;;;;;;;;;;;;;;;;;;;;;;;;;;;
France;Données consolidées;2024-01-13;03:00;2024-01-13T03:00:00+01:00;67636;66000;67000;104;359;5695;48418;1811;0;9028;-192;1143;1372;44;-269;833;-3210;-2335;5459;15;68;21;98;1321;3130;1145;5991;2516;522;477;319;346
France;Données consolidées;2024-01-13;04:00;2024-01-13T04:00:00+01:00;65567;63900;64800;102;359;5778;47738;1525;0;8788;-538;1131;788;46;99;1278;-3545;-2302;3860;15;66;21;98;1320;3212;1147;5920;2347;521;474;313;344
France;Données consolidées;2024-01-13;06:00;2024-01-13T06:00:00+01:00;65722;64900;65700;103;357;5752;48679;1167;0;8451;-529;1126;720;46;51;2000;-3815;-2385;4774;15;67;21;102;1337;3163;1151;5581;2863;7;475;309;342
France;Données consolidées;2024-01-13;06:15;2024-01-13T06:15:00+01:00;;65600;66000;;;;;;;;;;;;;;;;;;;;;;;;;;;;;
France;Données consolidées;2024-01-13;07:30;2024-01-13T07:30:00+01:00;69212;68500;68800;104;357;7027;48666;1133;0;9739;-187;1119;1353;50;-288;2187;-3592;-2362;5058;15;68;21;103;1362;4424;1138;6108;3625;7;467;311;342
France;Données consolidées;2024-01-13;07:45;2024-01-13T07:45:00+01:00;;69300;69700;;;;;;;;;;;;;;;;;;;;;;;;;;;;;
France;Données consolidées;2024-01-13;09:30;2024-01-13T09:30:00+01:00;75020;73800;74900;105;358;8073;48483;953;832;13596;-65;1126;1646;51;166;1750;-3585;-1461;4425;15;69;21;106;1365;5465;1137;6471;5936;1189;464;317;344
France;Données consolidées;2024-01-13;10:15;2024-01-13T10:15:00+01:00;;74450;76100;;;;;;;;;;;;;;;;;;;;;;;;;;;;;
France;Données consolidées;2024-01-13;15:00;2024-01-13T15:00:00+01:00;72415;66600;72200;647;356;8339;49129;669;4608;10172;-185;1124;-2342;58;-2249;2300;-3311;-1660;2970;559;67;21;311;1401;5491;1136;5983;4118;71;463;310;351
France;Données consolidées;2024-01-13;15:45;2024-01-13T15:45:00+01:00;;65750;70450;;;;;;;;;;;;;;;;;;;;;;;;;;;;;
France;Données consolidées;2024-01-13;17:00;2024-01-13T17:00:00+01:00;70738;66300;70400;103;357;8661;49152;666;469;12487;-15;1134;-2171;55;-1827;2324;-3388;885;1847;14;67;21;105;1378;6035;1143;6395;5036;1056;466;313;354
France;Données consolidées;2024-01-13;17:45;2024-01-13T17:45:00+01:00;;69900;73450;;;;;;;;;;;;;;;;;;;;;;;;;;;;;
France;Données consolidées;2024-01-13;18:00;2024-01-13T18:00:00+01:00;74902;71200;74600;238;358;8741;49168;897;0;14346;-14;1135;130;55;-1369;2291;-3592;1300;3055;148;68;21;106;1375;6116;1143;6737;5840;1769;467;314;354
France;Données consolidées;2024-01-13;21:15;2024-01-13T21:15:00+01:00;;69850;71850;;;;;;;;;;;;;;;;;;;;;;;;;;;;;
France;Données consolidées;2024-01-13;23:00;2024-01-13T23:00:00+01:00;74133;71500;73000;104;384;8590;49583;608;0;11414;-14;1121;2440;56;-221;1081;-3770;-2294;7637;15;68;21;97;1343;6026;1124;6354;4658;401;469;307;345
France;Données consolidées;2024-01-14;00:15;2024-01-14T00:15:00+01:00;;70700;71500;;;;;;;;;;;;;;;;;;;;;;;;;;;;;
France;Données consolidées;2024-01-14;01:30;2024-01-14T01:30:00+01:00;69567;68500;69600;107;13;5707;50289;731;0;10737;-193;1103;1170;38;-2939;2728;-2544;-2219;6412;15;70;21;93;1350;3155;1109;6145;4299;293;464;291;348
France;Données consolidées;2024-01-14;03:30;2024-01-14T03:30:00+01:00;66380;64300;65500;105;14;3909;50339;568;0;9356;-622;1112;1707;30;-2902;2728;-1804;-2350;6144;15;69;21;93;1318;1387;1111;5700;3650;6;464;299;349
France;Données consolidées;2024-01-14;04:45;2024-01-14T04:45:00+01:00;;62350;63500;;;;;;;;;;;;;;;;;;;;;;;;;;;;;
France;Données consolidées;2024-01-14;05:00;2024-01-14T05:00:00+01:00;63884;62200;63400;106;14;3724;50567;521;0;8630;-1471;1109;789;30;-2300;2728;-2480;-2385;5794;15;70;21;93;1317;1202;1112;5574;3050;6;463;300;345
France;Données consolidées;2024-01-14;06:00;2024-01-14T06:00:00+01:00;64327;62700;63900;105;13;3852;50551;715;0;8669;-1957;1097;1391;31;-2480;2728;-2228;-2385;6941;15;68;21;93;1327;1322;1111;5429;3233;6;458;294;345
France;Données consolidées;2024-01-14;06:30;2024-01-14T06:30:00+01:00;65174;63500;64500;105;14;3734;50527;780;0;8544;-1947;1099;2423;30;-2480;2728;-2228;-2385;6869;15;69;21;93;1331;1200;1111;5526;3012;6;456;299;344
France;Données consolidées;2024-01-14;06:45;2024-01-14T06:45:00+01:00;;63800;64800;;;;;;;;;;;;;;;;;;;;;;;;;;;;;
France;Données consolidées;2024-01-14;07:45;2024-01-14T07:45:00+01:00;;65300;66100;;;;;;;;;;;;;;;;;;;;;;;;;;;;;
France;Données consolidées;2024-01-14;08:45;2024-01-14T08:45:00+01:00;;67000;68150;;;;;;;;;;;;;;;;;;;;;;;;;;;;;
France;Données consolidées;2024-01-14;10:45;2024-01-14T10:45:00+01:00;;71350;73950;;;;;;;;;;;;;;;;;;;;;;;;;;;;;
France;Données consolidées;2024-01-14;11:00;2024-01-14T11:00:00+01:00;74519;71600;74100;105;14;5731;50217;956;2642;11320;-54;1117;2580;36;-2547;2728;-1992;-1187;4795;15;69;21;92;1356;3159;1123;5937;4109;1274;461;308;347
France;Données consolidées;2024-01-14;14:30;2024-01-14T14:30:00+01:00;69908;67000;69800;105;15;5757;50158;987;3739;9269;-16;1131;-1136;37;-2386;2412;-2295;-2123;3277;15;69;21;92;1363;3182;1120;5785;3479;6;465;318;347
France;Données consolidées;2024-01-14;16:00;2024-01-14T16:00:00+01:00;68286;65000;67200;103;15;5882;50432;941;1357;10298;-15;1138;-1767;38;-1504;2728;-3824;-1958;2361;15;67;21;92;1370;3298;1121;5887;4299;111;467;320;352
France;Données consolidées;2024-01-14;17:30;2024-01-14T17:30:00+01:00;69345;67800;68800;102;15;6163;51057;994;21;12212;-15;1138;-2237;39;-1863;2728;-3611;-492;1663;15;66;21;95;1372;3582;1114;6403;4806;1004;461;323;353
France;Données consolidées;2024-01-14;20:15;2024-01-14T20:15:00+01:00;;72150;73300;;;;;;;;;;;;;;;;;;;;;;;;;;;;;
France;Données consolidées;2024-01-14;23:00;2024-01-14T23:00:00+01:00;70397;70000;71600;104;17;4390;51106;2374;0;10177;-71;1137;1262;31;-1299;2138;-3320;-2385;6837;15;67;21;92;1369;1815;1113;5926;3986;265;470;320;347
France;Données consolidées;2024-01-14;23:30;2024-01-14T23:30:00+01:00;69120;69200;71200;104;16;4300;51114;2308;0;9418;-587;1128;1430;31;-1299;2138;-3320;-2385;6970;15;67;21;93;1349;1746;1112;5715;3698;6;462;316;349
France;Données consolidées;2024-01-14;23:45;2024-01-14T23:45:00+01:00;;69800;69200;;;;;;;;;;;;;;;;;;;;;;;;;;;;;
France;Données consolidées;2024-01-15;00:15;2024-01-15T00:15:00+01:00;;69550;66650;;;;;;;;;;;;;;;;;;;;;;;;;;;;;
France;Données consolidées;2024-01-15;01:00;2024-01-15T01:00:00+01:00;65499;66800;64900;105;16;3773;51254;2559;0;8477;-1875;1129;165;29;-1848;2691;-2219;-2360;4496;15;69;21;93;1290;1281;1109;5647;2824;6;464;314;350
France;Données consolidées;2024-01-15;01:15;2024-01-15T01:15:00+01:00;;67200;64850;;;;;;;;;;;;;;;;;;;;;;;;;;;;;
France;Données consolidées;2024-01-15;02:00;2024-01-15T02:00:00+01:00;65187;67900;65000;104;17;3760;51366;2743;0;8037;-2098;1145;211;30;-2177;2722;-2086;-2380;4642;15;68;21;93;1275;1285;1107;5571;2460;6;474;320;350
France;Données consolidées;2024-01-15;02:30;2024-01-15T02:30:00+01:00;65257;67000;64100;105;17;3951;51472;2710;0;7905;-2320;1137;386;31;-2177;2722;-2086;-2380;4556;15;69;21;93;1271;1477;1111;5547;2352;6;464;324;349
France;Données consolidées;2024-01-15;03:15;2024-01-15T03:15:00+01:00;;65100;62350;;;;;;;;;;;;;;;;;;;;;;;;;;;;;
France;Données consolidées;2024-01-15;05:15;2024-01-15T05:15:00+01:00;;65650;62750;;;;;;;;;;;;;;;;;;;;;;;;;;;;;
France;Données consolidées;2024-01-15;08:30;2024-01-15T08:30:00+01:00;77811;79500;76500;106;441;8540;51314;3698;28;12116;-19;1101;588;52;2064;0;-3832;-1189;4017;15;69;21;101;1445;5808;1187;6252;5106;757;441;313;346
France;Données consolidées;2024-01-15;11:45;2024-01-15T11:45:00+01:00;;80350;76200;;;;;;;;;;;;;;;;;;;;;;;;;;;;;
France;Données consolidées;2024-01-15;12:45;2024-01-15T12:45:00+01:00;;78150;74350;;;;;;;;;;;;;;;;;;;;;;;;;;;;;
France;Données consolidées;2024-01-15;18:30;2024-01-15T18:30:00+01:00;77367;79700;75200;104;604;7770;51609;3217;0;15153;-15;1115;-2097;49;181;1953;-3824;-1395;509;15;68;21;106;1509;4932;1223;7114;5881;2158;445;318;351
France;Données consolidées;2024-01-15;19:30;2024-01-15T19:30:00+01:00;79084;79900;76000;104;603;8061;51607;2949;0;16761;-17;1131;-2011;50;-7;485;-3683;-652;1084;15;67;21;106;1500;5224;1231;7001;6443;3317;449;332;350
France;Données consolidées;2024-01-15;20:00;2024-01-15T20:00:00+01:00;77423;78000;74200;102;601;7914;51613;2858;0;15741;-14;1130;-2413;50;-849;-946;-3281;-607;1564;15;66;21;106;1468;5109;1231;6953;6007;2781;451;332;348
France;Données consolidées;2024-01-15;22:45;2024-01-15T22:45:00+01:00;;73100;70200;;;;;;;;;;;;;;;;;;;;;;;;;;;;;
France;Données consolidées;2024-01-15;23:30;2024-01-15T23:30:00+01:00;71002;73300;70100;104;359;7238;51613;2306;0;10059;-71;1118;-1618;48;276;1004;-3770;-2385;3658;15;67;21;103;1370;4590;1175;6197;3663;199;443;328;346
France;Données consolidées;2024-01-16;01:30;2024-01-16T01:30:00+01:00;67953;67200;67500;103;365;6903;51581;1955;0;8874;-1451;1118;-1389;49;352;2400;-3517;-2385;1344;15;67;21;98;1327;4305;1172;5790;3077;7;453;319;346
France;Données consolidées;2024-01-16;05:30;2024-01-16T05:30:00+01:00;67491;65800;66900;104;363;7387;51508;1620;2;9050;-2074;1119;-1482;51;603;2400;-3838;-2385;784;15;68;21;99;1328;4789;1171;5831;3212;7;457;324;338
France;Données consolidées;2024-01-16;07:15;2024-01-16T07:15:00+01:00;;75300;76500;;;;;;;;;;;;;;;;;;;;;;;;;;;;;
France;Données consolidées;2024-01-16;07:30;2024-01-16T07:30:00+01:00;78718;76700;77700;102;581;8755;51334;1937;0;14524;-16;1119;473;54;1483;1350;-3300;-38;133;11;71;20;106;1500;5930;1219;6623;5999;1903;455;325;339
France;Données consolidées;2024-01-16;11:45;2024-01-16T11:45:00+01:00;;78300;77700;;;;;;;;;;;;;;;;;;;;;;;;;;;;;
France;Données consolidées;2024-01-16;15:30;2024-01-16T15:30:00+01:00;73093;72000;71200;98;540;8004;51371;695;2398;12517;-16;1094;-3511;51;504;2000;-3536;-2308;-1190;0;68;31;101;1418;5261;1223;6719;5238;560;434;322;338
France;Données consolidées;2024-01-16;18:15;2024-01-16T18:15:00+01:00;;77150;76150;;;;;;;;;;;;;;;;;;;;;;;;;;;;;
France;Données consolidées;2024-01-16;18:30;2024-01-16T18:30:00+01:00;78933;78200;77200;106;542;8461;51305;2269;0;15975;-15;1123;-743;52;161;1700;-3022;227;607;13;72;21;106;1491;5639;1224;7439;5873;2664;441;328;354
France;Données consolidées;2024-01-16;18:45;2024-01-16T18:45:00+01:00;;79100;78100;;;;;;;;;;;;;;;;;;;;;;;;;;;;;
France;Données consolidées;2024-01-16;19:45;2024-01-16T19:45:00+01:00;;77900;76900;;;;;;;;;;;;;;;;;;;;;;;;;;;;;
France;Données consolidées;2024-01-16;21:30;2024-01-16T21:30:00+01:00;72388;71300;70200;104;358;7682;51322;4253;0;11228;-15;1134;-3572;48;356;1652;-4187;-2385;456;15;68;21;135;1361;5014;1172;6598;4483;147;448;329;356
France;Données consolidées;2024-01-16;21:45;2024-01-16T21:45:00+01:00;;70450;69350;;;;;;;;;;;;;;;;;;;;;;;;;;;;;
France;Données consolidées;2024-01-16;22:30;2024-01-16T22:30:00+01:00;71112;70700;69600;103;359;8094;51357;4308;0;9923;-690;1137;-3379;51;1581;1700;-4060;-2385;359;15;67;21;135;1334;5462;1164;6307;3609;7;455;326;356
France;Données consolidées;2024-01-16;22:45;2024-01-16T22:45:00+01:00;;71400;70300;;;;;;;;;;;;;;;;;;;;;;;;;;;;;
France;Données consolidées;2024-01-17;00:00;2024-01-17T00:00:00+01:00;69837;68700;68200;100;361;7857;51344;4613;0;9455;-1671;1132;-3246;51;735;2728;-3829;-2385;-630;12;66;21;135;1329;5228;1165;6218;3230;7;453;324;355
France;Données consolidées;2024-01-17;00:15;2024-01-17T00:15:00+01:00;;68000;67400;;;;;;;;;;;;;;;;;;;;;;;;;;;;;
France;Données consolidées;2024-01-17;01:15;2024-01-17T01:15:00+01:00;;66050;64850;;;;;;;;;;;;;;;;;;;;;;;;;;;;;
France;Données consolidées;2024-01-17;04:30;2024-01-17T04:30:00+01:00;61634;61900;60000;104;364;5463;50507;5431;0;8563;-1722;1122;-8092;41;-973;2728;-4283;-2385;-3320;12;71;21;118;1306;2898;1141;5847;2709;7;464;311;347
France;Données consolidées;2024-01-17;04:45;2024-01-17T04:45:00+01:00;;62200;60500;;;;;;;;;;;;;;;;;;;;;;;;;;;;;
France;Données consolidées;2024-01-17;07:00;2024-01-17T07:00:00+01:00;69909;71300;68400;104;340;6606;51037;6118;0;11241;-17;1122;-6546;42;-95;2150;-3943;-2385;-1467;13;71;21;127;1347;3985;1147;6536;4505;201;451;326;344
France;Données consolidées;2024-01-17;08:30;2024-01-17T08:30:00+01:00;74599;77100;73100;104;334;8428;50984;7223;3;13295;-15;1126;-6781;48;-1458;1875;-3714;-1594;-2271;12;71;21;129;1360;5790;1148;6832;5478;984;451;330;345
France;Données consolidées;2024-01-17;09:00;2024-01-17T09:00:00+01:00;74894;77100;73200;103;334;8285;50951;7436;72;13360;-15;1125;-6654;47;-1632;1600;-3778;-1219;-3862;13;69;21;128;1350;5671;1136;6823;5504;1033;450;328;347
France;Données consolidées;2024-01-17;09:45;2024-01-17T09:45:00+01:00;;77350;73600;;;;;;;;;;;;;;;;;;;;;;;;;;;;;
France;Données consolidées;2024-01-17;11:30;2024-01-17T11:30:00+01:00;76104;77000;74200;94;383;8538;50802;8674;1526;15582;-26;1130;-10510;46;-2675;2038;-3231;-1530;-6199;13;64;17;111;1351;5950;1126;6764;5710;3108;452;331;347
France;Données consolidées;2024-01-17;12:45;2024-01-17T12:45:00+01:00;;75950;72950;;;;;;;;;;;;;;;;;;;;;;;;;;;;;
France;Données consolidées;2024-01-17;15:15;2024-01-17T15:15:00+01:00;;70050;69850;;;;;;;;;;;;;;;;;;;;;;;;;;;;;
France;Données consolidées;2024-01-17;16:00;2024-01-17T16:00:00+01:00;70550;68800;68200;98;370;7095;50653;10287;1101;10547;-227;1125;-10382;42;-3014;2250;-3955;-2064;-3362;15;63;20;141;1357;4444;1151;6740;3799;7;439;332;353
France;Données consolidées;2024-01-17;17:00;2024-01-17T17:00:00+01:00;69422;69200;67000;101;334;7027;50686;10164;489;10315;-16;1139;-10684;42;-3014;2000;-3968;-2052;-2912;14;66;21;137;1358;4371;1162;6994;3264;57;448;335;355
France;Données consolidées;2024-01-17;19:30;2024-01-17T19:30:00+01:00;74219;75500;72400;99;339;8272;50677;8230;0;15256;-15;1155;-9705;46;-2984;1900;-4315;-2385;-2569;14;64;21;144;1369;5592;1167;7730;5328;2197;455;342;357
France;Données consolidées;2024-01-17;20:15;2024-01-17T20:15:00+01:00;;72250;69150;;;;;;;;;;;;;;;;;;;;;;;;;;;;;
France;Données consolidées;2024-01-17;20:45;2024-01-17T20:45:00+01:00;;70150;67100;;;;;;;;;;;;;;;;;;;;;;;;;;;;;
France;Données consolidées;2024-01-17;23:00;2024-01-17T23:00:00+01:00;66289;68300;65400;107;284;8021;50712;6444;0;10497;-192;1150;-10615;48;-1931;1900;-3665;-2385;-4644;14;72;21;142;1277;5472;1130;6835;3028;634;462;334;354
France;Données consolidées;2024-01-18;00:15;2024-01-18T00:15:00+01:00;;62250;62000;;;;;;;;;;;;;;;;;;;;;;;;;;;;;
France;Données consolidées;2024-01-18;00:45;2024-01-18T00:45:00+01:00;;60650;60450;;;;;;;;;;;;;;;;;;;;;;;;;;;;;
France;Données consolidées;2024-01-18;05:45;2024-01-18T05:45:00+01:00;;59600;59100;;;;;;;;;;;;;;;;;;;;;;;;;;;;;
France;Données consolidées;2024-01-18;07:45;2024-01-18T07:45:00+01:00;;69900;69100;;;;;;;;;;;;;;;;;;;;;;;;;;;;;
France;Données consolidées;2024-01-18;08:15;2024-01-18T08:15:00+01:00;;71150;70350;;;;;;;;;;;;;;;;;;;;;;;;;;;;;
France;Données consolidées;2024-01-18;08:30;2024-01-18T08:30:00+01:00;72643;71400;70700;107;0;8508;50809;7857;40;12788;-16;1110;-8457;44;-3014;1775;-3033;-2291;-2834;14;72;21;102;1290;5970;1147;7192;4461;1135;444;330;336
France;Données consolidées;2024-01-18;10:15;2024-01-18T10:15:00+01:00;;71700;72100;;;;;;;;;;;;;;;;;;;;;;;;;;;;;
France;Données consolidées;2024-01-18;11:00;2024-01-18T11:00:00+01:00;73513;71100;71900;102;0;8530;51107;6309;2593;13576;-15;1110;-9693;43;-2823;1800;-3334;-2175;-2685;14;72;17;102;1292;6022;1114;7011;4369;2197;448;340;323
France;Données consolidées;2024-01-18;12:30;2024-01-18T12:30:00+01:00;72745;69500;71000;103;0;8438;51166;5364;3672;11303;-61;1122;-8246;44;-2519;1800;-3018;-1357;-3253;14;72;18;102;1285;5932;1119;6912;3074;1317;455;336;331
France;Données consolidées;2024-01-18;12:45;2024-01-18T12:45:00+01:00;;69100;70300;;;;;;;;;;;;;;;;;;;;;;;;;;;;;
France;Données consolidées;2024-01-18;15:45;2024-01-18T15:45:00+01:00;;66400;66950;;;;;;;;;;;;;;;;;;;;;;;;;;;;;
France;Données consolidées;2024-01-18;17:45;2024-01-18T17:45:00+01:00;;69900;70600;;;;;;;;;;;;;;;;;;;;;;;;;;;;;
France;Données consolidées;2024-01-18;18:45;2024-01-18T18:45:00+01:00;;74250;74750;;;;;;;;;;;;;;;;;;;;;;;;;;;;;
France;Données consolidées;2024-01-18;19:00;2024-01-18T19:00:00+01:00;77591;75100;75600;112;0;8595;51313;4325;0;16682;-14;1157;-4493;44;-506;-2345;-4042;-587;2540;14;75;23;149;1315;5972;1160;7686;5303;3693;487;333;337
France;Données consolidées;2024-01-18;20:15;2024-01-18T20:15:00+01:00;;71400;71550;;;;;;;;;;;;;;;;;;;;;;;;;;;;;
France;Données consolidées;2024-01-18;20:30;2024-01-18T20:30:00+01:00;73375;70400;70500;106;0;8384;51393;4853;0;13191;-15;1154;-5587;45;-544;-2775;-4042;-533;2452;14;74;19;151;1268;5812;1154;7295;4472;1425;484;334;335
France;Données consolidées;2024-01-18;21:00;2024-01-18T21:00:00+01:00;71756;68600;68600;107;0;8549;51405;4722;0;11438;-15;1154;-5500;47;-521;-2775;-3475;-1644;2678;13;72;21;151;1266;5995;1137;7246;3693;499;485;335;334
France;Données consolidées;2024-01-18;21:15;2024-01-18T21:15:00+01:00;;67850;67800;;;;;;;;;;;;;;;;;;;;;;;;;;;;;
France;Données consolidées;2024-01-18;21:45;2024-01-18T21:45:00+01:00;;66350;66150;;;;;;;;;;;;;;;;;;;;;;;;;;;;;
France;Données consolidées;2024-01-19;02:15;2024-01-19T02:15:00+01:00;;64300;66600;;;;;;;;;;;;;;;;;;;;;;;;;;;;;
France;Données consolidées;2024-01-19;03:30;2024-01-19T03:30:00+01:00;65496;62100;64400;106;0;5695;50362;1943;0;8488;-1387;1174;-779;39;-327;2300;-3539;-2343;3205;14;72;20;111;1230;3222;1133;6019;2461;7;507;341;325
France;Données consolidées;2024-01-19;05:30;2024-01-19T05:30:00+01:00;67090;63200;66800;108;0;5849;50354;2110;0;8480;-1371;1160;485;40;863;2300;-3657;-2383;3352;13;74;21;111;1252;3349;1138;6281;2192;7;511;327;321
France;Données consolidées;2024-01-19;07:45;2024-01-19T07:45:00+01:00;;75100;79250;;;;;;;;;;;;;;;;;;;;;;;;;;;;;
France;Données consolidées;2024-01-19;09:15;2024-01-19T09:15:00+01:00;;76500;81700;;;;;;;;;;;;;;;;;;;;;;;;;;;;;
France;Données consolidées;2024-01-19;10:00;2024-01-19T10:00:00+01:00;82437;76000;81200;1263;0;8856;50367;1521;2058;14132;-14;1131;3244;59;402;1400;-3817;697;3108;1173;70;21;155;1406;6082;1213;7025;4707;2400;491;315;324
France;Données consolidées;2024-01-19;10:45;2024-01-19T10:45:00+01:00;;75400;80100;;;;;;;;;;;;;;;;;;;;;;;;;;;;;
France;Données consolidées;2024-01-19;12:00;2024-01-19T12:00:00+01:00;79761;75100;78300;456;0;8836;50513;1117;5810;10799;-21;1105;1270;51;1117;1400;-3810;-542;3436;364;72;21;155;1404;6055;1222;6720;3765;314;464;310;331
France;Données consolidées;2024-01-19;12:45;2024-01-19T12:45:00+01:00;;72900;75950;;;;;;;;;;;;;;;;;;;;;;;;;;;;;
France;Données consolidées;2024-01-19;14:15;2024-01-19T14:15:00+01:00;;69750;73000;;;;;;;;;;;;;;;;;;;;;;;;;;;;;
France;Données consolidées;2024-01-19;14:45;2024-01-19T14:45:00+01:00;;69300;72500;;;;;;;;;;;;;;;;;;;;;;;;;;;;;
France;Données consolidées;2024-01-19;16:30;2024-01-19T16:30:00+01:00;72021;67300;70200;107;0;8614;51143;1976;1918;9481;-304;1118;-1925;49;1190;1700;-4092;-2340;1208;13;73;21;154;1293;5936;1231;6220;3126;135;483;301;333
France;Données consolidées;2024-01-19;16:45;2024-01-19T16:45:00+01:00;;67700;70700;;;;;;;;;;;;;;;;;;;;;;;;;;;;;
France;Données consolidées;2024-01-19;18:00;2024-01-19T18:00:00+01:00;77176;73300;76400;106;0;8752;51218;2275;6;14004;-15;1148;-215;48;1121;1540;-3988;-1918;3962;13;73;21;151;1306;6064;1231;7056;5030;1918;490;326;332
France;Données consolidées;2024-01-19;18:30;2024-01-19T18:30:00+01:00;79304;75600;78000;107;0;8789;51252;2530;0;14260;-15;1153;1332;48;1121;1540;-3988;-1866;4439;13;74;21;146;1302;6109;1232;7245;4892;2124;485;331;336
France;Données consolidées;2024-01-19;19:15;2024-01-19T19:15:00+01:00;;76250;78800;;;;;;;;;;;;;;;;;;;;;;;;;;;;;
France;Données consolidées;2024-01-19;19:30;2024-01-19T19:30:00+01:00;80201;76000;78600;107;0;9009;51256;2827;0;14550;-15;1169;1400;48;1174;1354;-3996;-483;3649;13;73;21;151;1403;6222;1233;7236;5196;2118;501;334;334
France;Données consolidées;2024-01-19;20:00;2024-01-19T20:00:00+01:00;79198;74800;77400;105;1;8962;51246;3036;0;13356;-15;1175;1436;49;1440;-355;-4019;-1306;4419;13;74;18;151;1358;6218;1235;7185;4469;1702;505;337;333
France;Données consolidées;2024-01-20;01:15;2024-01-20T01:15:00+01:00;;70300;69800;;;;;;;;;;;;;;;;;;;;;;;;;;;;;
France;Données consolidées;2024-01-20;01:30;2024-01-20T01:30:00+01:00;71213;70900;70100;106;2;6502;48409;3392;0;9407;-571;1154;2913;42;633;1800;-3074;-2818;6848;13;72;21;111;1273;4005;1114;6388;2873;146;505;324;326
France;Données consolidées;2024-01-20;03:15;2024-01-20T03:15:00+01:00;;68000;67950;;;;;;;;;;;;;;;;;;;;;;;;;;;;;
France;Données consolidées;2024-01-20;05:30;2024-01-20T05:30:00+01:00;67915;66600;66700;108;2;4841;47707;3045;0;8507;-438;1169;3076;36;2115;1800;-2726;-3000;5126;13;74;21;111;1225;2393;1112;6234;2265;7;510;340;319
France;Données consolidées;2024-01-20;09:45;2024-01-20T09:45:00+01:00;;76250;77450;;;;;;;;;;;;;;;;;;;;;;;;;;;;;
France;Données consolidées;2024-01-20;10:30;2024-01-20T10:30:00+01:00;78225;76500;77000;107;2;8568;47180;2480;4734;12912;-18;1161;1222;47;786;458;-3434;-1315;4694;13;74;21;151;1256;6036;1125;6894;4669;1349;502;338;321
France;Données consolidées;2024-01-20;11:00;2024-01-20T11:00:00+01:00;77483;75900;76300;108;2;8664;47243;2311;6135;11196;-15;1160;802;48;111;582;-3256;-1175;3552;13;73;21;151;1255;6140;1119;6825;4035;335;499;339;322
France;Données consolidées;2024-01-20;11:15;2024-01-20T11:15:00+01:00;;75550;76150;;;;;;;;;;;;;;;;;;;;;;;;;;;;;
France;Données consolidées;2024-01-20;12:00;2024-01-20T12:00:00+01:00;76883;75000;75800;106;2;8330;47465;1995;8223;10170;-17;1160;-456;46;-242;0;-2184;-2123;3136;13;72;21;140;1262;5815;1112;6735;3313;122;499;337;324
France;Données consolidées;2024-01-20;12:30;2024-01-20T12:30:00+01:00;75674;73800;74200;106;2;7994;47733;1833;8952;10153;-400;1166;-1754;44;-242;0;-2184;-2123;3141;13;72;21;118;1261;5504;1111;6595;3423;135;499;337;329
France;Données consolidées;2024-01-20;15:15;2024-01-20T15:15:00+01:00;;66350;66350;;;;;;;;;;;;;;;;;;;;;;;;;;;;;
France;Données consolidées;2024-01-20;15:45;2024-01-20T15:45:00+01:00;;64900;65450;;;;;;;;;;;;;;;;;;;;;;;;;;;;;
France;Données consolidées;2024-01-20;17:15;2024-01-20T17:15:00+01:00;;65150;67150;;;;;;;;;;;;;;;;;;;;;;;;;;;;;
France;Données consolidées;2024-01-20;17:30;2024-01-20T17:30:00+01:00;68842;65900;68500;106;3;8391;48454;3186;304;13466;-15;1179;-6141;48;-391;900;-3434;-1976;-1219;13;72;21;151;1236;5885;1118;6862;4909;1694;506;343;330
France;Données consolidées;2024-01-20;19:45;2024-01-20T19:45:00+01:00;;72500;75300;;;;;;;;;;;;;;;;;;;;;;;;;;;;;
France;Données consolidées;2024-01-20;23:15;2024-01-20T23:15:00+01:00;;71550;72586;;;;;;;;;;;;;;;;;;;;;;;;;;;;;
France;Données consolidées;2024-01-21;01:15;2024-01-21T01:15:00+01:00;;69350;69250;;;;;;;;;;;;;;;;;;;;;;;;;;;;;
France;Données consolidées;2024-01-21;01:30;2024-01-21T01:30:00+01:00;70558;69700;69500;103;2;4481;48215;11665;0;10284;-868;1169;-4386;29;-776;-1400;-2844;-3200;4587;13;73;17;109;1053;2236;1083;6135;3643;506;487;356;326
France;Données consolidées;2024-01-21;02:30;2024-01-21T02:30:00+01:00;69885;68300;68500;106;2;3566;48339;11734;0;9621;-253;1178;-4301;25;-635;-1400;-2627;-3200;3733;13;72;21;110;1048;1328;1080;5959;3418;244;492;357;329
France;Données consolidées;2024-01-21;02:45;2024-01-21T02:45:00+01:00;;67350;67650;;;;;;;;;;;;;;;;;;;;;;;;;;;;;
France;Données consolidées;2024-01-21;04:30;2024-01-21T04:30:00+01:00;65247;63200;64100;106;2;2734;48469;11198;0;8108;-1520;1186;-4931;22;898;-1400;-3434;-3200;1374;13;73;21;111;1046;495;1083;5779;2321;7;497;361;327
France;Données consolidées;2024-01-21;05:45;2024-01-21T05:45:00+01:00;;62750;63550;;;;;;;;;;;;;;;;;;;;;;;;;;;;;
France;Données consolidées;2024-01-21;07:00;2024-01-21T07:00:00+01:00;65690;63900;64500;107;2;3016;48016;11666;0;8054;-2485;1177;-3764;24;18;-1292;-3028;-3200;3782;13;73;21;111;1055;762;1088;5683;2364;8;494;360;323
France;Données consolidées;2024-01-21;07:45;2024-01-21T07:45:00+01:00;;64550;65200;;;;;;;;;;;;;;;;;;;;;;;;;;;;;
France;Données consolidées;2024-01-21;08:15;2024-01-21T08:15:00+01:00;;65200;65850;;;;;;;;;;;;;;;;;;;;;;;;;;;;;
France;Données consolidées;2024-01-21;10:30;2024-01-21T10:30:00+01:00;71315;69600;70000;107;0;2937;47940;12442;3342;8632;-863;1177;-4291;21;-2419;645;-1752;-3200;2184;14;73;21;109;1055;688;1085;5837;2001;794;482;371;323
France;Données consolidées;2024-01-21;12:00;2024-01-21T12:00:00+01:00;71855;69500;70900;107;0;2923;47926;11959;5313;7824;-862;1146;-4387;21;-2520;1017;-772;-3200;552;14;73;21;109;1053;684;1077;5397;2022;406;466;355;325
France;Données consolidées;2024-01-21;13:00;2024-01-21T13:00:00+01:00;69952;66300;67300;107;0;2343;47546;12001;5927;7406;-1158;1152;-5254;19;-2417;606;-1211;-3200;-864;14;72;21;108;1050;108;1077;5341;2059;7;467;358;327
France;Données consolidées;2024-01-21;13:15;2024-01-21T13:15:00+01:00;;65050;66000;;;;;;;;;;;;;;;;;;;;;;;;;;;;;
France;Données consolidées;2024-01-21;14:00;2024-01-21T14:00:00+01:00;65883;62200;63900;105;0;2338;47348;12148;5859;7049;-2563;1165;-7447;19;-2417;1400;-3262;-2716;-828;14;71;21;108;1049;113;1068;5314;1728;7;465;374;326
France;Données consolidées;2024-01-21;18:00;2024-01-21T18:00:00+01:00;66483;63400;65600;105;0;2427;49505;14822;9;9233;-745;1178;-9945;19;-2413;-830;-3833;-3200;1387;13;72;21;142;1033;187;1065;5760;2713;759;477;371;330
France;Données consolidées;2024-01-21;19:15;2024-01-21T19:15:00+01:00;;68100;69450;;;;;;;;;;;;;;;;;;;;;;;;;;;;;
France;Données consolidées;2024-01-21;19:30;2024-01-21T19:30:00+01:00;71554;68000;69300;105;0;2420;49455;15773;0;12132;-14;1153;-9365;18;-2414;-2300;-3833;-3200;2119;13;71;21;145;1065;150;1060;6422;3617;2093;472;350;331
France;Données consolidées;2024-01-21;20:00;2024-01-21T20:00:00+01:00;70763;66900;68100;104;0;2433;49570;15987;0;10825;-16;1153;-9188;18;-2614;-2300;-3833;-3200;1669;13;70;21;145;1064;168;1056;6424;3104;1296;472;349;332
France;Données consolidées;2024-01-21;21:15;2024-01-21T21:15:00+01:00;;63900;65021;;;;;;;;;;;;;;;;;;;;;;;;;;;;;
France;Données consolidées;2024-01-21;21:45;2024-01-21T21:45:00+01:00;;62550;63948;;;;;;;;;;;;;;;;;;;;;;;;;;;;;
France;Données consolidées;2024-01-21;23:00;2024-01-21T23:00:00+01:00;66496;64500;65256;104;0;2372;49539;16255;0;7705;-2020;1166;-8514;19;-2393;-1800;-3692;-3200;2474;13;71;20;141;1039;145;1047;5570;1879;256;478;358;329
France;Données consolidées;2024-01-21;23:15;2024-01-21T23:15:00+01:00;;64100;64646;;;;;;;;;;;;;;;;;;;;;;;;;;;;;
France;Données consolidées;2024-01-21;23:30;2024-01-21T23:30:00+01:00;65634;63700;64035;103;0;2341;49457;16413;0;7263;-2086;1170;-8916;19;-2393;-1800;-3692;-3200;2584;13;72;18;140;1018;135;1048;5538;1718;7;482;359;328
France;Données consolidées;2024-01-22;02:00;2024-01-22T02:00:00+01:00;61826;60900;60800;101;0;2305;47617;16669;0;6771;-3152;1153;-9527;19;-2515;-1600;-3257;-3200;1390;13;72;16;108;1027;124;1046;5353;1411;7;474;357;321
France;Données consolidées;2024-01-22;03:30;2024-01-22T03:30:00+01:00;58790;57300;56800;103;0;2355;45949;16847;0;6409;-3155;1154;-10764;20;-2500;-1600;-3257;-3200;-149;13;71;18;109;1022;175;1049;5254;1148;7;480;356;318
France;Données consolidées;2024-01-22;04:30;2024-01-22T04:30:00+01:00;58033;56000;56000;105;0;2356;46028;16846;0;6295;-3402;1155;-11245;20;-2289;-1600;-3257;-3200;-1371;13;71;20;109;1020;175;1051;5185;1102;7;482;353;320
France;Données consolidées;2024-01-22;06:45;2024-01-22T06:45:00+01:00;;65100;64900;;;;;;;;;;;;;;;;;;;;;;;;;;;;;
France;Données consolidées;2024-01-22;08:45;2024-01-22T08:45:00+01:00;;71200;71100;;;;;;;;;;;;;;;;;;;;;;;;;;;;;
France;Données consolidées;2024-01-22;09:00;2024-01-22T09:00:00+01:00;72718;71400;71300;105;0;2423;50488;16582;416;10694;-16;1139;-9004;17;-2817;-340;-3387;-3124;89;13;71;20;148;1044;195;1036;6404;3188;1102;462;354;322
France;Données consolidées;2024-01-22;09:15;2024-01-22T09:15:00+01:00;;71500;71250;;;;;;;;;;;;;;;;;;;;;;;;;;;;;
France;Données consolidées;2024-01-22;11:45;2024-01-22T11:45:00+01:00;;71250;70300;;;;;;;;;;;;;;;;;;;;;;;;;;;;;
France;Données consolidées;2024-01-22;13:15;2024-01-22T13:15:00+01:00;;67500;67000;;;;;;;;;;;;;;;;;;;;;;;;;;;;;
France;Données consolidées;2024-01-22;14:00;2024-01-22T14:00:00+01:00;68511;67100;66500;104;1;2331;50322;16155;3247;8314;-1607;1127;-11381;17;-3014;1950;-3881;-3200;-2378;13;70;21;147;1018;139;1028;5719;2461;134;457;336;334
France;Données consolidées;2024-01-22;14:45;2024-01-22T14:45:00+01:00;;66200;65550;;;;;;;;;;;;;;;;;;;;;;;;;;;;;
France;Données consolidées;2024-01-22;16:00;2024-01-22T16:00:00+01:00;66391;64400;63600;102;1;2328;49014;15824;1737;9379;-354;1109;-12653;18;-3014;1700;-3727;-3200;-3772;13;68;21;147;1032;105;1044;5712;3221;446;463;309;336
France;Données consolidées;2024-01-22;17:00;2024-01-22T17:00:00+01:00;65458;64600;63800;106;1;2430;48865;15543;527;9370;-367;1105;-12025;18;-3014;-41;-3766;-3200;-1599;13;69;24;147;1073;163;1047;5953;2846;571;460;303;341
France;Données consolidées;2024-01-22;17:30;2024-01-22T17:30:00+01:00;66396;66200;65300;103;0;2480;49040;15260;109;10351;-62;1120;-11906;18;-3014;-41;-3766;-3200;-1154;13;69;21;147;1081;204;1048;6287;3512;553;470;307;342
France;Données consolidées;2024-01-22;18:45;2024-01-22T18:45:00+01:00;;71600;70600;;;;;;;;;;;;;;;;;;;;;;;;;;;;;
France;Données consolidées;2024-01-22;20:45;2024-01-22T20:45:00+01:00;;66950;65700;;;;;;;;;;;;;;;;;;;;;;;;;;;;;
France;Données consolidées;2024-01-22;23:45;2024-01-22T23:45:00+01:00;;63700;61850;;;;;;;;;;;;;;;;;;;;;;;;;;;;;
France;Données consolidées;2024-01-23;00:30;2024-01-23T00:30:00+01:00;61601;61300;59200;104;0;2306;47999;14067;0;7145;-2649;1171;-8429;20;-1851;-1706;-3893;-3200;2338;13;70;21;109;1012;155;1030;5602;1536;7;485;346;339
France;Données consolidées;2024-01-23;02:00;2024-01-23T02:00:00+01:00;58861;60100;58000;104;0;2268;46423;13110;0;6824;-2907;1178;-8035;21;-2597;-1800;-3893;-3200;3508;13;70;21;110;1016;104;1038;5418;1399;7;493;350;335
France;Données consolidées;2024-01-23;02:45;2024-01-23T02:45:00+01:00;;58250;56600;;;;;;;;;;;;;;;;;;;;;;;;;;;;;
France;Données consolidées;2024-01-23;04:30;2024-01-23T04:30:00+01:00;55254;55300;53400;104;1;2293;45551;11359;0;6767;-3076;1169;-8814;22;-1918;-1600;-3830;-3200;1681;13;70;21;110;1010;136;1037;5353;1407;7;480;359;330
France;Données consolidées;2024-01-23;05:30;2024-01-23T05:30:00+01:00;57233;57600;55600;102;0;2393;46195;10402;0;7156;-2789;1167;-7307;22;-889;-1500;-3830;-3200;1853;13;68;21;110;1009;235;1039;5407;1743;7;478;361;328
France;Données consolidées;2024-01-23;05:45;2024-01-23T05:45:00+01:00;;58550;56700;;;;;;;;;;;;;;;;;;;;;;;;;;;;;
France;Données consolidées;2024-01-23;06:00;2024-01-23T06:00:00+01:00;58507;59500;57800;103;0;2481;46972;9943;0;7319;-2585;1166;-6786;22;-654;-108;-3830;-3200;3324;13;69;21;113;1027;298;1043;5414;1898;7;475;363;327
France;Données consolidées;2024-01-23;07:45;2024-01-23T07:45:00+01:00;;69400;66900;;;;;;;;;;;;;;;;;;;;;;;;;;;;;
France;Données consolidées;2024-01-23;10:00;2024-01-23T10:00:00+01:00;69424;70700;67600;97;0;4283;47934;8717;2249;12860;-15;1121;-7715;27;-2890;1550;-3861;-1796;-1242;13;68;16;140;1093;2045;1005;6600;4319;1941;460;346;314
France;Données consolidées;2024-01-23;10:15;2024-01-23T10:15:00+01:00;;70800;67750;;;;;;;;;;;;;;;;;;;;;;;;;;;;;
France;Données consolidées;2024-01-23;11:00;2024-01-23T11:00:00+01:00;68707;70400;66800;97;0;4660;47924;8545;3961;11008;-17;1125;-8490;28;-2778;1500;-3861;-3200;-102;13;67;16;144;1089;2422;1004;6419;3412;1178;473;333;319
France;Données consolidées;2024-01-23;11:45;2024-01-23T11:45:00+01:00;;70250;66850;;;;;;;;;;;;;;;;;;;;;;;;;;;;;
France;Données consolidées;2024-01-23;12:00;2024-01-23T12:00:00+01:00;69043;70400;67000;96;0;3928;48910;9308;5071;9613;-357;1136;-8564;25;-2412;1500;-4485;-3200;673;13;67;16;147;1087;1680;1013;6262;3201;149;474;340;322
France;Données consolidées;2024-01-23;13:45;2024-01-23T13:45:00+01:00;;66100;63400;;;;;;;;;;;;;;;;;;;;;;;;;;;;;
France;Données consolidées;2024-01-23;14:00;2024-01-23T14:00:00+01:00;65369;66100;63300;103;0;3566;48434;11949;5134;7597;-1733;1162;-10740;24;-2507;1500;-4440;-3200;-2856;13;69;21;148;1066;1326;1026;5746;1844;7;478;350;334
France;Données consolidées;2024-01-23;15:15;2024-01-23T15:15:00+01:00;;64600;61350;;;;;;;;;;;;;;;;;;;;;;;;;;;;;
France;Données consolidées;2024-01-23;15:30;2024-01-23T15:30:00+01:00;64456;64300;60800;104;1;3842;47635;13973;3279;8152;-658;1149;-12932;25;-2744;1500;-4347;-3200;-5174;13;70;21;146;1079;1589;1028;5778;2173;202;477;331;341
France;Données consolidées;2024-01-23;16:00;2024-01-23T16:00:00+01:00;63840;63400;60400;104;0;3609;47511;14422;2465;8486;-339;1169;-13479;24;-2630;1307;-4485;-3200;-4317;13;70;21;148;1082;1347;1033;5776;2060;651;478;348;343
France;Données consolidées;2024-01-23;17:30;2024-01-23T17:30:00+01:00;64046;64200;61900;105;0;4359;47936;16246;194;9574;-328;1188;-15125;27;-2589;-618;-4418;-3067;-3717;13;71;21;148;1114;2065;1032;6198;2298;1078;490;355;343
France;Données consolidées;2024-01-23;18:00;2024-01-23T18:00:00+01:00;65943;66600;64500;103;0;4480;48558;16668;8;10119;-199;1191;-14880;27;-2840;-598;-4485;-3200;-1954;13;69;21;148;1130;2156;1045;6358;2501;1259;486;362;342
France;Données consolidées;2024-01-23;18:15;2024-01-23T18:15:00+01:00;;67550;65500;;;;;;;;;;;;;;;;;;;;;;;;;;;;;
France;Données consolidées;2024-01-23;22:30;2024-01-23T22:30:00+01:00;60257;59900;59700;102;0;2889;46914;16891;0;7398;-2144;1187;-12865;22;-2716;-1400;-4456;-3200;-18;13;71;18;114;1008;752;1015;5803;1588;7;480;363;344
France;Données consolidées;2024-01-24;01:30;2024-01-24T01:30:00+01:00;55445;54700;54100;105;304;2248;43391;17232;0;6898;-3112;1211;-12741;24;-1326;-3098;-4054;-3200;-813;13;71;21;109;1013;112;1014;5507;1385;7;504;364;342
France;Données consolidées;2024-01-24;02:45;2024-01-24T02:45:00+01:00;;53300;52400;;;;;;;;;;;;;;;;;;;;;;;;;;;;;
France;Données consolidées;2024-01-24;03:45;2024-01-24T03:45:00+01:00;;50350;49950;;;;;;;;;;;;;;;;;;;;;;;;;;;;;
France;Données consolidées;2024-01-24;04:15;2024-01-24T04:15:00+01:00;;49700;49300;;;;;;;;;;;;;;;;;;;;;;;;;;;;;
France;Données consolidées;2024-01-24;04:45;2024-01-24T04:45:00+01:00;;50200;49500;;;;;;;;;;;;;;;;;;;;;;;;;;;;;
France;Données consolidées;2024-01-24;05:30;2024-01-24T05:30:00+01:00;52728;51900;51200;100;512;2236;42727;16508;0;6571;-2992;1194;-14031;28;-893;-3052;-3969;-3200;-2784;13;69;18;109;1010;114;1004;5222;1343;7;499;358;337
France;Données consolidées;2024-01-24;06:15;2024-01-24T06:15:00+01:00;;55250;54850;;;;;;;;;;;;;;;;;;;;;;;;;;;;;
France;Données consolidées;2024-01-24;06:30;2024-01-24T06:30:00+01:00;57612;56900;56000;105;441;2264;44905;16213;0;7005;-2226;1188;-12187;26;-830;-2821;-3969;-3200;-1583;13;71;21;113;1016;130;1005;5358;1641;7;492;359;336
France;Données consolidées;2024-01-24;07:15;2024-01-24T07:15:00+01:00;;60200;59750;;;;;;;;;;;;;;;;;;;;;;;;;;;;;
France;Données consolidées;2024-01-24;08:30;2024-01-24T08:30:00+01:00;64656;64300;62800;107;388;2327;47860;15728;38;9408;-541;1159;-11717;23;-3013;-2266;-3878;-3131;840;13;72;21;113;1068;122;1024;5874;2778;756;490;337;332
France;Données consolidées;2024-01-24;08:45;2024-01-24T08:45:00+01:00;;64300;62850;;;;;;;;;;;;;;;;;;;;;;;;;;;;;
France;Données consolidées;2024-01-24;09:15;2024-01-24T09:15:00+01:00;;64400;63050;;;;;;;;;;;;;;;;;;;;;;;;;;;;;
France;Données consolidées;2024-01-24;10:15;2024-01-24T10:15:00+01:00;;64500;62900;;;;;;;;;;;;;;;;;;;;;;;;;;;;;
France;Données consolidées;2024-01-24;10:30;2024-01-24T10:30:00+01:00;64390;64500;62600;104;419;2299;47850;14031;2530;8221;-544;1157;-11558;23;-2989;-2024;-3838;-3200;538;13;69;21;110;1062;132;994;5865;2284;72;480;353;323
France;Données consolidées;2024-01-24;11:45;2024-01-24T11:45:00+01:00;;64300;62600;;;;;;;;;;;;;;;;;;;;;;;;;;;;;
France;Données consolidées;2024-01-24;12:00;2024-01-24T12:00:00+01:00;64530;64600;62700;103;419;2253;48376;13621;4630;7831;-1717;1162;-12030;23;-3014;-1195;-4010;-3200;-981;13;72;18;111;1033;113;996;5932;1893;6;480;358;323
France;Données consolidées;2024-01-24;16:30;2024-01-24T16:30:00+01:00;57704;57200;55700;97;417;2381;46866;9127;1854;9158;-643;1181;-12636;26;-3014;-12;-3975;-3200;-2308;13;63;21;111;1130;117;1024;5938;2600;619;484;353;343
France;Données consolidées;2024-01-24;17:45;2024-01-24T17:45:00+01:00;;60250;58500;;;;;;;;;;;;;;;;;;;;;;;;;;;;;
France;Données consolidées;2024-01-24;21:00;2024-01-24T21:00:00+01:00;59106;59300;57600;106;304;2343;49313;6834;0;11579;-14;1205;-12451;24;-3014;-2211;-3886;-3200;242;14;72;21;142;1047;117;1037;6616;3108;1855;499;361;345
France;Données consolidées;2024-01-24;21:30;2024-01-24T21:30:00+01:00;57370;58100;56400;105;304;2376;49128;6646;0;10032;-14;1203;-12306;25;-3014;-2211;-3886;-3200;213;14;70;21;145;1043;160;1027;6466;2717;848;498;361;344
France;Données consolidées;2024-01-24;22:15;2024-01-24T22:15:00+01:00;;58000;56400;;;;;;;;;;;;;;;;;;;;;;;;;;;;;
France;Données consolidées;2024-01-24;22:45;2024-01-24T22:45:00+01:00;;59450;57900;;;;;;;;;;;;;;;;;;;;;;;;;;;;;
France;Données consolidées;2024-01-25;02:00;2024-01-25T02:00:00+01:00;52704;53200;52000;106;303;2328;48263;4196;0;7702;-2459;1220;-8850;28;-3014;-1404;-3444;-3200;2208;14;71;21;109;994;201;1024;5701;1994;7;522;351;345
France;Données consolidées;2024-01-25;02:45;2024-01-25T02:45:00+01:00;;51150;50250;;;;;;;;;;;;;;;;;;;;;;;;;;;;;
France;Données consolidées;2024-01-25;04:45;2024-01-25T04:45:00+01:00;;48450;48150;;;;;;;;;;;;;;;;;;;;;;;;;;;;;
France;Données consolidées;2024-01-25;05:45;2024-01-25T05:45:00+01:00;;51550;51150;;;;;;;;;;;;;;;;;;;;;;;;;;;;;
France;Données consolidées;2024-01-25;06:30;2024-01-25T06:30:00+01:00;56219;55200;55300;104;301;3756;48455;2508;0;9968;-903;1188;-9065;34;-2236;888;-3643;-3200;-1776;12;71;21;145;1047;1545;1019;6111;3755;102;503;354;331
France;Données consolidées;2024-01-25;06:45;2024-01-25T06:45:00+01:00;;56700;56800;;;;;;;;;;;;;;;;;;;;;;;;;;;;;
France;Données consolidées;2024-01-25;08:00;2024-01-25T08:00:00+01:00;63157;61800;62100;103;302;5414;48225;3045;1;15123;-70;1181;-10070;38;-2814;-309;-3680;-1227;-2881;12;70;21;149;1079;3148;1038;6848;5656;2619;505;342;333
France;Données consolidées;2024-01-25;09:00;2024-01-25T09:00:00+01:00;63787;62800;62300;93;414;5431;48311;3436;596;15749;-70;1174;-11247;39;-3014;1438;-3680;-2653;-4020;2;70;21;149;1079;3181;1022;6956;5819;2974;505;335;334
France;Données consolidées;2024-01-25;09:30;2024-01-25T09:30:00+01:00;63948;63000;62800;88;414;5425;48316;3646;1583;15594;-14;1184;-12163;38;-3014;1438;-3680;-2653;-3641;0;69;21;149;1070;3186;1020;6911;5658;3025;508;345;330
France;Données consolidées;2024-01-25;10:45;2024-01-25T10:45:00+01:00;;62550;61900;;;;;;;;;;;;;;;;;;;;;;;;;;;;;
France;Données consolidées;2024-01-25;11:00;2024-01-25T11:00:00+01:00;63092;62400;61700;88;414;4696;48201;3739;5034;11827;-21;1170;-11943;35;-2952;2600;-3680;-3183;-5098;0;69;21;146;1098;2446;1005;6628;4306;893;495;351;324
France;Données consolidées;2024-01-25;14:00;2024-01-25T14:00:00+01:00;59285;57400;57900;89;413;3761;48047;3816;7314;9578;-187;1182;-14625;31;-3014;1875;-3680;-3103;-5137;0;70;21;151;1068;1512;1029;6235;3189;154;511;336;335
France;Données consolidées;2024-01-25;14:15;2024-01-25T14:15:00+01:00;;57350;57750;;;;;;;;;;;;;;;;;;;;;;;;;;;;;
France;Données consolidées;2024-01-25;15:15;2024-01-25T15:15:00+01:00;;56600;56750;;;;;;;;;;;;;;;;;;;;;;;;;;;;;
France;Données consolidées;2024-01-25;15:30;2024-01-25T15:30:00+01:00;58187;56400;56100;91;413;3576;48142;3536;5136;8609;-15;1193;-12398;32;-3014;2000;-3680;-3103;-4560;0;72;21;145;1078;1326;1028;6320;2234;55;506;346;341
France;Données consolidées;2024-01-25;19:15;2024-01-25T19:15:00+01:00;;63050;62500;;;;;;;;;;;;;;;;;;;;;;;;;;;;;
France;Données consolidées;2024-01-25;19:30;2024-01-25T19:30:00+01:00;63655;62600;62000;88;455;5279;48359;5622;0;15938;-16;1226;-13190;38;-1411;-2700;-3622;-3200;-2180;0;69;21;147;1103;2973;1055;7162;6022;2753;516;363;347
France;Données consolidées;2024-01-25;21:15;2024-01-25T21:15:00+01:00;;57300;56550;;;;;;;;;;;;;;;;;;;;;;;;;;;;;
France;Données consolidées;2024-01-25;22:00;2024-01-25T22:00:00+01:00;55748;55600;54700;92;302;3735;48328;6427;0;11142;-15;1220;-15378;31;-1830;-2595;-3680;-3200;-3574;0;73;21;145;1079;1479;1032;6433;3498;1210;514;357;348
France;Données consolidées;2024-01-25;22:30;2024-01-25T22:30:00+01:00;56113;56600;55700;91;303;3382;48393;6536;0;11667;-28;1238;-15368;29;-1830;-2595;-3680;-3200;-2750;0;72;21;145;1076;1131;1030;6360;3801;1505;525;364;349
France;Données consolidées;2024-01-25;23:30;2024-01-25T23:30:00+01:00;56488;57400;56400;91;303;3299;48409;6907;0;10795;-29;1227;-14407;29;-1013;-2152;-3680;-3200;-3722;0;71;21;145;1071;1052;1031;6343;3317;1135;530;350;347
France;Données consolidées;2024-01-26;03:30;2024-01-26T03:30:00+01:00;49677;49000;47800;91;303;2432;46301;8928;0;7378;-2189;1257;-14722;27;-1529;-2646;-3587;-3200;-4723;0;71;21;109;1077;214;1032;5447;1926;6;549;364;343
France;Données consolidées;2024-01-26;05:00;2024-01-26T05:00:00+01:00;49057;48600;48100;91;303;2391;46233;10628;0;6705;-3338;1246;-15099;27;-646;-2772;-3587;-3200;-4375;0;72;21;109;1075;175;1031;5286;1414;5;527;377;341
France;Données consolidées;2024-01-26;05:15;2024-01-26T05:15:00+01:00;;49500;48700;;;;;;;;;;;;;;;;;;;;;;;;;;;;;
France;Données consolidées;2024-01-26;06:45;2024-01-26T06:45:00+01:00;;56800;55400;;;;;;;;;;;;;;;;;;;;;;;;;;;;;
France;Données consolidées;2024-01-26;07:00;2024-01-26T07:00:00+01:00;58228;58400;57000;89;302;2348;47569;12043;0;8671;-1052;1221;-12868;24;-678;-2328;-3627;-3200;-4023;0;70;21;114;1095;110;1028;5815;2569;288;516;364;341
France;Données consolidées;2024-01-26;07:45;2024-01-26T07:45:00+01:00;;61600;59600;;;;;;;;;;;;;;;;;;;;;;;;;;;;;
France;Données consolidées;2024-01-26;09:30;2024-01-26T09:30:00+01:00;63081;63400;61200;91;441;2413;47954;12187;1019;11637;-71;1198;-13683;24;-2906;-2500;-3461;-3200;-2452;0;71;21;116;1086;167;1044;6460;3409;1768;507;350;340
France;Données consolidées;2024-01-26;10:45;2024-01-26T10:45:00+01:00;;62950;60650;;;;;;;;;;;;;;;;;;;;;;;;;;;;;
France;Données consolidées;2024-01-26;12:00;2024-01-26T12:00:00+01:00;63059;62300;60400;89;487;2433;47947;11586;4132;7979;-1143;1198;-11540;26;-3003;207;-3955;-3200;-2368;0;70;21;117;1083;181;1052;5800;2172;7;501;366;330
France;Données consolidées;2024-01-26;14:00;2024-01-26T14:00:00+01:00;58956;58100;57400;92;287;2479;47239;9655;4837;7696;-2522;1215;-11889;25;-1819;493;-3955;-3200;-1421;0;72;21;109;1090;217;1063;5753;1937;7;520;361;333
France;Données consolidées;2024-01-26;17:00;2024-01-26T17:00:00+01:00;55766;55600;54400;89;0;2385;47369;4438;931;9141;-17;1227;-9697;22;-2276;375;-3978;-3003;-1121;0;70;21;123;1089;102;1070;5840;2966;335;518;365;343
France;Données consolidées;2024-01-26;18:15;2024-01-26T18:15:00+01:00;;61100;59950;;;;;;;;;;;;;;;;;;;;;;;;;;;;;
France;Données consolidées;2024-01-26;19:00;2024-01-26T19:00:00+01:00;63849;62800;61500;92;1;3324;48428;3253;0;16608;-14;1215;-8957;24;-2392;-2500;-4318;30;1100;0;72;21;148;1108;994;1074;7043;5907;3658;503;371;341
France;Données consolidées;2024-01-26;20:30;2024-01-26T20:30:00+01:00;60726;59800;58300;92;2;3308;48488;2496;0;14345;-60;1224;-9042;25;-2732;-2938;-4318;-1004;1860;0;72;21;149;1089;1019;1050;6923;4475;2947;511;374;339
France;Données consolidées;2024-01-26;21:15;2024-01-26T21:15:00+01:00;;58050;56500;;;;;;;;;;;;;;;;;;;;;;;;;;;;;
France;Données consolidées;2024-01-26;22:15;2024-01-26T22:15:00+01:00;;57250;55550;;;;;;;;;;;;;;;;;;;;;;;;;;;;;
France;Données consolidées;2024-01-26;22:30;2024-01-26T22:30:00+01:00;57851;57900;56200;93;1;3255;48423;2048;0;11339;-14;1243;-8427;26;-818;-2199;-4425;-3190;3337;0;74;21;147;1091;968;1048;6562;3291;1485;523;377;343
France;Données consolidées;2024-01-26;22:45;2024-01-26T22:45:00+01:00;;58950;57200;;;;;;;;;;;;;;;;;;;;;;;;;;;;;
France;Données consolidées;2024-01-26;23:45;2024-01-26T23:45:00+01:00;;57550;57400;;;;;;;;;;;;;;;;;;;;;;;;;;;;;
France;Données consolidées;2024-01-27;00:00;2024-01-27T00:00:00+01:00;58257;56000;57300;93;4;3096;48461;1873;0;9648;-177;1235;-5846;26;-90;-1948;-3815;-3197;2763;0;73;21;148;1073;823;1053;6178;2662;809;521;376;338
France;Données consolidées;2024-01-27;01:30;2024-01-27T01:30:00+01:00;54900;52900;54400;93;4;2394;47570;1981;0;9044;-525;1234;-6800;23;-20;-2189;-3815;-3200;1951;0;74;21;106;1077;161;1050;5921;2744;378;518;375;341
France;Données consolidées;2024-01-27;02:30;2024-01-27T02:30:00+01:00;54379;51300;53200;93;4;2415;48048;2042;0;8693;-525;1246;-7536;23;-668;-1570;-3815;-3199;1468;0;74;21;110;1076;181;1049;5961;2649;82;526;378;341
France;Données consolidées;2024-01-27;03:00;2024-01-27T03:00:00+01:00;53012;50300;52000;92;3;2344;48049;2083;0;8143;-815;1237;-8024;23;-510;-2092;-3754;-3200;547;0;73;21;106;1076;114;1048;5866;2270;7;522;378;337
France;Données consolidées;2024-01-27;06:30;2024-01-27T06:30:00+01:00;53421;51600;52600;92;3;2411;48200;2764;0;7635;-516;1218;-8282;23;154;-519;-3815;-3193;-734;0;73;21;147;1081;144;1038;5554;2076;6;504;376;337
France;Données consolidées;2024-01-27;06:45;2024-01-27T06:45:00+01:00;;52150;53150;;;;;;;;;;;;;;;;;;;;;;;;;;;;;
France;Données consolidées;2024-01-27;07:45;2024-01-27T07:45:00+01:00;;54700;56000;;;;;;;;;;;;;;;;;;;;;;;;;;;;;
France;Données consolidées;2024-01-27;09:45;2024-01-27T09:45:00+01:00;;59150;59800;;;;;;;;;;;;;;;;;;;;;;;;;;;;;
France;Données consolidées;2024-01-27;10:45;2024-01-27T10:45:00+01:00;;59150;59750;;;;;;;;;;;;;;;;;;;;;;;;;;;;;
France;Données consolidées;2024-01-27;11:45;2024-01-27T11:45:00+01:00;;58650;59100;;;;;;;;;;;;;;;;;;;;;;;;;;;;;
France;Données consolidées;2024-01-27;12:30;2024-01-27T12:30:00+01:00;60703;57900;58500;93;10;2410;47764;1432;8274;8428;-876;1242;-7969;21;-2739;1168;-3696;-3200;-204;0;74;21;115;1094;158;1043;5860;2561;7;516;377;348
France;Données consolidées;2024-01-27;13:00;2024-01-27T13:00:00+01:00;59647;56800;57100;93;11;2397;47412;1173;8744;8186;-1050;1254;-8470;21;-3013;960;-3411;-2967;-1298;0;74;21;114;1094;147;1042;5824;2355;7;521;384;348
France;Données consolidées;2024-01-27;13:15;2024-01-27T13:15:00+01:00;;56000;56000;;;;;;;;;;;;;;;;;;;;;;;;;;;;;
France;Données consolidées;2024-01-27;16:15;2024-01-27T16:15:00+01:00;;51650;52050;;;;;;;;;;;;;;;;;;;;;;;;;;;;;
France;Données consolidées;2024-01-27;17:30;2024-01-27T17:30:00+01:00;54239;53800;54600;89;11;4638;48406;2147;367;11817;-16;1261;-14377;33;-2370;2200;-4573;-2795;-6825;0;72;18;146;1091;2364;1037;6356;3896;1565;528;381;352
France;Données consolidées;2024-01-27;19:30;2024-01-27T19:30:00+01:00;61618;59700;60800;93;11;5024;48510;5083;0;15084;-14;1254;-13320;32;-2691;-1991;-4314;-336;-3723;0;73;21;147;1111;2725;1041;7025;5372;2687;521;386;346
France;Données consolidées;2024-01-27;20:00;2024-01-27T20:00:00+01:00;60844;58900;59900;93;11;5027;48332;5711;0;14185;-14;1253;-13638;32;-2424;-2481;-4285;-2211;-3826;0;74;21;148;1110;2730;1039;7021;4787;2378;519;386;347
France;Données consolidées;2024-01-27;20:30;2024-01-27T20:30:00+01:00;59540;57700;58600;92;11;4899;48535;6301;0;13936;-14;1248;-15364;31;-2424;-2481;-4285;-2211;-3969;0;73;21;151;1110;2601;1039;6865;4665;2406;517;381;350
France;Données consolidées;2024-01-27;21:15;2024-01-27T21:15:00+01:00;;56300;57050;;;;;;;;;;;;;;;;;;;;;;;;;;;;;
France;Données consolidées;2024-01-27;22:45;2024-01-27T22:45:00+01:00;;57650;58100;;;;;;;;;;;;;;;;;;;;;;;;;;;;;
France;Données consolidées;2024-01-27;23:00;2024-01-27T23:00:00+01:00;59399;58500;58900;92;11;5008;47883;7171;0;11304;-14;1248;-13202;33;-503;-201;-4341;-3200;-3442;0;73;21;148;1101;2711;1049;6379;3615;1311;524;375;349
France;Données consolidées;2024-01-27;23:30;2024-01-27T23:30:00+01:00;59021;58000;58500;92;11;4667;47786;7174;0;9885;-14;1217;-11690;32;-503;-201;-4341;-3200;-3314;0;72;21;148;1095;2376;1048;6090;2988;806;519;350;348
France;Données consolidées;2024-01-28;01:15;2024-01-28T01:15:00+01:00;;55050;55300;;;;;;;;;;;;;;;;;;;;;;;;;;;;;
France;Données consolidées;2024-01-28;02:15;2024-01-28T02:15:00+01:00;;54300;54950;;;;;;;;;;;;;;;;;;;;;;;;;;;;;
France;Données consolidées;2024-01-28;04:30;2024-01-28T04:30:00+01:00;51779;49800;50500;92;11;2358;46438;7683;0;7929;-2622;1250;-11255;23;-587;1503;-4268;-3195;-5599;0;72;21;110;1075;138;1035;5491;2432;6;519;389;342
France;Données consolidées;2024-01-28;05:00;2024-01-28T05:00:00+01:00;51458;49600;50000;93;11;2371;46413;7859;0;7663;-2655;1243;-11432;23;69;1073;-4254;-3198;-5118;0;73;21;110;1076;150;1035;5322;2335;6;512;389;343
France;Données consolidées;2024-01-28;05:30;2024-01-28T05:30:00+01:00;52013;49900;50800;93;11;2343;46423;8088;0;7467;-2984;1241;-10557;23;69;1073;-4254;-3198;-5001;0;74;21;110;1077;122;1034;5255;2206;6;508;390;343
France;Données consolidées;2024-01-28;07:00;2024-01-28T07:00:00+01:00;53828;50500;52700;92;11;2401;46453;8852;0;7963;-1826;1222;-11239;22;302;1513;-4023;-3200;-6037;0;73;21;110;1077;180;1035;5416;2396;151;497;382;342
France;Données consolidées;2024-01-28;07:30;2024-01-28T07:30:00+01:00;54776;51200;53300;92;11;2338;47075;9425;0;8094;-2019;1224;-11360;21;302;1513;-4023;-3200;-5999;0;72;21;110;1076;118;1034;5444;2317;332;499;382;343
France;Données consolidées;2024-01-28;07:45;2024-01-28T07:45:00+01:00;;51550;53650;;;;;;;;;;;;;;;;;;;;;;;;;;;;;
France;Données consolidées;2024-01-28;09:30;2024-01-28T09:30:00+01:00;58849;55300;57300;93;11;2359;47099;9412;1934;8462;-1268;1220;-10363;20;19;3095;-4227;-3200;-6692;0;73;21;110;1090;125;1034;5532;2469;461;494;382;343
France;Données consolidées;2024-01-28;11:15;2024-01-28T11:15:00+01:00;;56450;57550;;;;;;;;;;;;;;;;;;;;;;;;;;;;;
France;Données consolidées;2024-01-28;11:30;2024-01-28T11:30:00+01:00;60323;56300;57600;93;11;2417;46497;7516;7038;7089;-3059;1229;-8400;21;-2037;1327;-4434;-3200;-369;0;73;21;107;1089;186;1034;5304;1779;6;502;382;345
France;Données consolidées;2024-01-28;12:00;2024-01-28T12:00:00+01:00;60487;56500;58200;93;12;2359;46265;6811;7791;7558;-2639;1226;-8886;20;-2533;1692;-3938;-3200;-2435;0;73;21;106;1086;137;1031;5383;2168;7;500;381;344
France;Données consolidées;2024-01-28;12:15;2024-01-28T12:15:00+01:00;;55750;57450;;;;;;;;;;;;;;;;;;;;;;;;;;;;;
France;Données consolidées;2024-01-28;12:30;2024-01-28T12:30:00+01:00;60231;55000;56700;94;12;2417;46363;6186;8269;7978;-2634;1235;-9586;21;-2533;1692;-3938;-3200;-2382;0;74;21;105;1084;202;1026;5597;2374;7;507;382;347
France;Données consolidées;2024-01-28;14:00;2024-01-28T14:00:00+01:00;54852;50800;52500;94;11;2368;46751;5158;7634;7173;-3055;1245;-12424;21;-2799;874;-3649;-3200;-3088;0;74;21;108;1076;169;1015;5424;1743;7;512;385;347
France;Données consolidées;2024-01-28;14:15;2024-01-28T14:15:00+01:00;;50500;52200;;;;;;;;;;;;;;;;;;;;;;;;;;;;;
France;Données consolidées;2024-01-28;19:00;2024-01-28T19:00:00+01:00;60950;58800;60000;92;8;2555;48299;8481;2;11695;-14;1229;-11300;21;-3014;-172;-4641;-2508;-1931;0;72;21;177;1137;213;1028;6247;3545;1903;508;377;343
France;Données consolidées;2024-01-28;20:00;2024-01-28T20:00:00+01:00;60924;57600;58800;92;9;2561;47400;9239;2;13363;-14;1226;-12856;20;-2846;-1842;-4554;-3196;-1825;0;72;21;184;1144;204;1030;6385;4493;2485;511;371;344
France;Données consolidées;2024-01-29;01:15;2024-01-29T01:15:00+01:00;;52500;52900;;;;;;;;;;;;;;;;;;;;;;;;;;;;;
France;Données consolidées;2024-01-29;01:45;2024-01-29T01:45:00+01:00;;52900;53500;;;;;;;;;;;;;;;;;;;;;;;;;;;;;
France;Données consolidées;2024-01-29;02:30;2024-01-29T02:30:00+01:00;53803;52000;52600;92;0;2298;47421;7872;0;7793;-2735;1208;-10050;22;-3014;1232;-4174;-3100;-1648;0;72;21;109;1083;94;1012;5493;2293;6;497;372;339
France;Données consolidées;2024-01-29;04:30;2024-01-29T04:30:00+01:00;50986;49300;49700;92;178;2407;47354;7165;1;7564;-2444;1212;-12454;25;-3014;1594;-4338;-3200;-3862;0;73;21;109;1085;199;1014;5569;1989;6;495;380;337
France;Données consolidées;2024-01-29;07:00;2024-01-29T07:00:00+01:00;61976;60800;61600;90;434;3995;47849;6651;1;12871;-14;1200;-11021;33;-310;0;-4473;-1612;-3284;0;71;21;149;1110;1717;1018;6097;5154;1620;483;380;337
France;Données consolidées;2024-01-29;07:30;2024-01-29T07:30:00+01:00;65052;63800;64100;85;434;5269;47746;6741;1;13639;-15;1203;-9965;38;-310;0;-4473;-1612;-3367;0;66;21;149;1115;2979;1027;6241;5283;2115;484;379;339
France;Données consolidées;2024-01-29;08:00;2024-01-29T08:00:00+01:00;66530;65400;65700;85;434;5526;47779;6699;3;14900;-14;1214;-10009;38;-758;795;-4485;-2079;-3781;0;65;21;149;1111;3235;1031;6412;5601;2886;491;384;338
France;Données consolidées;2024-01-29;09:30;2024-01-29T09:30:00+01:00;67540;66200;66100;85;434;5557;47912;6608;2023;14598;-16;1175;-10731;38;-2302;-672;-4485;-691;-1997;0;66;21;147;1101;3279;1030;6372;5484;2742;474;368;333
France;Données consolidées;2024-01-29;12:00;2024-01-29T12:00:00+01:00;64451;65000;62500;86;434;3999;47742;5080;7393;9548;-432;1179;-10500;32;-3014;-180;-4478;-3195;-1193;0;67;21;146;1098;1725;1030;6075;3391;82;478;367;334
France;Données consolidées;2024-01-29;13:15;2024-01-29T13:15:00+01:00;;61800;59000;;;;;;;;;;;;;;;;;;;;;;;;;;;;;
France;Données consolidées;2024-01-29;15:30;2024-01-29T15:30:00+01:00;58419;59700;56900;84;439;4517;47621;4211;4421;9467;-635;1197;-12812;36;-3014;1818;-4485;-3200;-4529;0;65;21;141;1090;2252;1034;6304;2861;302;483;381;334
France;Données consolidées;2024-01-29;17:45;2024-01-29T17:45:00+01:00;;61500;58550;;;;;;;;;;;;;;;;;;;;;;;;;;;;;
France;Données consolidées;2024-01-29;20:30;2024-01-29T20:30:00+01:00;61824;61600;59400;89;315;5737;47002;8998;1;13985;-14;1234;-15433;38;-1530;-3098;-4485;-3200;-3656;0;70;21;146;1106;3442;1042;6797;5560;1629;499;393;342
France;Données consolidées;2024-01-29;22:45;2024-01-29T22:45:00+01:00;;57950;56550;;;;;;;;;;;;;;;;;;;;;;;;;;;;;
France;Données consolidées;2024-01-29;23:15;2024-01-29T23:15:00+01:00;;58350;57000;;;;;;;;;;;;;;;;;;;;;;;;;;;;;
France;Données consolidées;2024-01-30;03:30;2024-01-30T03:30:00+01:00;51382;50000;49800;88;316;4117;47912;6800;0;8457;-528;1226;-16898;34;-2368;-2991;-4341;-3200;-4174;0;69;21;140;1076;1867;1034;5822;2243;392;490;398;337
France;Données consolidées;2024-01-30;03:45;2024-01-30T03:45:00+01:00;;49600;49600;;;;;;;;;;;;;;;;;;;;;;;;;;;;;
France;Données consolidées;2024-01-30;04:15;2024-01-30T04:15:00+01:00;;49100;49250;;;;;;;;;;;;;;;;;;;;;;;;;;;;;
France;Données consolidées;2024-01-30;05:00;2024-01-30T05:00:00+01:00;50734;49400;50500;89;316;4090;47895;6589;0;8015;-1351;1210;-16016;35;-1309;-963;-4341;-3200;-4299;0;69;21;136;1076;1844;1033;5745;2167;103;491;384;335
France;Données consolidées;2024-01-30;06:00;2024-01-30T06:00:00+01:00;54330;53400;53400;89;314;4362;48026;6813;0;8669;-1346;1210;-13695;35;355;129;-4341;-3200;-4117;0;69;21;143;1100;2085;1033;5763;2646;261;483;394;333
France;Données consolidées;2024-01-30;09:00;2024-01-30T09:00:00+01:00;65428;64300;63200;170;438;6930;47914;6468;686;13127;-31;1186;-11358;45;-1546;-2535;-3927;-1672;-1502;81;70;20;144;1094;4649;1042;6505;4869;1752;472;382;331
France;Données consolidées;2024-01-30;09:45;2024-01-30T09:45:00+01:00;;64200;63600;;;;;;;;;;;;;;;;;;;;;;;;;;;;;
France;Données consolidées;2024-01-30;11:45;2024-01-30T11:45:00+01:00;;62550;62050;;;;;;;;;;;;;;;;;;;;;;;;;;;;;
France;Données consolidées;2024-01-30;12:45;2024-01-30T12:45:00+01:00;;60750;60300;;;;;;;;;;;;;;;;;;;;;;;;;;;;;
France;Données consolidées;2024-01-30;14:00;2024-01-30T14:00:00+01:00;60086;59000;58600;129;439;4151;47901;3999;7310;8244;-596;1205;-12593;34;-2307;2072;-4422;-3200;-4264;40;69;20;143;1073;1895;1040;5828;2315;102;476;399;330
France;Données consolidées;2024-01-30;14:30;2024-01-30T14:30:00+01:00;60127;59300;59000;86;439;4553;47909;3547;6806;8554;-600;1204;-12275;36;-2307;2072;-4422;-3200;-4431;0;68;20;143;1080;2291;1040;5934;2422;198;475;398;330
France;Données consolidées;2024-01-30;14:45;2024-01-30T14:45:00+01:00;;59150;58600;;;;;;;;;;;;;;;;;;;;;;;;;;;;;
France;Données consolidées;2024-01-30;15:45;2024-01-30T15:45:00+01:00;;57900;57150;;;;;;;;;;;;;;;;;;;;;;;;;;;;;
France;Données consolidées;2024-01-30;16:00;2024-01-30T16:00:00+01:00;58072;57600;56800;85;438;5304;47818;2672;4214;8936;-15;1227;-12506;41;-2350;2000;-4447;-3200;-4787;0;67;20;146;1079;3038;1041;6165;2552;219;489;403;335
France;Données consolidées;2024-01-30;16:15;2024-01-30T16:15:00+01:00;;57250;56400;;;;;;;;;;;;;;;;;;;;;;;;;;;;;
France;Données consolidées;2024-01-30;16:45;2024-01-30T16:45:00+01:00;;57150;56350;;;;;;;;;;;;;;;;;;;;;;;;;;;;;
France;Données consolidées;2024-01-30;17:15;2024-01-30T17:15:00+01:00;;57750;57150;;;;;;;;;;;;;;;;;;;;;;;;;;;;;
France;Données consolidées;2024-01-30;17:45;2024-01-30T17:45:00+01:00;;59250;58800;;;;;;;;;;;;;;;;;;;;;;;;;;;;;
France;Données consolidées;2024-01-30;19:30;2024-01-30T19:30:00+01:00;65793;63700;64000;86;311;6563;48147;1293;0;16883;-14;1224;-8597;43;-2308;-2700;-4145;737;-273;0;68;20;143;1111;4243;1066;7115;6108;3660;477;410;337
France;Données consolidées;2024-01-30;19:45;2024-01-30T19:45:00+01:00;;62850;63250;;;;;;;;;;;;;;;;;;;;;;;;;;;;;
France;Données consolidées;2024-01-30;20:00;2024-01-30T20:00:00+01:00;64583;62000;62500;86;312;6599;48160;1221;0;16046;-14;1226;-8950;44;-2595;-2700;-4145;-54;-868;0;68;20;147;1112;4276;1064;7061;5755;3231;485;408;333
France;Données consolidées;2024-01-30;20:30;2024-01-30T20:30:00+01:00;62669;60000;60800;86;315;6940;48162;1123;0;15274;-15;1218;-10332;45;-2595;-2700;-4145;-54;-1266;0;68;20;147;1106;4643;1044;6939;5776;2559;479;405;334
France;Données consolidées;2024-01-30;22:15;2024-01-30T22:15:00+01:00;;56150;57050;;;;;;;;;;;;;;;;;;;;;;;;;;;;;
France;Données consolidées;2024-01-30;23:00;2024-01-30T23:00:00+01:00;59426;58500;59400;84;315;6486;48271;832;0;11499;-71;1229;-9116;46;-459;-1670;-4315;-3107;1042;0;66;20;143;1095;4217;1030;6408;4147;945;490;403;336
France;Données consolidées;2024-01-31;00:00;2024-01-31T00:00:00+01:00;58131;57000;57400;85;314;6098;48298;839;0;10073;-71;1218;-8616;45;-334;-676;-4021;-2739;-688;0;67;20;144;1090;3845;1020;6088;3308;677;486;395;337
France;Données consolidées;2024-01-31;00:15;2024-01-31T00:15:00+01:00;;56350;56600;;;;;;;;;;;;;;;;;;;;;;;;;;;;;
France;Données consolidées;2024-01-31;01:00;2024-01-31T01:00:00+01:00;54601;53700;54300;84;314;4312;48201;760;0;8793;-224;1230;-8768;38;-1295;575;-4021;-3051;-672;0;66;20;140;1058;2082;1033;5870;2725;199;496;400;334
France;Données consolidées;2024-01-31;04:45;2024-01-31T04:45:00+01:00;;51550;51600;;;;;;;;;;;;;;;;;;;;;;;;;;;;;
France;Données consolidées;2024-01-31;05:30;2024-01-31T05:30:00+01:00;54321;53600;53800;86;314;5476;48282;654;0;8210;-16;1209;-9800;44;1661;1069;-4100;-3200;-5169;0;68;20;143;1086;3210;1037;6141;2004;64;483;394;332
France;Données consolidées;2024-01-31;07:30;2024-01-31T07:30:00+01:00;65037;64200;64200;86;315;7788;48347;826;0;14532;-14;1194;-7938;49;2235;395;-4071;-2971;-3680;0;68;20;150;1125;5458;1055;6617;5251;2664;471;392;332
France;Données consolidées;2024-01-31;08:00;2024-01-31T08:00:00+01:00;66847;65900;66100;87;421;7852;48355;838;1;16231;-14;1193;-8015;50;1795;-239;-3769;-2180;-3298;0;70;20;150;1130;5489;1083;6703;5853;3675;477;384;332
France;Données consolidées;2024-01-31;09:45;2024-01-31T09:45:00+01:00;;66650;66650;;;;;;;;;;;;;;;;;;;;;;;;;;;;;
France;Données consolidées;2024-01-31;10:45;2024-01-31T10:45:00+01:00;;65450;65300;;;;;;;;;;;;;;;;;;;;;;;;;;;;;
France;Données consolidées;2024-01-31;12:00;2024-01-31T12:00:00+01:00;65596;65000;64100;87;437;6663;47672;1069;7326;9946;-75;1190;-8617;45;457;2200;-4203;-2541;-4415;0;69;20;148;1116;4351;1048;6176;3168;602;475;390;324
France;Données consolidées;2024-01-31;12:45;2024-01-31T12:45:00+01:00;;62650;61850;;;;;;;;;;;;;;;;;;;;;;;;;;;;;
France;Données consolidées;2024-01-31;13:30;2024-01-31T13:30:00+01:00;61807;61100;60400;86;439;4384;47646;1966;8301;8935;-15;1202;-11005;35;199;2200;-4284;-2741;-5289;0;68;20;146;1088;2091;1059;5885;2598;453;469;394;339
France;Données consolidées;2024-01-31;16:00;2024-01-31T16:00:00+01:00;58395;57800;57400;85;434;3704;47680;2810;4457;8125;-536;1215;-9505;34;158;1761;-4487;-3200;-4537;0;67;20;147;1091;1398;1067;5718;2205;201;482;393;340
France;Données consolidées;2024-01-31;20:15;2024-01-31T20:15:00+01:00;;62400;62100;;;;;;;;;;;;;;;;;;;;;;;;;;;;;
France;Données consolidées;2024-01-31;22:00;2024-01-31T22:00:00+01:00;58768;57100;56800;93;315;2723;47644;7343;0;8348;-597;1257;-8256;27;-1744;-2512;-4059;-3200;4169;6;67;20;115;1091;477;1040;5681;2520;147;503;407;347
France;Données consolidées;2024-01-31;23:30;2024-01-31T23:30:00+01:00;59390;58700;58400;93;315;2600;47391;8126;0;7637;-2008;1262;-5910;28;-807;-2742;-3891;-3200;4995;6;67;20;115;1082;363;1041;5449;2038;149;505;412;344
France;Données consolidées;2024-01-01;00:00;2024-01-01T00:00:00+01:00;55239;55000;54200;96;18;1975;39886;15557;0;6671;-2274;1211;-7824;20;-1447;-2636;-2235;-2214;2360;14;63;18;88;761;201;926;5001;1553;117;510;354;347
France;Données consolidées;2024-01-01;00:30;2024-01-01T00:30:00+01:00;54560;53600;52600;96;17;1919;37436;15459;0;6512;-2158;1212;-5831;21;-1447;-2636;-2235;-2214;2336;14;64;18;88;754;140;936;4937;1569;6;510;355;347
France;Données consolidées;2024-01-01;04:30;2024-01-01T04:30:00+01:00;47904;46600;46400;95;17;2005;36550;8894;0;5789;-2775;1218;-3779;25;-1394;-2590;-2380;-1874;3601;14;63;18;94;763;203;946;4964;819;6;510;363;345
France;Données consolidées;2024-01-01;05:45;2024-01-01T05:45:00+01:00;;45900;46300;;;;;;;;;;;;;;;;;;;;;;;;;;;;;
France;Données consolidées;2024-01-01;06:00;2024-01-01T06:00:00+01:00;47332;45600;46300;96;18;1973;36262;8582;0;5728;-2859;1211;-3570;25;-1167;-2600;-2322;-1853;3685;14;64;18;97;770;158;948;4856;866;6;504;361;345
France;Données consolidées;2024-01-01;07:00;2024-01-01T07:00:00+01:00;48023;45100;46800;96;17;1989;37007;8332;0;5687;-2495;1200;-3712;25;-1600;-2600;-2319;-1662;3954;14;64;18;98;776;170;946;4748;933;6;502;355;342
France;Données consolidées;2024-01-01;10:45;2024-01-01T10:45:00+01:00;;49350;49500;;;;;;;;;;;;;;;;;;;;;;;;;;;;;
France;Données consolidées;2024-01-01;11:00;2024-01-01T11:00:00+01:00;51363;50000;49900;91;18;2033;36962;10928;3384;5853;-2766;1201;-6247;22;-3014;-2251;-928;-1419;1502;14;60;18;100;773;197;963;4906;941;6;504;354;343
France;Données consolidées;2024-01-01;11:15;2024-01-01T11:15:00+01:00;;50550;50000;;;;;;;;;;;;;;;;;;;;;;;;;;;;;
France;Données consolidées;2024-01-01;13:15;2024-01-01T13:15:00+01:00;;50000;49850;;;;;;;;;;;;;;;;;;;;;;;;;;;;;
France;Données consolidées;2024-01-01;14:15;2024-01-01T14:15:00+01:00;;48900;48700;;;;;;;;;;;;;;;;;;;;;;;;;;;;;
France;Données consolidées;2024-01-01;14:45;2024-01-01T14:45:00+01:00;;48500;48300;;;;;;;;;;;;;;;;;;;;;;;;;;;;;
France;Données consolidées;2024-01-01;15:00;2024-01-01T15:00:00+01:00;49833;48000;47800;91;18;1945;37630;9366;3974;7047;-781;1194;-10557;21;-3013;1526;-2438;-3200;-5217;15;58;18;99;775;110;961;5177;1640;230;493;354;348
France;Données consolidées;2024-01-01;16:30;2024-01-01T16:30:00+01:00;49174;47200;47000;91;18;2001;41482;9019;1034;9865;-345;1189;-15069;20;-3014;-354;-2438;-3200;-6260;15;59;17;100;776;166;958;5555;3079;1231;490;351;348
France;Données consolidées;2024-01-01;16:45;2024-01-01T16:45:00+01:00;;47750;47550;;;;;;;;;;;;;;;;;;;;;;;;;;;;;
France;Données consolidées;2024-01-01;20:30;2024-01-01T20:30:00+01:00;55429;51900;51700;90;17;1972;43541;15824;0;10257;-22;1198;-17343;17;-3014;-2800;-2249;-3190;-5578;15;61;15;96;772;145;959;5668;2380;2210;499;355;344
France;Données consolidées;2024-01-01;21:00;2024-01-01T21:00:00+01:00;54789;51600;51400;90;17;2035;42953;16369;0;9327;-22;1199;-17073;18;-3014;-2800;-2438;-3200;-5159;15;61;15;98;773;205;959;5618;2167;1543;496;358;345
France;Données consolidées;2024-01-01;21:30;2024-01-01T21:30:00+01:00;54091;50700;50500;90;16;1963;42869;16675;0;8519;-379;1211;-16776;18;-3014;-2800;-2438;-3200;-5272;15;61;15;100;777;129;957;5425;1874;1220;504;361;346
France;Données consolidées;2024-01-01;23:15;2024-01-01T23:15:00+01:00;;52750;52550;;;;;;;;;;;;;;;;;;;;;;;;;;;;;
France;Données consolidées;2024-01-01;23:30;2024-01-01T23:30:00+01:00;54302;52500;52300;90;17;1982;41705;17064;0;7384;-432;1183;-14582;18;-2075;-2800;-2337;-3200;-4029;14;61;15;99;828;98;957;5350;1695;339;488;352;342
France;Données consolidées;2024-01-02;02:45;2024-01-02T02:45:00+01:00;;46400;47900;;;;;;;;;;;;;;;;;;;;;;;;;;;;;
France;Données consolidées;2024-01-02;03:30;2024-01-02T03:30:00+01:00;47481;45100;46000;91;17;2091;37894;17295;0;6102;-3028;1189;-14065;21;-1746;-2450;-2380;-3200;-4513;15;62;15;93;886;150;961;4977;1119;6;497;347;344
France;Données consolidées;2024-01-02;04:00;2024-01-02T04:00:00+01:00;46688;44500;45400;92;17;2107;37080;17254;0;6056;-2868;1199;-14142;22;-1828;-2775;-2438;-3200;-4900;14;64;15;93;886;167;961;4922;1129;5;501;354;344
France;Données consolidées;2024-01-02;04:45;2024-01-02T04:45:00+01:00;;44050;45500;;;;;;;;;;;;;;;;;;;;;;;;;;;;;
France;Données consolidées;2024-01-02;05:30;2024-01-02T05:30:00+01:00;47968;44900;46900;92;18;2084;37903;17179;0;5952;-2446;1188;-13909;21;-1724;-2775;-2553;-3200;-5151;15;63;15;93;884;148;958;4845;1102;5;496;351;340
France;Données consolidées;2024-01-02;08:30;2024-01-02T08:30:00+01:00;57356;53000;56000;89;19;2185;44580;17021;11;9328;-24;1176;-16926;18;-2994;-1931;-2855;-3200;-6260;14;61;14;100;937;145;1003;5885;2778;665;487;354;334
France;Données consolidées;2024-01-02;08:45;2024-01-02T08:45:00+01:00;;53450;56350;;;;;;;;;;;;;;;;;;;;;;;;;;;;;
France;Données consolidées;2024-01-02;12:30;2024-01-02T12:30:00+01:00;62935;59400;61700;97;16;2248;45647;17709;1788;10777;-76;1161;-16327;17;-3014;-913;-3078;-3200;-7919;14;61;21;100;963;154;1031;5966;2686;2125;477;343;340
France;Données consolidées;2024-01-02;13:15;2024-01-02T13:15:00+01:00;;57750;60400;;;;;;;;;;;;;;;;;;;;;;;;;;;;;
France;Données consolidées;2024-01-02;13:30;2024-01-02T13:30:00+01:00;61445;57100;60000;97;17;2215;45776;17904;1786;11169;-189;1183;-18408;17;-3014;-1260;-3078;-3200;-8227;14;61;21;98;967;114;1036;5883;3149;2138;488;361;333
France;Données consolidées;2024-01-02;13:45;2024-01-02T13:45:00+01:00;;56900;60200;;;;;;;;;;;;;;;;;;;;;;;;;;;;;
France;Données consolidées;2024-01-02;14:00;2024-01-02T14:00:00+01:00;61008;56700;60400;98;16;2246;45769;17978;1705;10847;-349;1178;-18370;17;-3014;-601;-3134;-3200;-8081;14;63;21;96;968;152;1030;5817;3028;2002;478;365;335
France;Données consolidées;2024-01-02;14:30;2024-01-02T14:30:00+01:00;61105;56400;60000;96;17;2229;45821;17887;1470;10106;-341;1176;-17251;17;-3014;-601;-3134;-3200;-8081;14;61;20;98;968;131;1032;5790;2907;1408;477;360;338
France;Données consolidées;2024-01-02;15:00;2024-01-02T15:00:00+01:00;60784;55700;59900;101;16;2190;45702;17821;1247;10122;-343;1188;-17137;17;-3014;-279;-3246;-3200;-7557;19;62;20;99;964;101;1026;5889;2979;1255;483;364;340
France;Données consolidées;2024-01-02;15:30;2024-01-02T15:30:00+01:00;60388;54800;58800;96;17;2196;45872;17826;846;9895;-342;1189;-17101;17;-3014;-279;-3246;-3200;-7557;15;61;20;99;963;105;1029;5771;2985;1139;481;362;345
France;Données consolidées;2024-01-02;17:30;2024-01-02T17:30:00+01:00;60131;56400;59400;98;10;2286;46251;17368;1;9169;-59;1193;-16094;18;-3014;0;-3357;-3054;-6395;14;63;21;94;1007;147;1037;6110;2765;294;482;367;344
France;Données consolidées;2024-01-02;19:15;2024-01-02T19:15:00+01:00;;59000;61100;;;;;;;;;;;;;;;;;;;;;;;;;;;;;
France;Données consolidées;2024-01-02;20:00;2024-01-02T20:00:00+01:00;61945;57200;58900;96;11;2274;46524;17103;1;12671;-22;1193;-17806;17;-3014;-2653;-3413;-3150;-5849;14;61;21;94;1020;110;1050;6508;3503;2660;477;371;345
France;Données consolidées;2024-01-02;20:45;2024-01-02T20:45:00+01:00;;54800;56200;;;;;;;;;;;;;;;;;;;;;;;;;;;;;
France;Données consolidées;2024-01-02;21:30;2024-01-02T21:30:00+01:00;56750;52900;53900;97;11;2237;45430;17451;0;7654;-747;1201;-16457;19;-3014;-2600;-1656;-3200;-5085;14;61;21;89;998;108;1042;5741;1908;6;490;365;346
France;Données consolidées;2024-01-02;23:15;2024-01-02T23:15:00+01:00;;53050;54850;;;;;;;;;;;;;;;;;;;;;;;;;;;;;
France;Données consolidées;2024-01-03;00:15;2024-01-03T00:15:00+01:00;;52500;52850;;;;;;;;;;;;;;;;;;;;;;;;;;;;;
France;Données consolidées;2024-01-03;01:30;2024-01-03T01:30:00+01:00;51307;50400;50400;95;11;2231;42559;16715;0;6547;-2217;1207;-15732;20;-2785;-2733;-3361;-3200;-3632;14;60;21;93;1000;105;1034;5265;1277;5;505;359;342
France;Données consolidées;2024-01-03;02:30;2024-01-03T02:30:00+01:00;50346;48900;49400;94;11;2241;41990;10298;0;7156;-1904;1215;-10635;22;-2863;-2041;-2707;-3064;-830;13;60;21;93;997;130;1021;5168;1982;5;514;360;341
France;Données consolidées;2024-01-03;03:45;2024-01-03T03:45:00+01:00;;46350;46700;;;;;;;;;;;;;;;;;;;;;;;;;;;;;
France;Données consolidées;2024-01-03;04:00;2024-01-03T04:00:00+01:00;47271;46000;46400;95;11;2225;41792;10306;1;6351;-2866;1217;-11752;23;-2915;-1856;-2261;-3173;-1209;12;62;21;93;1001;110;1021;5242;1104;5;514;365;338
France;Données consolidées;2024-01-03;05:15;2024-01-03T05:15:00+01:00;;47150;47450;;;;;;;;;;;;;;;;;;;;;;;;;;;;;
France;Données consolidées;2024-01-03;05:30;2024-01-03T05:30:00+01:00;49224;47900;48100;95;11;2236;41505;16540;0;6573;-1367;1196;-17447;21;-2716;-2689;-3042;-3187;-4862;12;62;21;93;1006;112;1025;5352;1216;5;504;360;332
France;Données consolidées;2024-01-03;05:45;2024-01-03T05:45:00+01:00;;48650;48950;;;;;;;;;;;;;;;;;;;;;;;;;;;;;
France;Données consolidées;2024-01-03;06:00;2024-01-03T06:00:00+01:00;50375;49400;49800;95;10;2287;42331;16679;1;6496;-2089;1193;-16533;21;-2449;-2500;-3641;-3199;-4100;12;62;21;96;1001;165;1025;5358;1134;5;502;358;332
France;Données consolidées;2024-01-03;06:45;2024-01-03T06:45:00+01:00;;52600;53000;;;;;;;;;;;;;;;;;;;;;;;;;;;;;
France;Données consolidées;2024-01-03;07:15;2024-01-03T07:15:00+01:00;;54300;54800;;;;;;;;;;;;;;;;;;;;;;;;;;;;;
France;Données consolidées;2024-01-03;08:30;2024-01-03T08:30:00+01:00;59612;58200;58200;98;13;2297;47004;17152;15;8788;-1530;1159;-15286;19;-2914;-2500;-3028;-3160;-4277;14;63;21;100;1028;120;1050;5918;2712;159;490;336;333
France;Données consolidées;2024-01-03;11:00;2024-01-03T11:00:00+01:00;61861;60700;60300;96;13;2328;46810;16849;2281;8606;-656;1175;-15537;18;-3014;-3237;-3524;-3000;-3033;14;62;20;101;1038;149;1040;5798;2621;187;497;342;335
France;Données consolidées;2024-01-03;11:30;2024-01-03T11:30:00+01:00;62351;61000;60900;95;14;2366;46920;17006;2727;8435;-594;1175;-15688;18;-3014;-3237;-3524;-3000;-3008;14;62;20;101;1037;193;1035;5735;2596;104;497;344;334
France;Données consolidées;2024-01-03;12:45;2024-01-03T12:45:00+01:00;;61000;60350;;;;;;;;;;;;;;;;;;;;;;;;;;;;;
France;Données consolidées;2024-01-03;13:15;2024-01-03T13:15:00+01:00;;59750;59350;;;;;;;;;;;;;;;;;;;;;;;;;;;;;
France;Données consolidées;2024-01-03;15:15;2024-01-03T15:15:00+01:00;;57600;58100;;;;;;;;;;;;;;;;;;;;;;;;;;;;;
France;Données consolidées;2024-01-03;17:45;2024-01-03T17:45:00+01:00;;60250;60600;;;;;;;;;;;;;;;;;;;;;;;;;;;;;
France;Données consolidées;2024-01-03;18:15;2024-01-03T18:15:00+01:00;;61400;61900;;;;;;;;;;;;;;;;;;;;;;;;;;;;;
France;Données consolidées;2024-01-03;20:45;2024-01-03T20:45:00+01:00;;57600;58750;;;;;;;;;;;;;;;;;;;;;;;;;;;;;
France;Données consolidées;2024-01-03;22:00;2024-01-03T22:00:00+01:00;56361;54000;55500;106;16;2341;46425;17478;0;8852;-23;1205;-19916;19;-3014;-2900;-3634;-3200;-6338;14;71;21;90;1035;186;1029;6360;2087;405;497;360;348
France;Données consolidées;2024-01-03;22:30;2024-01-03T22:30:00+01:00;56865;55100;56200;106;17;2268;46204;16936;0;9373;-38;1209;-19105;18;-3014;-2900;-3634;-3200;-5715;14;71;21;90;1035;110;1033;6203;2730;440;493;368;347
France;Données consolidées;2024-01-04;02:00;2024-01-04T02:00:00+01:00;52456;52800;51600;107;16;2292;45695;14871;0;7101;-2184;1183;-16520;20;-2331;-2800;-2066;-3200;-5568;14;72;21;84;1019;159;1030;5666;1430;5;504;339;339
France;Données consolidées;2024-01-04;02:45;2024-01-04T02:45:00+01:00;;50600;49850;;;;;;;;;;;;;;;;;;;;;;;;;;;;;
France;Données consolidées;2024-01-04;03:30;2024-01-04T03:30:00+01:00;49870;49100;48300;107;16;2317;43978;14380;0;6607;-2485;1170;-16114;21;-2344;-2800;-2068;-3182;-5725;14;72;21;84;1026;172;1036;5338;1264;5;496;336;337
France;Données consolidées;2024-01-04;04:00;2024-01-04T04:00:00+01:00;49025;48300;47300;107;16;2322;43943;14031;0;6664;-2842;1169;-16276;22;-2294;-3515;-2098;-3155;-6433;14;72;21;84;1025;177;1036;5413;1246;5;497;333;338
France;Données consolidées;2024-01-04;05:00;2024-01-04T05:00:00+01:00;48818;48500;47700;106;16;2345;44488;13334;0;6769;-2151;1156;-17142;21;-2173;-3015;-2596;-3200;-6369;14;71;21;84;1026;203;1032;5463;1300;5;495;324;337
France;Données consolidées;2024-01-04;06:30;2024-01-04T06:30:00+01:00;54374;54200;53000;106;17;2701;46261;11843;0;8752;-986;1171;-15390;22;-2172;-3351;-2827;-3200;-4013;14;70;21;89;1040;549;1024;5886;2848;18;488;346;336
France;Données consolidées;2024-01-04;07:30;2024-01-04T07:30:00+01:00;58471;58200;57200;105;17;3379;46516;11225;1;10417;-23;1148;-14223;24;-2140;-2407;-3426;-2599;-3898;14;70;21;89;1108;1135;1047;6236;3298;883;484;327;337
France;Données consolidées;2024-01-04;08:00;2024-01-04T08:00:00+01:00;60120;60400;59100;109;18;3711;46529;10791;0;11873;-23;1139;-13921;26;-1173;-2337;-2823;-3200;-3268;14;69;26;90;1109;1455;1056;6132;3949;1791;475;331;333
France;Données consolidées;2024-01-04;10:00;2024-01-04T10:00:00+01:00;62586;62900;61300;104;17;4446;46592;9558;2232;12253;-23;1126;-13609;28;-1822;-3222;-2044;-2680;-3766;14;69;21;94;1107;2207;1039;6326;4039;1888;470;322;334
France;Données consolidées;2024-01-04;10:30;2024-01-04T10:30:00+01:00;62483;63100;61000;104;16;4582;46625;8846;3158;11799;-25;1113;-13645;29;-1822;-3222;-2044;-2680;-3663;14;69;21;90;1098;2360;1034;6437;4039;1324;467;312;333
France;Données consolidées;2024-01-04;12:15;2024-01-04T12:15:00+01:00;;63300;61250;;;;;;;;;;;;;;;;;;;;;;;;;;;;;
France;Données consolidées;2024-01-04;14:00;2024-01-04T14:00:00+01:00;59620;61800;58300;106;16;4942;46687;8422;4845;11241;-78;1179;-17634;30;-2939;-3153;-2198;-2490;-6114;14;71;21;93;1088;2737;1024;6309;3650;1282;482;354;342
France;Données consolidées;2024-01-04;15:15;2024-01-04T15:15:00+01:00;;60450;57400;;;;;;;;;;;;;;;;;;;;;;;;;;;;;
France;Données consolidées;2024-01-04;18:30;2024-01-04T18:30:00+01:00;63442;63500;61900;105;14;5094;45605;13176;0;15355;-23;1192;-16965;30;-3014;-3070;-4211;-3200;-3140;14;70;21;93;1109;2845;1047;7119;5184;3051;482;359;350
France;Données consolidées;2024-01-04;20:30;2024-01-04T20:30:00+01:00;61354;60100;59000;107;17;5089;46300;14050;0;14432;-23;1213;-19724;29;-3014;-2931;-4190;-3000;-5859;15;71;21;93;1095;2845;1056;6868;4872;2692;497;364;352
France;Données consolidées;2024-01-04;22:45;2024-01-04T22:45:00+01:00;;57400;56650;;;;;;;;;;;;;;;;;;;;;;;;;;;;;
France;Données consolidées;2024-01-04;23:15;2024-01-04T23:15:00+01:00;;58050;57350;;;;;;;;;;;;;;;;;;;;;;;;;;;;;
France;Données consolidées;2024-01-04;23:45;2024-01-04T23:45:00+01:00;;56450;56300;;;;;;;;;;;;;;;;;;;;;;;;;;;;;
France;Données consolidées;2024-01-05;00:15;2024-01-05T00:15:00+01:00;;54400;54650;;;;;;;;;;;;;;;;;;;;;;;;;;;;;
France;Données consolidées;2024-01-05;01:15;2024-01-05T01:15:00+01:00;;52050;51800;;;;;;;;;;;;;;;;;;;;;;;;;;;;;
France;Données consolidées;2024-01-05;02:30;2024-01-05T02:30:00+01:00;52680;51000;50800;105;15;2957;47299;11491;0;8522;-2393;1240;-16445;24;-2421;-582;-3715;-3200;-6166;13;70;21;85;1060;760;1052;5793;2547;181;518;373;348
France;Données consolidées;2024-01-05;03:00;2024-01-05T03:00:00+01:00;51270;49500;49900;105;16;2682;47154;11356;0;7970;-2809;1237;-16339;23;-2249;-1123;-3822;-3200;-5752;13;71;21;78;1059;492;1053;5676;2289;5;517;372;347
France;Données consolidées;2024-01-05;03:45;2024-01-05T03:45:00+01:00;;48550;48500;;;;;;;;;;;;;;;;;;;;;;;;;;;;;
France;Données consolidées;2024-01-05;04:45;2024-01-05T04:45:00+01:00;;48000;48200;;;;;;;;;;;;;;;;;;;;;;;;;;;;;
France;Données consolidées;2024-01-05;05:30;2024-01-05T05:30:00+01:00;51278;49400;50100;104;16;3167;46009;10310;0;7944;-2976;1202;-14391;26;-2461;1076;-3859;-3200;-5973;13;70;21;95;1064;945;1063;5734;2205;5;507;353;342
France;Données consolidées;2024-01-05;06:45;2024-01-05T06:45:00+01:00;;54250;55100;;;;;;;;;;;;;;;;;;;;;;;;;;;;;
France;Données consolidées;2024-01-05;07:00;2024-01-05T07:00:00+01:00;56912;55300;56200;105;17;3694;47497;9029;0;9315;-1302;1217;-12561;27;-2108;1670;-4105;-3200;-3962;12;71;21;100;1093;1431;1070;5916;3394;5;501;372;344
France;Données consolidées;2024-01-05;07:30;2024-01-05T07:30:00+01:00;59204;57100;57900;98;16;4028;47515;8761;0;10015;-1169;1213;-11180;29;-2108;1670;-4105;-3200;-4225;6;70;21;100;1133;1716;1078;6145;3865;5;494;375;343
France;Données consolidées;2024-01-05;08:00;2024-01-05T08:00:00+01:00;60946;59000;59800;97;16;4696;47521;8464;0;10660;-700;1206;-10910;31;-1070;1545;-3924;-3200;-3898;7;69;21;102;1143;2365;1086;6273;4284;103;488;375;343
France;Données consolidées;2024-01-05;09:00;2024-01-05T09:00:00+01:00;63101;60300;61500;102;16;5456;47585;7806;47;10861;-27;1193;-9852;35;-2049;2393;-3905;-3108;-2511;7;69;26;104;1145;3113;1093;6295;4412;153;490;366;336
France;Données consolidées;2024-01-05;11:00;2024-01-05T11:00:00+01:00;64528;61600;63000;98;16;5420;47559;6863;1886;9871;-34;1190;-8235;34;-2651;2900;-3590;-2968;-1816;8;70;21;99;1152;3082;1086;6341;3525;6;481;370;339
France;Données consolidées;2024-01-05;11:15;2024-01-05T11:15:00+01:00;;61800;63100;;;;;;;;;;;;;;;;;;;;;;;;;;;;;
France;Données consolidées;2024-01-05;12:45;2024-01-05T12:45:00+01:00;;60700;62100;;;;;;;;;;;;;;;;;;;;;;;;;;;;;
France;Données consolidées;2024-01-05;13:00;2024-01-05T13:00:00+01:00;63326;60500;61600;101;16;5452;47409;6459;3410;10087;-60;1192;-10635;34;-2885;2900;-4314;-3106;-4073;9;71;21;98;1166;3091;1097;6444;3182;462;472;372;348
France;Données consolidées;2024-01-05;15:00;2024-01-05T15:00:00+01:00;61511;58000;59600;99;17;5230;47542;6014;2314;10187;-79;1207;-10914;34;-2045;2913;-4341;-3195;-4774;7;71;21;103;1162;2879;1087;6223;3816;148;483;374;349
France;Données consolidées;2024-01-05;16:30;2024-01-05T16:30:00+01:00;59753;55800;58100;98;17;5494;47555;4670;715;12086;-23;1208;-11968;35;-2776;2913;-4485;-2583;-5106;7;70;21;103;1142;3128;1121;6539;4264;1283;490;366;352
France;Données consolidées;2024-01-05;16:45;2024-01-05T16:45:00+01:00;;55900;58250;;;;;;;;;;;;;;;;;;;;;;;;;;;;;
France;Données consolidées;2024-01-05;18:00;2024-01-05T18:00:00+01:00;63508;60000;62200;99;17;5954;47628;4489;0;14964;-23;1211;-10727;36;-2651;2913;-4126;-1198;-4327;8;70;21;103;1154;3572;1125;7107;5068;2789;483;377;351
France;Données consolidées;2024-01-05;20:30;2024-01-05T20:30:00+01:00;62106;57800;60500;100;16;5798;47600;5162;0;12611;-24;1219;-10274;37;-2966;2913;-3828;-2847;-3007;8;71;21;103;1154;3449;1091;7062;4289;1260;505;365;349
France;Données consolidées;2024-01-05;20:45;2024-01-05T20:45:00+01:00;;57050;59850;;;;;;;;;;;;;;;;;;;;;;;;;;;;;
France;Données consolidées;2024-01-05;21:00;2024-01-05T21:00:00+01:00;60757;56300;59200;99;15;5846;47719;5228;0;11498;-24;1218;-10733;37;-2871;2889;-3922;-3200;-2993;8;70;21;103;1151;3504;1088;6837;4100;561;511;357;349
France;Données consolidées;2024-01-06;01:30;2024-01-06T01:30:00+01:00;55432;54500;54800;99;13;2741;47294;4877;0;9000;-574;1222;-9135;24;-3014;3500;-1832;-3200;-4496;8;70;21;96;1072;494;1079;5959;2655;386;510;370;341
France;Données consolidées;2024-01-06;03:15;2024-01-06T03:15:00+01:00;;50700;51550;;;;;;;;;;;;;;;;;;;;;;;;;;;;;
France;Données consolidées;2024-01-06;08:00;2024-01-06T08:00:00+01:00;55191;54400;54600;102;13;2943;47519;5603;0;8583;-585;1215;-10099;25;-2426;2899;-2661;-2784;-5303;10;71;21;101;1095;686;1062;6090;2488;6;493;380;342
France;Données consolidées;2024-01-06;08:30;2024-01-06T08:30:00+01:00;56347;55200;55500;104;12;3405;47457;5476;10;9293;-782;1220;-9748;27;-2426;2899;-2661;-2784;-5957;12;71;21;101;1104;1141;1059;6232;2783;278;498;378;343
France;Données consolidées;2024-01-06;10:15;2024-01-06T10:15:00+01:00;;58750;59300;;;;;;;;;;;;;;;;;;;;;;;;;;;;;
France;Données consolidées;2024-01-06;10:30;2024-01-06T10:30:00+01:00;60706;59000;59700;105;13;4645;47592;5392;2375;11273;-24;1218;-11779;31;-2416;3376;-2779;-3172;-6813;12;72;21;103;1138;2301;1102;6621;4203;448;499;373;345
France;Données consolidées;2024-01-06;11:15;2024-01-06T11:15:00+01:00;;59550;60050;;;;;;;;;;;;;;;;;;;;;;;;;;;;;
France;Données consolidées;2024-01-06;11:30;2024-01-06T11:30:00+01:00;61423;59800;60200;107;13;4398;47645;5375;3867;10710;-24;1223;-11790;29;-2689;3082;-3220;-3200;-6215;12;74;21;103;1137;2043;1115;6606;3675;430;499;376;347
France;Données consolidées;2024-01-06;12:00;2024-01-06T12:00:00+01:00;62008;60700;61100;105;13;4516;47647;5482;4304;10607;-24;1222;-11763;30;-2971;3049;-3404;-3200;-6890;12;72;21;103;1139;2158;1115;6519;3657;431;500;376;346
France;Données consolidées;2024-01-06;14:45;2024-01-06T14:45:00+01:00;;57250;57850;;;;;;;;;;;;;;;;;;;;;;;;;;;;;
France;Données consolidées;2024-01-06;15:00;2024-01-06T15:00:00+01:00;59203;57100;57600;103;13;4786;48050;7186;3164;9823;-1327;1223;-13715;31;-3014;3237;-3808;-3200;-6603;12;70;21;100;1117;2478;1090;6206;3374;243;502;373;348
France;Données consolidées;2024-01-06;15:15;2024-01-06T15:15:00+01:00;;56700;57350;;;;;;;;;;;;;;;;;;;;;;;;;;;;;
France;Données consolidées;2024-01-06;19:30;2024-01-06T19:30:00+01:00;64183;60800;62200;106;13;4790;47791;8048;0;13130;-23;1222;-10793;31;-3014;2608;-2424;-3151;-5417;15;69;21;103;1148;2426;1113;6876;4536;1718;498;376;348
France;Données consolidées;2024-01-06;19:45;2024-01-06T19:45:00+01:00;;60450;61700;;;;;;;;;;;;;;;;;;;;;;;;;;;;;
France;Données consolidées;2024-01-06;20:15;2024-01-06T20:15:00+01:00;;59600;60600;;;;;;;;;;;;;;;;;;;;;;;;;;;;;
France;Données consolidées;2024-01-06;20:45;2024-01-06T20:45:00+01:00;;58600;59400;;;;;;;;;;;;;;;;;;;;;;;;;;;;;
France;Données consolidées;2024-01-06;21:00;2024-01-06T21:00:00+01:00;60488;58100;58800;108;13;4285;47845;7829;0;11123;-23;1224;-11815;29;-3014;1197;-2409;-3098;-4771;15;71;21;100;1147;1939;1099;6672;3810;641;501;376;346
France;Données consolidées;2024-01-06;22:00;2024-01-06T22:00:00+01:00;58376;57100;57200;107;13;3497;48331;7565;0;9422;-32;1220;-11644;26;-2671;2375;-2318;-2212;-5741;15;70;21;100;1147;1150;1100;6459;2775;189;501;372;346
France;Données consolidées;2024-01-07;00:00;2024-01-07T00:00:00+01:00;60001;58000;58300;107;13;3482;48034;7001;0;9115;-33;1229;-8850;27;-2919;1011;-1642;-2867;-3396;16;71;21;100;1102;1176;1104;6147;2708;260;509;374;347
France;Données consolidées;2024-01-07;00:30;2024-01-07T00:30:00+01:00;58974;56600;56900;109;16;3035;47890;7141;0;9431;-396;1225;-9363;25;-2919;1011;-1642;-2867;-3692;16;72;21;96;1078;757;1104;6062;3050;319;505;373;347
France;Données consolidées;2024-01-07;03:30;2024-01-07T03:30:00+01:00;53524;51200;52000;108;16;2692;47948;7197;0;7714;-1870;1241;-11416;24;-3014;2546;-1237;-3200;-6806;15;71;21;96;1067;425;1104;5606;2102;6;520;381;340
France;Données consolidées;2024-01-07;04:30;2024-01-07T04:30:00+01:00;51828;49800;50400;108;15;2893;47513;7268;0;7311;-2557;1236;-11850;26;-3014;1909;-1304;-3200;-7214;15;71;21;96;1067;625;1104;5596;1709;6;514;379;343
France;Données consolidées;2024-01-07;05:00;2024-01-07T05:00:00+01:00;51402;49700;49900;109;15;2806;47405;7261;0;7184;-2497;1236;-12009;25;-3014;2303;-1568;-3199;-7402;15;72;21;96;1063;551;1096;5567;1611;6;517;378;341
France;Données consolidées;2024-01-07;05:30;2024-01-07T05:30:00+01:00;52049;50400;50800;109;15;2811;47657;7369;0;7332;-2472;1222;-11896;25;-3014;2303;-1568;-3199;-7402;15;72;21;96;1061;562;1092;5582;1744;6;509;373;340
France;Données consolidées;2024-01-07;07:00;2024-01-07T07:00:00+01:00;53652;52200;52500;109;16;2852;47638;7177;0;7861;-1888;1209;-11215;25;-3014;2337;-1660;-3198;-5764;15;73;21;96;1067;585;1103;5711;2145;6;513;361;335
France;Données consolidées;2024-01-07;07:45;2024-01-07T07:45:00+01:00;;53750;54050;;;;;;;;;;;;;;;;;;;;;;;;;;;;;
France;Données consolidées;2024-01-07;09:15;2024-01-07T09:15:00+01:00;;57100;57050;;;;;;;;;;;;;;;;;;;;;;;;;;;;;
France;Données consolidées;2024-01-07;09:45;2024-01-07T09:45:00+01:00;;58650;58550;;;;;;;;;;;;;;;;;;;;;;;;;;;;;
France;Données consolidées;2024-01-07;13:15;2024-01-07T13:15:00+01:00;;62550;62100;;;;;;;;;;;;;;;;;;;;;;;;;;;;;
France;Données consolidées;2024-01-07;14:00;2024-01-07T14:00:00+01:00;61945;61500;60500;110;16;3067;49221;8509;3207;7787;-641;1161;-10387;23;-3014;3237;-3008;-3200;-4551;16;73;21;88;1238;637;1104;5668;1911;208;480;339;343
France;Données consolidées;2024-01-07;14:30;2024-01-07T14:30:00+01:00;61824;61700;60700;110;16;2969;49207;8652;2660;7626;-693;1164;-9776;23;-3014;3237;-3008;-3200;-4627;16;73;21;96;1222;550;1101;5672;1816;138;482;339;342
France;Données consolidées;2024-01-07;15:15;2024-01-07T15:15:00+01:00;;61350;60100;;;;;;;;;;;;;;;;;;;;;;;;;;;;;
France;Données consolidées;2024-01-07;18:15;2024-01-07T18:15:00+01:00;;65150;64650;;;;;;;;;;;;;;;;;;;;;;;;;;;;;
France;Données consolidées;2024-01-07;19:00;2024-01-07T19:00:00+01:00;68432;67100;66900;109;15;4986;49284;10742;0;12264;-28;1179;-10016;30;-3014;775;-2152;-3200;-2822;16;72;21;104;1232;2538;1112;6478;4187;1599;478;361;340
France;Données consolidées;2024-01-07;21:15;2024-01-07T21:15:00+01:00;;63250;62950;;;;;;;;;;;;;;;;;;;;;;;;;;;;;
France;Données consolidées;2024-01-07;23:45;2024-01-07T23:45:00+01:00;;62400;62450;;;;;;;;;;;;;;;;;;;;;;;;;;;;;
France;Données consolidées;2024-01-08;00:15;2024-01-08T00:15:00+01:00;;60900;61450;;;;;;;;;;;;;;;;;;;;;;;;;;;;;
France;Données consolidées;2024-01-08;01:30;2024-01-08T01:30:00+01:00;60547;58600;59400;110;15;3756;49030;11479;0;7468;-950;1152;-11412;27;-2966;-163;-1655;-3150;-2859;16;73;21;97;1234;1311;1114;5527;1935;6;473;346;332
France;Données consolidées;2024-01-08;02:15;2024-01-08T02:15:00+01:00;;58600;59350;;;;;;;;;;;;;;;;;;;;;;;;;;;;;
France;Données consolidées;2024-01-08;02:30;2024-01-08T02:30:00+01:00;60760;58400;58800;110;15;3932;49164;11487;0;7484;-1677;1180;-10826;28;-2852;-466;-1357;-3200;-3090;16;73;21;97;1233;1490;1112;5452;2026;6;497;354;328
France;Données consolidées;2024-01-08;04:15;2024-01-08T04:15:00+01:00;;56650;56450;;;;;;;;;;;;;;;;;;;;;;;;;;;;;
France;Données consolidées;2024-01-08;05:00;2024-01-08T05:00:00+01:00;58615;57600;57300;109;15;4287;48394;11540;0;7142;-1997;1183;-11945;30;-2331;-209;-1719;-3200;-3508;16;72;21;97;1247;1827;1116;5501;1634;6;489;369;325
France;Données consolidées;2024-01-08;06:00;2024-01-08T06:00:00+01:00;62855;61700;62300;111;16;4770;49438;12024;0;7596;-858;1186;-11323;31;-158;1025;-4184;-3199;-1902;16;74;21;99;1279;2274;1117;5742;1843;11;492;365;329
France;Données consolidées;2024-01-08;06:30;2024-01-08T06:30:00+01:00;66977;65400;65400;108;17;5942;49357;12023;0;7894;-200;1171;-9234;35;-158;1025;-4184;-3199;-2193;16;72;21;101;1311;3402;1128;5815;2006;73;472;369;329
France;Données consolidées;2024-01-08;09:00;2024-01-08T09:00:00+01:00;76903;76500;75000;110;17;8096;49560;11219;179;14375;-29;1130;-7668;41;213;1189;-4478;-3185;-2089;16;73;21;103;1442;5338;1213;6983;5014;2378;475;327;328
France;Données consolidées;2024-01-08;09:15;2024-01-08T09:15:00+01:00;;76650;75450;;;;;;;;;;;;;;;;;;;;;;;;;;;;;
France;Données consolidées;2024-01-08;12:15;2024-01-08T12:15:00+01:00;;77150;77750;;;;;;;;;;;;;;;;;;;;;;;;;;;;;
France;Données consolidées;2024-01-08;12:45;2024-01-08T12:45:00+01:00;;75950;76600;;;;;;;;;;;;;;;;;;;;;;;;;;;;;
France;Données consolidées;2024-01-08;14:30;2024-01-08T14:30:00+01:00;76982;74400;75900;112;15;8196;49353;9124;2607;11551;-28;1133;-4903;43;-573;1317;-4485;-3200;2055;16;75;21;101;1507;5349;1239;6290;4246;1015;464;337;332
France;Données consolidées;2024-01-08;14:45;2024-01-08T14:45:00+01:00;;74200;75500;;;;;;;;;;;;;;;;;;;;;;;;;;;;;
France;Données consolidées;2024-01-08;15:45;2024-01-08T15:45:00+01:00;;73050;74550;;;;;;;;;;;;;;;;;;;;;;;;;;;;;
France;Données consolidées;2024-01-08;16:00;2024-01-08T16:00:00+01:00;75932;72900;74100;111;15;8260;49354;8156;1234;14249;-45;1135;-6434;43;1003;1300;-4482;-1235;-2664;16;74;21;104;1546;5358;1251;6538;5391;2320;466;330;338
France;Données consolidées;2024-01-08;16:30;2024-01-08T16:30:00+01:00;75798;72800;73400;111;14;8313;49360;7716;683;14594;-49;1120;-6025;43;1003;1300;-4482;-1270;-2665;16;74;21;108;1571;5381;1252;6704;5593;2298;453;326;340
France;Données consolidées;2024-01-08;18:00;2024-01-08T18:00:00+01:00;79688;77700;77900;112;13;8445;49365;7426;2;15923;-84;1125;-2520;44;1004;-671;-3308;-454;2991;16;74;21;109;1577;5499;1260;7156;5728;3039;457;325;343
France;Données consolidées;2024-01-08;18:30;2024-01-08T18:30:00+01:00;81350;78700;79600;110;14;8791;49380;7460;2;15884;-83;1128;-1237;45;1004;-671;-3308;-412;3291;16;73;21;109;1588;5834;1260;7252;5703;2929;462;323;342
France;Données consolidées;2024-01-08;18:45;2024-01-08T18:45:00+01:00;;79200;80350;;;;;;;;;;;;;;;;;;;;;;;;;;;;;
France;Données consolidées;2024-01-08;19:30;2024-01-08T19:30:00+01:00;82643;78500;80100;110;17;8769;49384;7306;1;16707;-27;1135;-657;45;1302;-1850;-2955;-1651;4344;16;73;21;109;1623;5783;1254;7335;6185;3187;460;333;342
France;Données consolidées;2024-01-08;21:30;2024-01-08T21:30:00+01:00;74715;71000;72100;109;18;8048;49409;7023;0;11593;-30;1144;-2492;45;945;-1850;-4111;-3183;5598;13;74;21;109;1543;5199;1198;6718;4771;104;459;342;343
France;Données consolidées;2024-01-08;22:15;2024-01-08T22:15:00+01:00;;69950;70950;;;;;;;;;;;;;;;;;;;;;;;;;;;;;
France;Données consolidées;2024-01-08;22:30;2024-01-08T22:30:00+01:00;73568;70200;71200;108;19;8076;49416;6405;0;11777;-28;1140;-3235;45;1095;-1850;-4172;-3196;5167;14;73;21;106;1537;5246;1187;6616;4614;547;465;328;346
France;Données consolidées;2024-01-09;00:00;2024-01-09T00:00:00+01:00;72802;69900;71300;109;16;8127;49288;5209;0;10022;-23;1141;-984;47;2399;-1718;-3996;-2634;3509;14;74;21;106;1522;5298;1202;6234;3613;175;476;322;343
France;Données consolidées;2024-01-09;02:00;2024-01-09T02:00:00+01:00;69755;67500;69000;107;18;8137;49342;4764;0;9254;-1026;1129;-1869;49;2248;-1871;-1384;-2533;1673;13;73;21;101;1481;5367;1188;5855;3295;105;458;331;340
France;Données consolidées;2024-01-09;02:15;2024-01-09T02:15:00+01:00;;67050;68550;;;;;;;;;;;;;;;;;;;;;;;;;;;;;
France;Données consolidées;2024-01-09;02:45;2024-01-09T02:45:00+01:00;;65800;67400;;;;;;;;;;;;;;;;;;;;;;;;;;;;;
France;Données consolidées;2024-01-09;03:30;2024-01-09T03:30:00+01:00;67704;63800;65800;107;18;8095;49702;5123;0;8802;-1585;1138;-3584;49;1576;-2112;-3322;-2222;2840;14;72;21;101;1482;5313;1198;5903;2893;6;473;328;336
France;Données consolidées;2024-01-09;09:15;2024-01-09T09:15:00+01:00;;79900;81350;;;;;;;;;;;;;;;;;;;;;;;;;;;;;
France;Données consolidées;2024-01-09;09:45;2024-01-09T09:45:00+01:00;;80100;81800;;;;;;;;;;;;;;;;;;;;;;;;;;;;;
France;Données consolidées;2024-01-09;10:30;2024-01-09T10:30:00+01:00;83374;79600;82000;108;355;8590;50105;4333;2480;13803;-23;1086;2718;49;1655;-242;-3841;-142;5111;14;73;21;109;1598;5646;1238;6952;5669;1182;447;314;324
France;Données consolidées;2024-01-09;16:30;2024-01-09T16:30:00+01:00;78119;74900;76300;108;19;8566;50075;3845;1113;13920;-28;1104;-453;46;2392;750;-3421;-905;-238;14;73;21;109;1626;5564;1268;6814;5865;1240;422;341;341
France;Données consolidées;2024-01-09;17:45;2024-01-09T17:45:00+01:00;;77900;80050;;;;;;;;;;;;;;;;;;;;;;;;;;;;;
France;Données consolidées;2024-01-09;18:30;2024-01-09T18:30:00+01:00;83959;79800;82400;113;18;8836;50090;3668;0;17162;-85;1114;3140;46;1341;950;-2324;-1424;4720;24;67;21;142;1691;5718;1286;7234;6281;3647;431;338;345
France;Données consolidées;2024-01-09;19:00;2024-01-09T19:00:00+01:00;85508;81100;84000;881;18;9146;50099;3726;0;17443;-84;1113;3268;55;1706;0;-1865;-935;5284;798;62;21;439;1698;5725;1284;7308;6412;3723;427;342;344
France;Données consolidées;2024-01-09;19:30;2024-01-09T19:30:00+01:00;84964;80300;83200;953;18;9169;50244;3705;0;16369;-82;1116;3580;56;1706;0;-1865;-935;5284;871;61;21;396;1727;5756;1290;7372;6024;2973;426;345;345
France;Données consolidées;2024-01-09;21:45;2024-01-09T21:45:00+01:00;;71850;74500;;;;;;;;;;;;;;;;;;;;;;;;;;;;;
France;Données consolidées;2024-01-09;23:00;2024-01-09T23:00:00+01:00;76707;74100;76600;827;18;8816;50870;2559;0;11241;-28;1117;1387;57;2351;-590;-4024;-1636;5782;745;61;21;108;1589;5903;1216;6552;4495;194;431;343;343
France;Données consolidées;2024-01-10;01:45;2024-01-10T01:45:00+01:00;;72500;70900;;;;;;;;;;;;;;;;;;;;;;;;;;;;;
France;Données consolidées;2024-01-10;05:15;2024-01-10T05:15:00+01:00;;68750;67900;;;;;;;;;;;;;;;;;;;;;;;;;;;;;
France;Données consolidées;2024-01-10;06:15;2024-01-10T06:15:00+01:00;;73300;72000;;;;;;;;;;;;;;;;;;;;;;;;;;;;;
France;Données consolidées;2024-01-10;07:00;2024-01-10T07:00:00+01:00;76985;77400;76300;94;18;9076;50963;2518;0;12631;-84;1084;779;50;2513;1139;-2633;-717;960;13;60;21;111;1553;6179;1233;6471;5561;598;424;325;335
France;Données consolidées;2024-01-10;09:15;2024-01-10T09:15:00+01:00;;83800;82300;;;;;;;;;;;;;;;;;;;;;;;;;;;;;
France;Données consolidées;2024-01-10;11:15;2024-01-10T11:15:00+01:00;;84150;82300;;;;;;;;;;;;;;;;;;;;;;;;;;;;;
France;Données consolidées;2024-01-10;11:30;2024-01-10T11:30:00+01:00;84540;84300;82600;98;15;9028;50897;1738;1704;13793;-23;1035;6369;48;234;1100;-798;-2172;7387;14;66;18;110;1588;6066;1264;6502;4888;2403;403;307;324
France;Données consolidées;2024-01-10;12:45;2024-01-10T12:45:00+01:00;;83000;82300;;;;;;;;;;;;;;;;;;;;;;;;;;;;;
France;Données consolidées;2024-01-10;13:00;2024-01-10T13:00:00+01:00;82777;82300;81400;101;14;9072;50875;1667;2134;12573;-29;1079;5415;49;249;1100;-1284;-2131;6604;14;66;21;111;1645;6057;1259;6419;4779;1375;434;308;337
France;Données consolidées;2024-01-10;13:15;2024-01-10T13:15:00+01:00;;82000;80950;;;;;;;;;;;;;;;;;;;;;;;;;;;;;
France;Données consolidées;2024-01-10;14:00;2024-01-10T14:00:00+01:00;81309;80800;80600;102;14;9105;50907;1639;1971;12367;-372;1069;4629;50;1436;1100;-1387;-2828;5590;14;67;21;110;1665;6058;1272;6283;4875;1209;434;302;333
France;Données consolidées;2024-01-10;15:00;2024-01-10T15:00:00+01:00;80656;80400;79200;103;13;9124;50903;1741;1335;12919;-29;1094;3513;50;1887;1450;-1946;-1932;1624;14;67;21;153;1625;6076;1269;6324;5361;1234;444;313;336
France;Données consolidées;2024-01-10;15:30;2024-01-10T15:30:00+01:00;80089;79500;78300;103;13;9051;50896;1898;1028;14793;-28;1087;1294;48;1887;1450;-1946;-1960;1278;14;68;21;125;1600;6066;1259;6675;5882;2236;434;315;337
France;Données consolidées;2024-01-10;16:15;2024-01-10T16:15:00+01:00;;78250;77250;;;;;;;;;;;;;;;;;;;;;;;;;;;;;
France;Données consolidées;2024-01-10;16:30;2024-01-10T16:30:00+01:00;78867;78000;77100;103;13;8996;50893;2207;348;15488;-28;1098;-156;48;1647;1450;-1708;-1454;9;14;68;21;111;1563;6049;1274;6864;6089;2535;431;324;343
France;Données consolidées;2024-01-10;18:00;2024-01-10T18:00:00+01:00;82427;82500;81600;618;9;9405;50810;2854;0;16717;-28;1092;1062;53;934;800;-361;-11;1923;529;68;21;106;1712;6310;1276;7115;6349;3253;436;305;351
France;Données consolidées;2024-01-10;18:30;2024-01-10T18:30:00+01:00;84100;83900;83200;763;10;9257;50724;3154;0;16269;-64;1098;2990;54;934;800;-361;119;2148;674;68;21;101;1715;6169;1273;7179;6183;2907;436;310;352
France;Données consolidées;2024-01-10;19:45;2024-01-10T19:45:00+01:00;;83000;82250;;;;;;;;;;;;;;;;;;;;;;;;;;;;;
France;Données consolidées;2024-01-10;22:15;2024-01-10T22:15:00+01:00;;75350;74200;;;;;;;;;;;;;;;;;;;;;;;;;;;;;
France;Données consolidées;2024-01-11;00:15;2024-01-11T00:15:00+01:00;;72900;72150;;;;;;;;;;;;;;;;;;;;;;;;;;;;;
France;Données consolidées;2024-01-11;02:00;2024-01-11T02:00:00+01:00;71421;71500;70900;102;5;8543;50858;5105;0;10630;-577;1138;-4278;48;2230;1700;-3334;-2714;-1442;14;67;21;95;1467;5752;1229;6175;4341;114;451;346;340
France;Données consolidées;2024-01-11;03:30;2024-01-11T03:30:00+01:00;69232;67500;67500;106;4;8623;50879;5980;0;9403;-1535;1132;-5254;49;2109;1700;-3285;-3092;-2747;14;71;21;95;1443;5870;1216;5842;3555;6;453;349;330
France;Données consolidées;2024-01-11;04:30;2024-01-11T04:30:00+01:00;68083;66500;66400;106;143;8594;50104;5974;0;9410;-1572;1129;-5701;51;2288;1700;-3282;-3000;-3447;14;70;21;95;1443;5839;1217;5812;3592;6;453;345;330
France;Données consolidées;2024-01-11;05:00;2024-01-11T05:00:00+01:00;68120;67200;67400;104;224;8536;50138;5953;0;9348;-1569;1124;-5633;52;2489;1700;-3382;-3190;-1837;15;68;21;95;1446;5783;1212;5826;3516;6;450;345;329
France;Données consolidées;2024-01-11;05:30;2024-01-11T05:30:00+01:00;70133;69100;68700;106;223;8572;50145;5978;0;9803;-1519;1110;-4188;51;2489;1700;-3382;-3190;-1739;15;70;21;95;1462;5802;1213;5895;3902;6;445;337;328
France;Données consolidées;2024-01-11;06:15;2024-01-11T06:15:00+01:00;;72600;72350;;;;;;;;;;;;;;;;;;;;;;;;;;;;;
France;Données consolidées;2024-01-11;06:30;2024-01-11T06:30:00+01:00;75176;74300;73800;103;287;8867;50136;5810;1;11515;-359;1104;-2212;52;3013;1000;-3431;-2458;-39;15;67;21;98;1511;6037;1221;6292;4749;475;432;341;331
France;Données consolidées;2024-01-11;06:45;2024-01-11T06:45:00+01:00;;75700;75350;;;;;;;;;;;;;;;;;;;;;;;;;;;;;
France;Données consolidées;2024-01-11;07:45;2024-01-11T07:45:00+01:00;;80950;79800;;;;;;;;;;;;;;;;;;;;;;;;;;;;;
France;Données consolidées;2024-01-11;08:30;2024-01-11T08:30:00+01:00;83211;83100;81200;582;586;9103;50124;7040;4;16263;-84;1098;-1404;56;1359;1000;-139;-1154;-712;492;69;21;99;1628;6106;1271;7087;6226;2950;430;343;324
France;Données consolidées;2024-01-11;10:00;2024-01-11T10:00:00+01:00;83519;83000;81500;572;444;9048;50216;6849;1112;15386;-23;1070;-1050;54;-676;1000;-1099;-1307;1254;484;69;19;103;1630;6082;1233;7092;5879;2415;420;334;316
France;Données consolidées;2024-01-11;10:45;2024-01-11T10:45:00+01:00;;82700;81050;;;;;;;;;;;;;;;;;;;;;;;;;;;;;
France;Données consolidées;2024-01-11;15:30;2024-01-11T15:30:00+01:00;75454;77000;73400;100;186;8544;50241;7216;2902;12159;-24;1113;-6880;46;-1277;1300;-3080;-1976;-2306;9;70;21;110;1587;5585;1261;6445;5251;463;431;344;338
France;Données consolidées;2024-01-11;16:00;2024-01-11T16:00:00+01:00;74843;75300;73000;100;227;8621;50154;7836;2052;12362;-25;1119;-7499;47;-1572;1700;-3503;-3119;-1329;10;69;21;110;1576;5661;1274;6363;5342;657;429;347;343
France;Données consolidées;2024-01-11;18:15;2024-01-11T18:15:00+01:00;;81400;78800;;;;;;;;;;;;;;;;;;;;;;;;;;;;;
France;Données consolidées;2024-01-11;18:30;2024-01-11T18:30:00+01:00;81353;82300;79600;100;462;8978;49936;10500;0;14109;-14;1126;-3694;49;-674;2000;-2034;-2337;348;14;65;21;106;1581;6021;1271;7284;5269;1556;434;345;348
France;Données consolidées;2024-01-11;18:45;2024-01-11T18:45:00+01:00;;83150;80400;;;;;;;;;;;;;;;;;;;;;;;;;;;;;
France;Données consolidées;2024-01-11;19:00;2024-01-11T19:00:00+01:00;83455;84000;81200;101;520;8986;49663;10705;0;15264;-14;1124;-2742;50;-306;1014;-1597;-1855;-168;15;65;21;106;1587;6029;1264;7339;5918;2007;434;342;347
France;Données consolidées;2024-01-11;19:45;2024-01-11T19:45:00+01:00;;82100;79500;;;;;;;;;;;;;;;;;;;;;;;;;;;;;
France;Données consolidées;2024-01-11;20:30;2024-01-11T20:30:00+01:00;79084;79200;76800;100;562;8699;49238;9582;0;15617;-71;1137;-5678;50;-317;-546;-965;-1639;-2042;15;64;21;106;1484;5860;1249;7033;5770;2814;441;350;345
France;Données consolidées;2024-01-11;21:00;2024-01-11T21:00:00+01:00;77142;77400;75100;101;524;8550;49383;8909;0;14766;-71;1145;-6067;50;410;-929;-3223;-1934;-955;15;65;21;106;1484;5714;1246;6984;5925;1857;446;353;345
France;Données consolidées;2024-01-11;21:30;2024-01-11T21:30:00+01:00;75422;75700;73600;99;463;8870;49400;8329;0;13661;-14;1128;-6424;51;410;-929;-3223;-1934;-1079;15;63;21;106;1449;6081;1233;6850;5852;960;437;350;340
France;Données consolidées;2024-01-11;22:45;2024-01-11T22:45:00+01:00;;75750;73900;;;;;;;;;;;;;;;;;;;;;;;;;;;;;
France;Données consolidées;2024-01-12;00:00;2024-01-12T00:00:00+01:00;73736;72000;72100;101;356;8912;49431;6573;0;9956;-249;1149;-2381;54;2145;-513;-3067;-2831;1392;15;66;21;103;1438;6161;1211;6437;3511;8;455;359;335
France;Données consolidées;2024-01-12;01:45;2024-01-12T01:45:00+01:00;;69900;70050;;;;;;;;;;;;;;;;;;;;;;;;;;;;;
France;Données consolidées;2024-01-12;04:30;2024-01-12T04:30:00+01:00;67286;66000;65500;100;356;7516;48792;7199;0;9168;-2344;1156;-4557;50;1493;1190;-3086;-3200;-862;15;65;21;99;1407;4821;1190;5940;3222;6;463;355;337
France;Données consolidées;2024-01-12;07:00;2024-01-12T07:00:00+01:00;76692;75800;75600;102;558;8816;49358;6432;0;11303;-98;1156;-850;55;1675;1400;-3028;-579;-386;15;66;20;105;1434;6043;1233;6546;4751;6;462;361;332
France;Données consolidées;2024-01-12;08:15;2024-01-12T08:15:00+01:00;;79500;79900;;;;;;;;;;;;;;;;;;;;;;;;;;;;;
France;Données consolidées;2024-01-12;10:00;2024-01-12T10:00:00+01:00;81954;80400;80100;104;666;8966;49482;5443;1974;15237;-15;1137;-937;53;-1266;1400;-1631;381;-950;14;68;21;104;1434;6178;1251;6984;6018;2234;441;360;336
France;Données consolidées;2024-01-12;10:15;2024-01-12T10:15:00+01:00;;80300;80200;;;;;;;;;;;;;;;;;;;;;;;;;;;;;
France;Données consolidées;2024-01-12;11:15;2024-01-12T11:15:00+01:00;;79200;79850;;;;;;;;;;;;;;;;;;;;;;;;;;;;;
France;Données consolidées;2024-01-12;11:45;2024-01-12T11:45:00+01:00;;78700;80100;;;;;;;;;;;;;;;;;;;;;;;;;;;;;
France;Données consolidées;2024-01-12;12:30;2024-01-12T12:30:00+01:00;79900;76800;78900;105;977;8980;49459;3995;5411;13392;-16;1098;-3384;57;-2801;1600;-500;-955;-856;15;68;21;105;1423;6216;1235;6870;5315;1207;435;324;339
France;Données consolidées;2024-01-12;13:15;2024-01-12T13:15:00+01:00;;74450;76950;;;;;;;;;;;;;;;;;;;;;;;;;;;;;
France;Données consolidées;2024-01-12;14:45;2024-01-12T14:45:00+01:00;;72100;74800;;;;;;;;;;;;;;;;;;;;;;;;;;;;;
France;Données consolidées;2024-01-12;17:30;2024-01-12T17:30:00+01:00;75726;72300;74400;103;1093;8783;49440;4295;57;14940;-14;1132;-3996;60;-1282;1600;-2990;1130;-1775;15;66;21;105;1413;6018;1247;6901;5887;2152;456;322;353
France;Données consolidées;2024-01-12;18:15;2024-01-12T18:15:00+01:00;;75900;77800;;;;;;;;;;;;;;;;;;;;;;;;;;;;;
France;Données consolidées;2024-01-12;18:30;2024-01-12T18:30:00+01:00;79746;76800;78600;103;1069;8311;49420;4434;2;15663;-15;1133;-274;57;-1596;1600;-1669;1300;1052;16;67;21;106;1427;5536;1243;7236;5883;2545;458;321;353
France;Données consolidées;2024-01-12;22:45;2024-01-12T22:45:00+01:00;;72750;73900;;;;;;;;;;;;;;;;;;;;;;;;;;;;;
France;Données consolidées;2024-01-12;23:30;2024-01-12T23:30:00+01:00;73595;72500;73500;105;350;7950;49098;2730;0;11345;-51;1142;1030;51;971;297;-3641;-1304;4675;15;69;21;103;1325;5367;1156;6355;4566;424;474;319;349
France;Données consolidées;2024-01-13;00:30;2024-01-13T00:30:00+01:00;71857;70200;70500;106;357;7935;48668;2446;0;11583;-15;1135;-248;52;-269;555;-3794;-2377;5603;15;70;21;98;1327;5363;1147;6301;4307;975;467;320;347
France;Données consolidées;2024-01-13;01:00;2024-01-13T01:00:00+01:00;69398;68400;68600;107;360;7382;48616;2349;0;10123;-15;1139;-562;51;-251;2062;-3815;-2270;5049;15;71;21;98;1323;4815;1145;6186;3365;572;471;319;348
France;Données consolidées;2024-01-13;01:15;2024-01-13T01:15:00+01:00;;68750;69300;;;;;;;;;;;;;;;;;;;;;;;;;;;;;
France;Données consolidées;2024-01-13;03:45;2024-01-13T03:45:00+01:00;;64350;65400;;;;;;;;;;;;;;;;;;;;;;;;;;;;;
France;Données consolidées;2024-01-13;05:15;2024-01-13T05:15:00+01:00;;63900;64550;;;;;;;;;;;;;;;;;;;;;;;;;;;;;
France;Données consolidées;2024-01-13;05:30;2024-01-13T05:30:00+01:00;65464;64300;65000;102;358;5702;48682;1255;0;8359;-531;1121;515;45;-34;1334;-3795;-2345;4824;15;66;21;99;1305;3155;1144;5603;2237;518;471;308;342
France;Données consolidées;2024-01-13;07:15;2024-01-13T07:15:00+01:00;;67950;68200;;;;;;;;;;;;;;;;;;;;;;;;;;;;;
France;Données consolidées;2024-01-13;10:30;2024-01-13T10:30:00+01:00;76717;74600;76500;102;357;8033;48450;988;2426;14642;-15;1122;692;49;-2096;1600;-3115;-386;4270;11;70;21;106;1378;5411;1137;6457;6027;2158;464;312;346
France;Données consolidées;2024-01-13;10:45;2024-01-13T10:45:00+01:00;;74600;76550;;;;;;;;;;;;;;;;;;;;;;;;;;;;;
France;Données consolidées;2024-01-13;13:30;2024-01-13T13:30:00+01:00;74668;69400;73900;1294;357;8486;49116;738;5654;11468;-16;1136;-3458;63;-2318;2100;-2313;-1893;940;1129;68;97;655;1447;5258;1127;5980;4309;1180;467;318;351
France;Données consolidées;2024-01-13;14:15;2024-01-13T14:15:00+01:00;;68300;72750;;;;;;;;;;;;;;;;;;;;;;;;;;;;;
France;Données consolidées;2024-01-13;15:30;2024-01-13T15:30:00+01:00;71822;66100;70800;650;358;8358;49193;669;3638;10498;-15;1126;-2549;58;-2249;2300;-3311;-1662;2763;560;69;21;312;1397;5515;1134;6046;4033;418;459;316;351
France;Données consolidées;2024-01-13;16:15;2024-01-13T16:15:00+01:00;;65450;70050;;;;;;;;;;;;;;;;;;;;;;;;;;;;;
France;Données consolidées;2024-01-13;18:30;2024-01-13T18:30:00+01:00;76498;72900;75900;102;356;8753;49180;1035;0;14239;-14;1135;1811;54;-1369;2291;-3592;1300;3284;15;66;21;106;1379;6128;1139;6865;5812;1562;468;310;356
France;Données consolidées;2024-01-13;19:00;2024-01-13T19:00:00+01:00;77860;74500;77100;102;412;8783;49251;1060;0;15228;-14;1140;1997;54;-2143;1309;-3592;880;5197;15;66;21;106;1374;6165;1139;6915;6066;2247;463;318;359
France;Données consolidées;2024-01-13;20:30;2024-01-13T20:30:00+01:00;75326;71600;73800;103;572;8729;49305;750;0;13352;-15;1137;1493;57;-1687;869;-3368;-105;6035;15;66;21;105;1379;6105;1140;6759;5694;900;465;315;357
France;Données consolidées;2024-01-13;22:00;2024-01-13T22:00:00+01:00;71633;68400;70200;105;386;7773;49317;608;0;11427;-66;1137;1050;52;-819;754;-3549;-1465;7577;15;68;21;105;1357;5173;1138;6506;4584;337;466;314;357
France;Données consolidées;2024-01-14;02:15;2024-01-14T02:15:00+01:00;;67650;69350;;;;;;;;;;;;;;;;;;;;;;;;;;;;;
France;Données consolidées;2024-01-14;03:00;2024-01-14T03:00:00+01:00;67333;65400;66600;104;13;4052;50331;652;0;9391;-231;1109;2010;31;-2902;2728;-1804;-2350;6192;15;69;21;93;1339;1507;1113;5892;3493;6;466;295;348
France;Données consolidées;2024-01-14;04:15;2024-01-14T04:15:00+01:00;;62950;63950;;;;;;;;;;;;;;;;;;;;;;;;;;;;;
France;Données consolidées;2024-01-14;08:30;2024-01-14T08:30:00+01:00;68303;66500;67500;104;14;3951;50359;1020;9;9552;-881;1097;3165;30;-1726;2728;-2652;-2375;6918;15;68;21;92;1350;1400;1108;5738;3808;6;452;303;342
France;Données consolidées;2024-01-14;09:00;2024-01-14T09:00:00+01:00;69310;67500;68800;105;14;4010;50277;1040;177;9684;-212;1120;3177;30;-1557;2728;-2626;-1688;6726;15;69;21;93;1352;1458;1107;5798;3880;6;462;310;347
France;Données consolidées;2024-01-14;11:30;2024-01-14T11:30:00+01:00;75154;71900;74700;105;14;5849;50256;959;3294;11711;-14;1121;1952;36;-2547;2728;-1992;-1187;4883;15;69;21;93;1355;3276;1125;5957;4840;914;462;308;350
France;Données consolidées;2024-01-14;14:00;2024-01-14T14:00:00+01:00;70458;67100;69200;103;15;5566;50146;1059;4312;9985;-16;1132;-1738;35;-2386;2412;-2295;-2123;3482;15;67;21;92;1349;3006;1119;5847;4133;6;467;314;351
France;Données consolidées;2024-01-14;15:30;2024-01-14T15:30:00+01:00;69099;65800;68000;103;15;5959;50251;935;2095;9890;-16;1136;-1174;38;-2345;2544;-3179;-2201;3394;15;67;21;92;1368;3376;1122;5822;3964;103;466;318;351
France;Données consolidées;2024-01-14;15:45;2024-01-14T15:45:00+01:00;;65400;67600;;;;;;;;;;;;;;;;;;;;;;;;;;;;;
France;Données consolidées;2024-01-14;16:45;2024-01-14T16:45:00+01:00;;65450;66750;;;;;;;;;;;;;;;;;;;;;;;;;;;;;
France;Données consolidées;2024-01-14;18:30;2024-01-14T18:30:00+01:00;74158;72500;73700;106;15;6378;51123;1251;0;13255;-15;1125;1019;39;-2783;2728;-3300;887;3843;15;69;21;96;1371;3796;1114;6550;5144;1561;460;312;353
France;Données consolidées;2024-01-14;21:45;2024-01-14T21:45:00+01:00;;68300;69650;;;;;;;;;;;;;;;;;;;;;;;;;;;;;
France;Données consolidées;2024-01-14;22:15;2024-01-14T22:15:00+01:00;;68000;69450;;;;;;;;;;;;;;;;;;;;;;;;;;;;;
France;Données consolidées;2024-01-14;22:30;2024-01-14T22:30:00+01:00;69424;68300;69800;105;18;4058;51099;2323;0;10227;-57;1132;617;29;-1210;1039;-3760;-2283;7952;15;68;21;92;1373;1483;1109;5973;3900;353;469;314;349
France;Données consolidées;2024-01-15;00:00;2024-01-15T00:00:00+01:00;68737;70400;67200;105;17;4299;51185;2374;0;8889;-616;1135;1457;31;-1791;2728;-2750;-2385;4912;15;69;21;93;1334;1759;1113;5689;3194;6;464;322;349
France;Données consolidées;2024-01-15;00:30;2024-01-15T00:30:00+01:00;67532;68700;66100;104;16;4335;51224;2516;0;8892;-1220;1139;638;32;-1791;2728;-2750;-2385;4832;15;68;21;93;1292;1840;1110;5496;3390;6;468;321;349
France;Données consolidées;2024-01-15;01:30;2024-01-15T01:30:00+01:00;65338;67600;64800;103;17;3713;51330;2708;0;8326;-2010;1145;107;29;-1848;2691;-2219;-2360;4543;15;67;21;93;1280;1232;1108;5616;2705;6;476;317;351
France;Données consolidées;2024-01-15;03:30;2024-01-15T03:30:00+01:00;63055;64700;62000;103;17;3845;51429;2578;0;8022;-2730;1138;-1241;30;-2288;2572;-2521;-2375;3177;15;67;21;93;1271;1372;1108;5456;2560;6;469;320;349
France;Données consolidées;2024-01-15;04:00;2024-01-15T04:00:00+01:00;62164;64000;61100;104;17;3807;51353;2425;0;7626;-2725;1134;-1476;30;-1845;2483;-4543;-2385;4348;15;68;21;93;1266;1339;1108;5457;2164;6;464;321;350
France;Données consolidées;2024-01-15;05:00;2024-01-15T05:00:00+01:00;62170;64800;62000;103;17;3864;51456;2630;0;7696;-2696;1125;-1916;30;-774;2496;-4693;-2385;5426;15;67;21;93;1266;1394;1111;5426;2264;6;458;319;347
France;Données consolidées;2024-01-15;06:15;2024-01-15T06:15:00+01:00;;70150;67250;;;;;;;;;;;;;;;;;;;;;;;;;;;;;
France;Données consolidées;2024-01-15;07:00;2024-01-15T07:00:00+01:00;72479;74700;71700;105;136;6059;51523;3107;0;9800;-811;1104;1557;40;2589;1716;-4066;-2385;4442;15;68;21;101;1361;3442;1155;5745;3816;239;446;311;346
France;Données consolidées;2024-01-15;07:30;2024-01-15T07:30:00+01:00;75264;77300;73900;107;226;7567;51517;3295;0;10371;-644;1102;1810;47;2589;1716;-4066;-2385;4505;15;70;21;101;1438;4836;1192;5874;4103;394;446;310;346
France;Données consolidées;2024-01-15;07:45;2024-01-15T07:45:00+01:00;;78150;74800;;;;;;;;;;;;;;;;;;;;;;;;;;;;;
France;Données consolidées;2024-01-15;08:15;2024-01-15T08:15:00+01:00;;79250;76100;;;;;;;;;;;;;;;;;;;;;;;;;;;;;
France;Données consolidées;2024-01-15;08:45;2024-01-15T08:45:00+01:00;;79500;76600;;;;;;;;;;;;;;;;;;;;;;;;;;;;;
France;Données consolidées;2024-01-15;10:00;2024-01-15T10:00:00+01:00;78581;80300;77300;106;598;8329;51363;4018;1336;12640;-16;1067;-752;52;794;-500;-3943;-1820;3694;15;70;21;101;1465;5579;1184;6464;5078;1098;429;298;340
France;Données consolidées;2024-01-15;10:45;2024-01-15T10:45:00+01:00;;80050;76700;;;;;;;;;;;;;;;;;;;;;;;;;;;;;
France;Données consolidées;2024-01-15;12:00;2024-01-15T12:00:00+01:00;77632;80500;76200;105;361;8197;51390;4375;3633;11174;-17;1087;-2576;48;1317;-2202;-3941;-2076;3685;15;69;21;98;1467;5443;1188;6429;4642;104;433;313;341
France;Données consolidées;2024-01-15;13:00;2024-01-15T13:00:00+01:00;74941;77500;73000;107;361;8113;51476;4709;4189;10024;-16;1097;-5021;48;1456;-2314;-3923;-1907;1970;15;71;21;98;1497;5324;1193;6243;3690;90;446;303;348
France;Données consolidées;2024-01-15;13:15;2024-01-15T13:15:00+01:00;;77000;72450;;;;;;;;;;;;;;;;;;;;;;;;;;;;;
France;Données consolidées;2024-01-15;15:15;2024-01-15T15:15:00+01:00;;74750;70200;;;;;;;;;;;;;;;;;;;;;;;;;;;;;
France;Données consolidées;2024-01-15;15:45;2024-01-15T15:45:00+01:00;;74300;69500;;;;;;;;;;;;;;;;;;;;;;;;;;;;;
France;Données consolidées;2024-01-15;16:00;2024-01-15T16:00:00+01:00;71251;74000;69200;104;499;7485;51593;4441;1695;11171;-16;1116;-6742;48;783;1900;-4222;-2385;-3546;15;68;21;106;1425;4759;1195;6285;4496;389;444;325;347
France;Données consolidées;2024-01-15;16:45;2024-01-15T16:45:00+01:00;;73750;69200;;;;;;;;;;;;;;;;;;;;;;;;;;;;;
France;Données consolidées;2024-01-15;18:45;2024-01-15T18:45:00+01:00;;80400;76100;;;;;;;;;;;;;;;;;;;;;;;;;;;;;
France;Données consolidées;2024-01-15;20:30;2024-01-15T20:30:00+01:00;75478;76000;72400;103;604;7867;51586;2714;0;15792;-14;1130;-4199;50;-849;-946;-3281;-595;1188;15;67;21;106;1407;5148;1206;6971;5836;2984;457;324;348
France;Données consolidées;2024-01-15;21:00;2024-01-15T21:00:00+01:00;73554;74100;70700;103;570;7692;51583;2581;0;13815;-15;1121;-3795;50;-170;-1120;-3943;-1725;2264;15;67;21;106;1408;4988;1191;6916;5344;1555;448;326;347
France;Données consolidées;2024-01-15;22:30;2024-01-15T22:30:00+01:00;70811;72000;69000;102;450;7518;51610;2351;0;11246;-15;1123;-3470;49;21;0;-3760;-1699;3223;16;65;21;103;1369;4868;1178;6413;4207;626;451;325;347
France;Données consolidées;2024-01-15;23:00;2024-01-15T23:00:00+01:00;72173;74200;71400;103;396;7456;51612;2413;0;11388;-63;1124;-2151;48;276;1004;-3770;-2385;3592;15;66;21;103;1371;4807;1175;6423;4345;620;452;325;346
France;Données consolidées;2024-01-15;23:15;2024-01-15T23:15:00+01:00;;73750;70750;;;;;;;;;;;;;;;;;;;;;;;;;;;;;
France;Données consolidées;2024-01-15;23:45;2024-01-15T23:45:00+01:00;;71050;69750;;;;;;;;;;;;;;;;;;;;;;;;;;;;;
France;Données consolidées;2024-01-16;00:00;2024-01-16T00:00:00+01:00;70720;68800;69400;106;361;7127;51616;2236;0;9718;-72;1114;-1379;48;1245;2378;-4202;-2385;1275;15;70;21;103;1359;4489;1175;6138;3526;53;442;325;346
France;Données consolidées;2024-01-16;01:45;2024-01-16T01:45:00+01:00;;67350;67700;;;;;;;;;;;;;;;;;;;;;;;;;;;;;
France;Données consolidées;2024-01-16;03:00;2024-01-16T03:00:00+01:00;66738;65500;65600;103;364;6817;51497;1706;1;8869;-2141;1132;-1505;49;432;2400;-3336;-2385;-574;16;66;21;98;1326;4219;1173;5776;3087;7;463;325;344
France;Données consolidées;2024-01-16;04:30;2024-01-16T04:30:00+01:00;65131;63200;64200;102;364;6987;51511;1719;0;8690;-2383;1140;-2912;50;523;2400;-3046;-2385;-1061;15;66;21;98;1323;4393;1172;5767;2916;7;469;330;341
France;Données consolidées;2024-01-16;05:45;2024-01-16T05:45:00+01:00;;66750;67850;;;;;;;;;;;;;;;;;;;;;;;;;;;;;
France;Données consolidées;2024-01-16;06:00;2024-01-16T06:00:00+01:00;69168;67700;68800;105;411;7832;51484;1676;2;9551;-1420;1116;-1495;53;1794;1350;-4216;-1025;1719;15;69;21;102;1343;5213;1174;5904;3641;7;454;323;339
France;Données consolidées;2024-01-16;06:15;2024-01-16T06:15:00+01:00;;69400;70450;;;;;;;;;;;;;;;;;;;;;;;;;;;;;
France;Données consolidées;2024-01-16;07:45;2024-01-16T07:45:00+01:00;;77750;78500;;;;;;;;;;;;;;;;;;;;;;;;;;;;;
France;Données consolidées;2024-01-16;08:15;2024-01-16T08:15:00+01:00;;79000;79600;;;;;;;;;;;;;;;;;;;;;;;;;;;;;
France;Données consolidées;2024-01-16;08:45;2024-01-16T08:45:00+01:00;;79300;79950;;;;;;;;;;;;;;;;;;;;;;;;;;;;;
France;Données consolidées;2024-01-16;09:15;2024-01-16T09:15:00+01:00;;79650;80300;;;;;;;;;;;;;;;;;;;;;;;;;;;;;
France;Données consolidées;2024-01-16;09:30;2024-01-16T09:30:00+01:00;81772;79900;80600;98;595;8965;51389;1755;832;15678;-15;1091;1496;54;1189;1350;-205;329;-1290;8;69;21;104;1487;6189;1186;6942;6078;2657;441;325;325
France;Données consolidées;2024-01-16;12:00;2024-01-16T12:00:00+01:00;78984;78200;77300;94;589;8876;51418;1074;4458;12123;-71;1080;-535;54;206;1550;-2975;-2385;2268;4;69;21;101;1482;6106;1187;6672;4865;586;438;318;324
France;Données consolidées;2024-01-16;13:00;2024-01-16T13:00:00+01:00;75795;75300;74000;89;517;8381;51390;908;5216;10504;-15;1083;-2156;52;463;1550;-4168;-2385;1359;0;70;21;101;1480;5601;1199;6521;3772;211;438;317;328
France;Données consolidées;2024-01-16;13:15;2024-01-16T13:15:00+01:00;;74650;73900;;;;;;;;;;;;;;;;;;;;;;;;;;;;;
France;Données consolidées;2024-01-16;13:45;2024-01-16T13:45:00+01:00;;73700;73450;;;;;;;;;;;;;;;;;;;;;;;;;;;;;
France;Données consolidées;2024-01-16;14:15;2024-01-16T14:15:00+01:00;;73100;72700;;;;;;;;;;;;;;;;;;;;;;;;;;;;;
France;Données consolidées;2024-01-16;15:45;2024-01-16T15:45:00+01:00;;71800;70950;;;;;;;;;;;;;;;;;;;;;;;;;;;;;
France;Données consolidées;2024-01-16;17:45;2024-01-16T17:45:00+01:00;;74800;73750;;;;;;;;;;;;;;;;;;;;;;;;;;;;;
France;Données consolidées;2024-01-16;22:15;2024-01-16T22:15:00+01:00;;70150;69050;;;;;;;;;;;;;;;;;;;;;;;;;;;;;
France;Données consolidées;2024-01-16;23:45;2024-01-16T23:45:00+01:00;;69650;69150;;;;;;;;;;;;;;;;;;;;;;;;;;;;;
France;Données consolidées;2024-01-17;02:15;2024-01-17T02:15:00+01:00;;65500;64750;;;;;;;;;;;;;;;;;;;;;;;;;;;;;
France;Données consolidées;2024-01-17;02:30;2024-01-17T02:30:00+01:00;65813;64900;64100;99;365;5285;50802;5112;0;9032;-1590;1135;-4324;40;242;2728;-3829;-2385;-1238;12;66;21;125;1309;2711;1141;5818;3207;7;458;324;352
France;Données consolidées;2024-01-17;04:15;2024-01-17T04:15:00+01:00;;61900;60300;;;;;;;;;;;;;;;;;;;;;;;;;;;;;
France;Données consolidées;2024-01-17;06:15;2024-01-17T06:15:00+01:00;;67250;64900;;;;;;;;;;;;;;;;;;;;;;;;;;;;;
France;Données consolidées;2024-01-17;06:30;2024-01-17T06:30:00+01:00;67490;68600;66400;105;341;6069;51059;5925;0;9458;-343;1123;-6154;41;-355;2150;-4283;-2385;-1667;13;71;21;127;1338;3458;1145;6201;3250;7;453;324;346
France;Données consolidées;2024-01-17;08:15;2024-01-17T08:15:00+01:00;;76350;72500;;;;;;;;;;;;;;;;;;;;;;;;;;;;;
France;Données consolidées;2024-01-17;11:45;2024-01-17T11:45:00+01:00;;77250;74600;;;;;;;;;;;;;;;;;;;;;;;;;;;;;
France;Données consolidées;2024-01-17;13:00;2024-01-17T13:00:00+01:00;74536;75500;72100;96;542;8235;50720;9878;1772;14219;-70;1144;-11876;46;-2851;2150;-3867;-2385;-4239;13;65;18;126;1343;5636;1131;6903;5337;1980;458;334;352
France;Données consolidées;2024-01-17;13:15;2024-01-17T13:15:00+01:00;;74450;71800;;;;;;;;;;;;;;;;;;;;;;;;;;;;;
France;Données consolidées;2024-01-17;14:00;2024-01-17T14:00:00+01:00;72934;72600;71000;98;541;7909;50682;10137;1643;12440;-15;1129;-11507;46;-2994;2150;-3879;-2360;-4001;13;64;21;144;1354;5282;1129;6724;4649;1068;447;330;351
France;Données consolidées;2024-01-17;14:15;2024-01-17T14:15:00+01:00;;72250;71000;;;;;;;;;;;;;;;;;;;;;;;;;;;;;
France;Données consolidées;2024-01-17;15:00;2024-01-17T15:00:00+01:00;72330;70400;70400;99;541;7315;50675;10121;1459;12335;-16;1123;-11215;44;-3014;2300;-4135;-2385;-4035;13;65;21;141;1347;4678;1148;6793;4553;989;444;326;352
France;Données consolidées;2024-01-17;15:45;2024-01-17T15:45:00+01:00;;69250;68750;;;;;;;;;;;;;;;;;;;;;;;;;;;;;
France;Données consolidées;2024-01-17;17:45;2024-01-17T17:45:00+01:00;;72100;69150;;;;;;;;;;;;;;;;;;;;;;;;;;;;;
France;Données consolidées;2024-01-17;19:15;2024-01-17T19:15:00+01:00;;76000;72850;;;;;;;;;;;;;;;;;;;;;;;;;;;;;
France;Données consolidées;2024-01-17;21:15;2024-01-17T21:15:00+01:00;;68200;65200;;;;;;;;;;;;;;;;;;;;;;;;;;;;;
France;Données consolidées;2024-01-17;21:45;2024-01-17T21:45:00+01:00;;66650;63650;;;;;;;;;;;;;;;;;;;;;;;;;;;;;
France;Données consolidées;2024-01-17;22:00;2024-01-17T22:00:00+01:00;64806;66000;63000;107;284;7644;50662;6623;0;10410;-369;1145;-11579;47;-2547;1900;-4044;-2082;-4106;14;72;21;141;1299;5077;1127;6933;2902;576;457;335;353
France;Données consolidées;2024-01-17;22:30;2024-01-17T22:30:00+01:00;65198;66900;64000;108;283;7757;50698;6287;1;10489;-192;1157;-11267;47;-2547;1900;-4044;-1966;-3483;14;73;21;141;1275;5214;1127;6820;3073;596;466;335;355
France;Données consolidées;2024-01-17;22:45;2024-01-17T22:45:00+01:00;;67600;64700;;;;;;;;;;;;;;;;;;;;;;;;;;;;;
France;Données consolidées;2024-01-18;00:30;2024-01-18T00:30:00+01:00;63603;61500;61400;108;17;6822;50684;6646;0;10642;-421;1155;-11944;40;-2022;2400;-3800;-2385;-6070;14;73;21;96;1249;4347;1130;6605;3904;133;472;331;352
France;Données consolidées;2024-01-18;01:00;2024-01-18T01:00:00+01:00;61381;59800;59500;108;17;5477;50688;6993;0;9544;-420;1156;-12080;34;-2051;2400;-3694;-2385;-6622;14;73;21;96;1249;3004;1128;6551;2891;101;474;330;352
France;Données consolidées;2024-01-18;03:45;2024-01-18T03:45:00+01:00;;57000;56400;;;;;;;;;;;;;;;;;;;;;;;;;;;;;
France;Données consolidées;2024-01-18;06:30;2024-01-18T06:30:00+01:00;64342;63700;63000;107;0;5648;50778;8609;0;9257;-184;1133;-10930;34;-2854;2000;-3884;-2385;-3848;14;72;21;99;1258;3173;1119;6855;2394;7;451;339;342
France;Données consolidées;2024-01-18;07:15;2024-01-18T07:15:00+01:00;;67600;67150;;;;;;;;;;;;;;;;;;;;;;;;;;;;;
France;Données consolidées;2024-01-18;09:15;2024-01-18T09:15:00+01:00;;72000;71600;;;;;;;;;;;;;;;;;;;;;;;;;;;;;
France;Données consolidées;2024-01-18;09:30;2024-01-18T09:30:00+01:00;73554;72000;71800;106;0;8503;51092;7255;761;14217;-14;1116;-9376;43;-3014;1700;-3320;-2021;-2923;14;71;21;102;1293;5990;1118;7087;4980;2150;453;334;330
France;Données consolidées;2024-01-18;11:15;2024-01-18T11:15:00+01:00;;71200;71800;;;;;;;;;;;;;;;;;;;;;;;;;;;;;
France;Données consolidées;2024-01-18;11:45;2024-01-18T11:45:00+01:00;;71500;72000;;;;;;;;;;;;;;;;;;;;;;;;;;;;;
France;Données consolidées;2024-01-18;12:00;2024-01-18T12:00:00+01:00;73538;71700;72300;100;0;8467;51064;5710;3442;12454;-27;1112;-8675;43;-2519;1800;-3018;-1357;-2789;14;69;17;102;1286;5959;1120;7045;3593;1816;443;340;328
France;Données consolidées;2024-01-18;12:15;2024-01-18T12:15:00+01:00;;70600;71650;;;;;;;;;;;;;;;;;;;;;;;;;;;;;
France;Données consolidées;2024-01-18;13:30;2024-01-18T13:30:00+01:00;70594;67400;68800;107;0;8336;51218;5191;4067;10900;-71;1147;-10199;44;-2447;1800;-3320;-2357;-4090;14;72;21;102;1289;5824;1121;6864;3237;799;477;336;334
France;Données consolidées;2024-01-18;14:30;2024-01-18T14:30:00+01:00;69898;67300;68300;109;0;8199;51254;5097;3553;10232;-70;1142;-9523;44;-2066;1800;-3641;-2385;-3206;14;74;21;100;1290;5671;1139;6588;3224;420;480;329;333
France;Données consolidées;2024-01-18;15:30;2024-01-18T15:30:00+01:00;69218;66400;67200;106;0;8423;51270;4824;2471;10705;-15;1130;-9591;45;-2183;2300;-3749;-2385;-3696;14;74;19;118;1296;5867;1142;6667;3356;681;473;323;333
France;Données consolidées;2024-01-18;16:00;2024-01-18T16:00:00+01:00;68626;66400;66700;106;0;8558;51212;4495;1817;11062;-16;1132;-9632;46;-2288;2300;-3421;-2272;-3683;14;73;18;146;1303;5959;1150;6826;3291;944;483;314;335
France;Données consolidées;2024-01-18;18:15;2024-01-18T18:15:00+01:00;;72400;73050;;;;;;;;;;;;;;;;;;;;;;;;;;;;;
France;Données consolidées;2024-01-18;19:15;2024-01-18T19:15:00+01:00;;74600;75050;;;;;;;;;;;;;;;;;;;;;;;;;;;;;
France;Données consolidées;2024-01-18;19:30;2024-01-18T19:30:00+01:00;77174;74100;74500;107;0;8519;51332;4614;0;15738;-15;1161;-4179;44;-506;-2345;-4042;-587;2540;14;75;19;149;1316;5886;1169;7603;5077;3058;486;338;337
France;Données consolidées;2024-01-18;20:45;2024-01-18T20:45:00+01:00;;69500;69550;;;;;;;;;;;;;;;;;;;;;;;;;;;;;
France;Données consolidées;2024-01-18;21:30;2024-01-18T21:30:00+01:00;70312;67100;67000;105;1;8282;51415;4725;0;11097;-18;1152;-6340;46;-521;-2775;-3475;-1647;2495;14;70;21;151;1261;5735;1135;7015;3483;599;491;327;333
France;Données consolidées;2024-01-18;22:45;2024-01-18T22:45:00+01:00;;67900;67450;;;;;;;;;;;;;;;;;;;;;;;;;;;;;
France;Données consolidées;2024-01-18;23:15;2024-01-18T23:15:00+01:00;;68650;68050;;;;;;;;;;;;;;;;;;;;;;;;;;;;;
France;Données consolidées;2024-01-18;23:45;2024-01-18T23:45:00+01:00;;67500;68050;;;;;;;;;;;;;;;;;;;;;;;;;;;;;
France;Données consolidées;2024-01-19;00:45;2024-01-19T00:45:00+01:00;;64450;66250;;;;;;;;;;;;;;;;;;;;;;;;;;;;;
France;Données consolidées;2024-01-19;03:00;2024-01-19T03:00:00+01:00;65998;62600;65000;105;0;5746;50321;2027;0;8732;-1212;1160;-774;39;-327;2300;-3539;-2343;3217;14;71;20;111;1229;3273;1133;6030;2695;7;497;339;324
France;Données consolidées;2024-01-19;03:45;2024-01-19T03:45:00+01:00;;61650;64200;;;;;;;;;;;;;;;;;;;;;;;;;;;;;
France;Données consolidées;2024-01-19;04:30;2024-01-19T04:30:00+01:00;64908;61000;64200;107;0;5416;50321;2029;0;8581;-1706;1173;-909;38;488;2400;-3569;-2385;2031;13;73;21;111;1221;2949;1136;6099;2475;7;514;336;322
France;Données consolidées;2024-01-19;05:00;2024-01-19T05:00:00+01:00;65051;61600;64800;107;0;5416;50320;2049;0;8677;-1378;1164;-1193;38;863;2300;-3657;-2384;3280;14;73;21;110;1229;2941;1136;6138;2532;7;511;331;322
France;Données consolidées;2024-01-19;05:45;2024-01-19T05:45:00+01:00;;64150;67750;;;;;;;;;;;;;;;;;;;;;;;;;;;;;
France;Données consolidées;2024-01-19;06:15;2024-01-19T06:15:00+01:00;;66750;70450;;;;;;;;;;;;;;;;;;;;;;;;;;;;;
France;Données consolidées;2024-01-19;10:15;2024-01-19T10:15:00+01:00;;75800;80900;;;;;;;;;;;;;;;;;;;;;;;;;;;;;
France;Données consolidées;2024-01-19;11:00;2024-01-19T11:00:00+01:00;80856;75200;79600;1103;0;8916;50365;1179;4212;12402;-17;1120;1702;57;1055;1400;-3947;35;3112;1011;72;21;155;1424;6111;1226;6790;4456;1156;482;316;322
France;Données consolidées;2024-01-19;11:30;2024-01-19T11:30:00+01:00;80299;74800;79200;1112;0;8877;50433;1130;5221;11550;-18;1113;1015;57;1055;1400;-3947;29;3223;1012;71;28;155;1423;6075;1224;6728;4117;705;468;317;328
France;Données consolidées;2024-01-19;12:30;2024-01-19T12:30:00+01:00;78219;73300;76900;458;0;8275;50636;1225;6121;9816;-34;1124;706;49;1117;1400;-3810;-553;3330;364;73;21;155;1364;5537;1219;6627;3125;63;472;322;330
France;Données consolidées;2024-01-19;13:30;2024-01-19T13:30:00+01:00;74982;70700;73900;107;0;8288;50891;1327;6025;9186;-661;1131;-1215;46;1182;1400;-3914;-1836;2268;13;73;21;155;1353;5567;1213;6387;2792;7;470;329;332
France;Données consolidées;2024-01-19;15:15;2024-01-19T15:15:00+01:00;;68500;71700;;;;;;;;;;;;;;;;;;;;;;;;;;;;;
France;Données consolidées;2024-01-19;16:15;2024-01-19T16:15:00+01:00;;67550;70300;;;;;;;;;;;;;;;;;;;;;;;;;;;;;
France;Données consolidées;2024-01-19;17:00;2024-01-19T17:00:00+01:00;72297;68100;71200;107;0;8810;51184;2087;924;10272;-15;1136;-2108;50;844;1700;-4092;-2124;1910;13;73;21;153;1304;6124;1229;6385;3391;496;484;317;334
France;Données consolidées;2024-01-19;17:45;2024-01-19T17:45:00+01:00;;71650;74600;;;;;;;;;;;;;;;;;;;;;;;;;;;;;
France;Données consolidées;2024-01-19;18:15;2024-01-19T18:15:00+01:00;;74450;77200;;;;;;;;;;;;;;;;;;;;;;;;;;;;;
France;Données consolidées;2024-01-19;18:45;2024-01-19T18:45:00+01:00;;76050;78500;;;;;;;;;;;;;;;;;;;;;;;;;;;;;
France;Données consolidées;2024-01-19;19:00;2024-01-19T19:00:00+01:00;80651;76500;79000;108;0;8920;51250;2640;0;15167;-15;1163;1521;48;1174;1354;-3996;-483;3574;13;74;21;151;1399;6141;1230;7225;5112;2830;496;330;337
France;Données consolidées;2024-01-19;20:45;2024-01-19T20:45:00+01:00;;72400;75100;;;;;;;;;;;;;;;;;;;;;;;;;;;;;
France;Données consolidées;2024-01-19;21:15;2024-01-19T21:15:00+01:00;;71100;73850;;;;;;;;;;;;;;;;;;;;;;;;;;;;;
France;Données consolidées;2024-01-19;21:30;2024-01-19T21:30:00+01:00;74399;70400;73200;107;1;8220;51364;3362;0;10788;-16;1168;-494;47;1099;-209;-3876;-2384;4850;13;74;21;151;1277;5675;1118;6813;3876;100;508;329;330
France;Données consolidées;2024-01-19;22:00;2024-01-19T22:00:00+01:00;73363;69100;71900;107;2;7882;51352;3364;0;10202;-17;1163;-590;46;923;1600;-3836;-2385;3462;13;73;21;148;1283;5332;1119;6700;3126;376;505;329;329
France;Données consolidées;2024-01-19;22:15;2024-01-19T22:15:00+01:00;;69450;72300;;;;;;;;;;;;;;;;;;;;;;;;;;;;;
France;Données consolidées;2024-01-19;22:30;2024-01-19T22:30:00+01:00;74125;69800;72700;107;2;8042;51054;3278;0;10601;-16;1159;-4;46;923;1600;-3836;-2385;3910;13;74;21;148;1283;5492;1119;6658;3495;447;507;323;328
France;Données consolidées;2024-01-19;23:15;2024-01-19T23:15:00+01:00;;71150;74200;;;;;;;;;;;;;;;;;;;;;;;;;;;;;
France;Données consolidées;2024-01-19;23:30;2024-01-19T23:30:00+01:00;74566;70800;74000;107;2;7839;50248;3500;0;10160;-16;1166;1665;46;888;1600;-3696;-2385;5347;13;73;21;148;1276;5297;1118;6558;3217;385;508;330;327
France;Données consolidées;2024-01-20;03:00;2024-01-20T03:00:00+01:00;69776;68400;68500;108;1;6063;47523;3138;0;8431;-419;1164;3874;42;775;1800;-2665;-2933;5631;13;73;21;111;1242;3597;1113;6288;2047;96;510;333;321
France;Données consolidées;2024-01-20;03:30;2024-01-20T03:30:00+01:00;68486;67600;67400;108;2;5837;47539;3127;0;9041;-420;1169;2181;40;775;1800;-2665;-2933;5633;13;74;21;111;1226;3385;1115;6241;2374;426;508;339;321
France;Données consolidées;2024-01-20;05:00;2024-01-20T05:00:00+01:00;67054;65700;66100;108;2;4934;47662;3048;0;8770;-446;1176;1902;36;2115;1800;-2726;-3000;5035;13;74;21;111;1226;2486;1112;6231;2531;8;519;337;320
France;Données consolidées;2024-01-20;05:15;2024-01-20T05:15:00+01:00;;66150;66400;;;;;;;;;;;;;;;;;;;;;;;;;;;;;
France;Données consolidées;2024-01-20;06:00;2024-01-20T06:00:00+01:00;68258;67100;67400;109;2;4971;47709;2982;0;8624;-437;1165;3230;36;2274;1800;-3137;-3151;6032;13;74;21;133;1228;2497;1113;6310;2308;7;508;340;318
France;Données consolidées;2024-01-20;07:45;2024-01-20T07:45:00+01:00;;71800;72350;;;;;;;;;;;;;;;;;;;;;;;;;;;;;
France;Données consolidées;2024-01-20;09:30;2024-01-20T09:30:00+01:00;78054;76100;77100;107;1;8392;48049;2774;1678;13571;-16;1151;2455;47;2285;-1192;-3342;-329;5408;13;73;21;151;1263;5855;1124;6979;5017;1575;493;340;317
France;Données consolidées;2024-01-20;21:30;2024-01-20T21:30:00+01:00;73086;68700;70873;106;2;7405;48330;9642;0;10983;-15;1134;-4397;41;501;-1913;-3659;-3200;4327;13;72;21;115;1252;4941;1096;6819;3818;346;478;324;333
France;Données consolidées;2024-01-20;21:45;2024-01-20T21:45:00+01:00;;68450;70760;;;;;;;;;;;;;;;;;;;;;;;;;;;;;
France;Données consolidées;2024-01-20;23:45;2024-01-20T23:45:00+01:00;;71800;72075;;;;;;;;;;;;;;;;;;;;;;;;;;;;;
France;Données consolidées;2024-01-21;02:15;2024-01-21T02:15:00+01:00;;69000;68900;;;;;;;;;;;;;;;;;;;;;;;;;;;;;
France;Données consolidées;2024-01-21;05:15;2024-01-21T05:15:00+01:00;;62650;63450;;;;;;;;;;;;;;;;;;;;;;;;;;;;;
France;Données consolidées;2024-01-21;06:00;2024-01-21T06:00:00+01:00;64849;62700;63400;108;2;2997;48021;11534;0;8059;-2211;1186;-4731;24;1115;-1400;-3401;-3133;2979;13;74;21;111;1050;750;1086;5626;2427;7;501;361;324
France;Données consolidées;2024-01-21;07:15;2024-01-21T07:15:00+01:00;;64050;64700;;;;;;;;;;;;;;;;;;;;;;;;;;;;;
France;Données consolidées;2024-01-21;10:00;2024-01-21T10:00:00+01:00;70766;69200;69100;107;0;2803;47900;12486;2416;8820;-863;1176;-3976;21;-2419;645;-1752;-3200;2174;13;74;21;109;1068;545;1082;5766;2347;707;490;365;321
France;Données consolidées;2024-01-21;10:15;2024-01-21T10:15:00+01:00;;69400;69550;;;;;;;;;;;;;;;;;;;;;;;;;;;;;
France;Données consolidées;2024-01-21;12:30;2024-01-21T12:30:00+01:00;71417;68400;69600;106;0;2956;47886;11940;5749;7961;-1319;1148;-4888;21;-2520;1017;-772;-3200;261;14;72;21;108;1052;719;1076;5376;2391;193;468;357;323
France;Données consolidées;2024-01-21;12:45;2024-01-21T12:45:00+01:00;;67350;68450;;;;;;;;;;;;;;;;;;;;;;;;;;;;;
France;Données consolidées;2024-01-21;14:15;2024-01-21T14:15:00+01:00;;61700;63250;;;;;;;;;;;;;;;;;;;;;;;;;;;;;
France;Données consolidées;2024-01-21;15:45;2024-01-21T15:45:00+01:00;;58950;61000;;;;;;;;;;;;;;;;;;;;;;;;;;;;;
France;Données consolidées;2024-01-21;16:45;2024-01-21T16:45:00+01:00;;58500;60050;;;;;;;;;;;;;;;;;;;;;;;;;;;;;
France;Données consolidées;2024-01-21;17:15;2024-01-21T17:15:00+01:00;;59500;61250;;;;;;;;;;;;;;;;;;;;;;;;;;;;;
France;Données consolidées;2024-01-21;18:45;2024-01-21T18:45:00+01:00;;67300;68550;;;;;;;;;;;;;;;;;;;;;;;;;;;;;
France;Données consolidées;2024-01-21;21:00;2024-01-21T21:00:00+01:00;67596;64600;65600;104;0;2400;50123;16154;0;8348;-178;1164;-10414;18;-2615;-2300;-3677;-3200;1957;13;71;21;143;1058;144;1055;6039;2044;264;474;358;332
France;Données consolidées;2024-01-21;22:00;2024-01-21T22:00:00+01:00;65071;61900;63455;105;0;2420;49708;16265;0;7480;-2064;1164;-9897;19;-2567;-2092;-3692;-3200;1929;13;71;21;141;1056;167;1056;5742;1549;189;475;358;331
France;Données consolidées;2024-01-21;22:15;2024-01-21T22:15:00+01:00;;62350;63842;;;;;;;;;;;;;;;;;;;;;;;;;;;;;
France;Données consolidées;2024-01-21;22:45;2024-01-21T22:45:00+01:00;;63650;64742;;;;;;;;;;;;;;;;;;;;;;;;;;;;;
France;Données consolidées;2024-01-22;00:00;2024-01-22T00:00:00+01:00;65244;63500;63700;105;0;2352;49325;16521;0;7101;-2706;1164;-8505;19;-2026;-1700;-3257;-3200;1237;13;72;21;142;1018;148;1045;5490;1604;7;483;355;326
France;Données consolidées;2024-01-22;02:15;2024-01-22T02:15:00+01:00;;60300;60300;;;;;;;;;;;;;;;;;;;;;;;;;;;;;
France;Données consolidées;2024-01-22;08:00;2024-01-22T08:00:00+01:00;71972;70500;70400;105;0;2425;50427;16872;0;10325;-410;1144;-8817;18;-2415;-1960;-3459;-3047;2165;13;72;20;145;1048;188;1044;5946;3627;752;475;349;319
France;Données consolidées;2024-01-22;10:30;2024-01-22T10:30:00+01:00;72375;71700;70900;105;0;2416;50463;16580;2184;9575;-188;1096;-9752;17;-2669;1157;-3387;-3198;-1562;13;71;21;147;1042;197;1030;6235;3058;282;460;318;317
France;Données consolidées;2024-01-22;11:00;2024-01-22T11:00:00+01:00;72053;71300;70400;104;0;2407;50453;16574;2776;9019;-508;1109;-9766;17;-2014;1750;-3387;-3200;-2247;13;71;20;146;1049;193;1020;6223;2706;89;455;333;321
France;Données consolidées;2024-01-22;11:15;2024-01-22T11:15:00+01:00;;71250;70350;;;;;;;;;;;;;;;;;;;;;;;;;;;;;
France;Données consolidées;2024-01-22;15:00;2024-01-22T15:00:00+01:00;68136;65900;65200;102;0;2347;50324;15903;2621;8496;-1886;1122;-10792;18;-2991;1700;-3727;-3198;-3866;13;68;21;185;1023;105;1033;5619;2726;151;474;311;336
France;Données consolidées;2024-01-22;15:45;2024-01-22T15:45:00+01:00;;64750;64000;;;;;;;;;;;;;;;;;;;;;;;;;;;;;
France;Données consolidées;2024-01-22;16:30;2024-01-22T16:30:00+01:00;65942;63800;63000;104;1;2372;48783;15869;1086;9031;-355;1103;-11959;18;-3014;1700;-3727;-3200;-4004;13;70;21;147;1070;118;1037;5775;2684;572;456;304;341
France;Données consolidées;2024-01-22;18:00;2024-01-22T18:00:00+01:00;68737;68800;67900;104;1;2580;49121;15000;0;12068;-68;1126;-11092;19;-3009;-864;-4178;-2844;1490;13;70;21;147;1088;290;1055;6579;4024;1464;476;309;341
France;Données consolidées;2024-01-22;19:45;2024-01-22T19:45:00+01:00;;70700;69600;;;;;;;;;;;;;;;;;;;;;;;;;;;;;
France;Données consolidées;2024-01-22;20:00;2024-01-22T20:00:00+01:00;70499;69700;68600;102;0;2741;49124;15094;0;12456;-14;1145;-10053;19;-3014;-2150;-4178;-3200;2130;13;68;21;147;1085;438;1069;6647;4262;1547;478;323;344
France;Données consolidées;2024-01-22;20:15;2024-01-22T20:15:00+01:00;;68750;67600;;;;;;;;;;;;;;;;;;;;;;;;;;;;;
France;Données consolidées;2024-01-22;21:45;2024-01-22T21:45:00+01:00;;63650;62250;;;;;;;;;;;;;;;;;;;;;;;;;;;;;
France;Données consolidées;2024-01-22;23:15;2024-01-22T23:15:00+01:00;;64950;63500;;;;;;;;;;;;;;;;;;;;;;;;;;;;;
France;Données consolidées;2024-01-23;00:45;2024-01-23T00:45:00+01:00;;60200;58250;;;;;;;;;;;;;;;;;;;;;;;;;;;;;
France;Données consolidées;2024-01-23;01:00;2024-01-23T01:00:00+01:00;59227;59100;57300;103;168;2247;46886;13759;0;6882;-2746;1160;-9104;22;-1748;-1800;-3893;-3200;2495;13;69;21;110;1013;90;1034;5486;1389;7;487;337;336
France;Données consolidées;2024-01-23;01:15;2024-01-23T01:15:00+01:00;;59400;57500;;;;;;;;;;;;;;;;;;;;;;;;;;;;;
France;Données consolidées;2024-01-23;01:30;2024-01-23T01:30:00+01:00;59032;59700;57700;103;236;2307;46549;13235;0;6863;-2962;1150;-8338;24;-1748;-1800;-3893;-3200;2615;13;69;21;110;1015;148;1035;5451;1405;7;479;335;335
France;Données consolidées;2024-01-23;02:15;2024-01-23T02:15:00+01:00;;59550;57750;;;;;;;;;;;;;;;;;;;;;;;;;;;;;
France;Données consolidées;2024-01-23;04:00;2024-01-23T04:00:00+01:00;55475;55600;53700;104;0;2292;45783;11847;0;6643;-3103;1174;-9163;21;-1918;-1600;-3830;-3200;1845;13;70;21;110;1015;133;1035;5335;1300;7;481;360;333
France;Données consolidées;2024-01-23;04:45;2024-01-23T04:45:00+01:00;;55700;53350;;;;;;;;;;;;;;;;;;;;;;;;;;;;;
France;Données consolidées;2024-01-23;05:15;2024-01-23T05:15:00+01:00;;56850;54450;;;;;;;;;;;;;;;;;;;;;;;;;;;;;
France;Données consolidées;2024-01-23;06:30;2024-01-23T06:30:00+01:00;62157;62900;61000;103;1;2743;46942;9315;0;8138;-1146;1162;-5010;23;-654;-108;-3830;-3200;3416;13;69;21;146;1036;516;1044;5696;2435;7;471;361;329
France;Données consolidées;2024-01-23;07:00;2024-01-23T07:00:00+01:00;64745;65900;63600;103;1;2937;47648;8910;0;9419;-105;1154;-5220;23;-1374;-442;-3861;-1855;3290;13;69;21;147;1040;706;1044;5904;3428;86;466;360;327
France;Données consolidées;2024-01-23;09:15;2024-01-23T09:15:00+01:00;;70750;67700;;;;;;;;;;;;;;;;;;;;;;;;;;;;;
France;Données consolidées;2024-01-23;10:30;2024-01-23T10:30:00+01:00;69154;70900;67900;96;0;4434;47940;8523;3187;12309;-15;1132;-8339;27;-2890;1550;-3861;-1823;-1254;13;67;16;148;1091;2190;1005;6472;4205;1632;466;349;318
France;Données consolidées;2024-01-23;12:15;2024-01-23T12:15:00+01:00;;69600;66050;;;;;;;;;;;;;;;;;;;;;;;;;;;;;
France;Données consolidées;2024-01-23;13:15;2024-01-23T13:15:00+01:00;;66600;63850;;;;;;;;;;;;;;;;;;;;;;;;;;;;;
France;Données consolidées;2024-01-23;14:30;2024-01-23T14:30:00+01:00;65568;65500;62600;102;0;3540;48914;12494;4648;7698;-1396;1168;-11603;24;-2507;1500;-4440;-3200;-3784;13;68;21;147;1072;1296;1024;5714;1845;140;474;356;337
France;Données consolidées;2024-01-23;14:45;2024-01-23T14:45:00+01:00;;65200;62250;;;;;;;;;;;;;;;;;;;;;;;;;;;;;
France;Données consolidées;2024-01-23;19:00;2024-01-23T19:00:00+01:00;69565;70000;68200;100;0;4063;48110;17110;1;12119;-222;1178;-12800;24;-2909;-1400;-4432;-3200;-643;13;69;18;148;1135;1732;1048;6564;3664;1891;474;362;341
France;Données consolidées;2024-01-23;19:15;2024-01-23T19:15:00+01:00;;69500;67800;;;;;;;;;;;;;;;;;;;;;;;;;;;;;
France;Données consolidées;2024-01-23;21:00;2024-01-23T21:00:00+01:00;63336;62900;62000;105;0;3474;47850;17171;0;8503;-1560;1199;-13280;23;-2716;-1400;-4485;-3200;-1470;13;71;21;114;1095;1232;1033;6093;2310;101;483;368;347
France;Données consolidées;2024-01-23;22:45;2024-01-23T22:45:00+01:00;;60750;60650;;;;;;;;;;;;;;;;;;;;;;;;;;;;;
France;Données consolidées;2024-01-24;00:00;2024-01-24T00:00:00+01:00;59654;57800;57500;104;144;2756;45465;17177;0;7237;-2900;1206;-11423;24;-821;-1672;-4054;-3200;-1733;13;70;21;114;1008;614;1019;5600;1630;7;499;366;340
France;Données consolidées;2024-01-24;00:15;2024-01-24T00:15:00+01:00;;57100;56700;;;;;;;;;;;;;;;;;;;;;;;;;;;;;
France;Données consolidées;2024-01-24;00:45;2024-01-24T00:45:00+01:00;;55350;54750;;;;;;;;;;;;;;;;;;;;;;;;;;;;;
France;Données consolidées;2024-01-24;02:00;2024-01-24T02:00:00+01:00;55216;54700;54000;105;361;2241;42979;17218;0;6773;-3068;1210;-12508;25;-1424;-3098;-4054;-3200;-1128;13;71;21;109;1013;110;1010;5471;1295;7;509;359;342
France;Données consolidées;2024-01-24;04:30;2024-01-24T04:30:00+01:00;51317;49600;49200;104;475;2233;42481;16930;0;6344;-3000;1206;-15359;27;-1245;-3052;-3969;-3200;-3881;13;70;21;109;1012;109;1004;5218;1119;7;510;357;339
France;Données consolidées;2024-01-24;05:00;2024-01-24T05:00:00+01:00;51219;50800;49800;104;504;2266;42389;16763;0;6409;-2996;1207;-15323;28;-893;-3052;-3969;-3200;-2811;13;70;21;109;1011;142;1003;5244;1159;7;507;360;339
France;Données consolidées;2024-01-24;05:45;2024-01-24T05:45:00+01:00;;52750;52450;;;;;;;;;;;;;;;;;;;;;;;;;;;;;
France;Données consolidées;2024-01-24;06:45;2024-01-24T06:45:00+01:00;;58000;57350;;;;;;;;;;;;;;;;;;;;;;;;;;;;;
France;Données consolidées;2024-01-24;07:00;2024-01-24T07:00:00+01:00;59994;59100;58700;103;353;2271;46662;16058;0;7687;-1923;1172;-12279;24;-1718;-2600;-3878;-3200;-860;13;69;21;114;1032;120;1006;5471;2027;189;494;343;335
France;Données consolidées;2024-01-24;08:00;2024-01-24T08:00:00+01:00;63887;63000;62300;106;306;2323;47713;16067;0;8666;-283;1177;-12081;22;-3013;-2266;-3878;-3131;834;13;72;21;111;1041;156;1015;5772;2338;556;498;344;334
France;Données consolidées;2024-01-24;08:15;2024-01-24T08:15:00+01:00;;63650;62550;;;;;;;;;;;;;;;;;;;;;;;;;;;;;
France;Données consolidées;2024-01-24;09:00;2024-01-24T09:00:00+01:00;65068;64300;62900;105;404;2317;47923;15297;305;9398;-500;1168;-11246;23;-2816;-2600;-3838;-3200;1339;13;71;21;113;1074;124;1006;5923;2718;758;493;338;336
France;Données consolidées;2024-01-24;11:00;2024-01-24T11:00:00+01:00;64344;63900;62600;105;419;2277;47879;13648;3355;8226;-958;1156;-11642;23;-2815;-208;-3838;-3200;-1351;13;70;22;111;1050;124;993;5991;2164;71;470;363;322
France;Données consolidées;2024-01-24;13:15;2024-01-24T13:15:00+01:00;;61500;59350;;;;;;;;;;;;;;;;;;;;;;;;;;;;;
France;Données consolidées;2024-01-24;14:15;2024-01-24T14:15:00+01:00;;60700;58750;;;;;;;;;;;;;;;;;;;;;;;;;;;;;
France;Données consolidées;2024-01-24;14:30;2024-01-24T14:30:00+01:00;60208;60700;58800;106;419;2268;46406;12048;4947;7812;-1708;1181;-13177;24;-3014;-502;-4010;-3200;-2475;13;72;21;111;1041;115;1001;5743;2064;6;487;358;336
France;Données consolidées;2024-01-24;16:00;2024-01-24T16:00:00+01:00;58161;58000;56400;104;416;2379;46551;9996;2885;7787;-299;1180;-12759;26;-3014;-12;-3975;-3200;-2308;13;64;27;111;1085;159;1025;5842;1939;6;487;352;341
France;Données consolidées;2024-01-24;16:45;2024-01-24T16:45:00+01:00;;57250;55700;;;;;;;;;;;;;;;;;;;;;;;;;;;;;
France;Données consolidées;2024-01-24;17:00;2024-01-24T17:00:00+01:00;57351;57300;55700;99;417;2406;47971;8194;892;9569;-488;1182;-12791;26;-2994;-879;-3975;-3200;-1147;13;65;21;107;1111;150;1039;6118;2841;611;483;355;343
France;Données consolidées;2024-01-24;18:30;2024-01-24T18:30:00+01:00;63082;64000;62100;103;307;2361;48324;6949;2;13470;-14;1188;-9507;24;-3013;-123;-3927;-3168;1730;14;69;21;139;1053;122;1047;6576;4607;2286;492;355;340
France;Données consolidées;2024-01-24;19:45;2024-01-24T19:45:00+01:00;;63600;61700;;;;;;;;;;;;;;;;;;;;;;;;;;;;;
France;Données consolidées;2024-01-24;20:15;2024-01-24T20:15:00+01:00;;62050;60200;;;;;;;;;;;;;;;;;;;;;;;;;;;;;
France;Données consolidées;2024-01-24;20:30;2024-01-24T20:30:00+01:00;60838;61200;59400;105;304;2360;49289;6957;0;12942;-71;1196;-12142;23;-3014;-2244;-3927;-3200;272;14;71;21;142;1051;139;1027;6765;3802;2375;491;360;344
France;Données consolidées;2024-01-24;20:45;2024-01-24T20:45:00+01:00;;60250;58500;;;;;;;;;;;;;;;;;;;;;;;;;;;;;
France;Données consolidées;2024-01-25;01:45;2024-01-25T01:45:00+01:00;;53200;52000;;;;;;;;;;;;;;;;;;;;;;;;;;;;;
France;Données consolidées;2024-01-25;04:15;2024-01-25T04:15:00+01:00;;48550;48050;;;;;;;;;;;;;;;;;;;;;;;;;;;;;
France;Données consolidées;2024-01-25;05:00;2024-01-25T05:00:00+01:00;48926;48700;48400;106;302;2566;47917;2360;0;7842;-2556;1212;-10718;30;-2993;-924;-3638;-3200;-358;14;71;21;109;998;440;1019;5680;2156;6;521;357;334
France;Données consolidées;2024-01-25;06:00;2024-01-25T06:00:00+01:00;52141;52700;52400;103;302;3094;48319;2367;0;9331;-1923;1196;-10538;31;-2236;888;-3643;-3200;-1252;11;70;21;112;1017;944;1022;5932;3393;6;509;354;333
France;Données consolidées;2024-01-25;07:30;2024-01-25T07:30:00+01:00;61782;60100;60700;104;302;5145;48206;3019;0;14427;-54;1173;-10439;37;-2075;617;-3571;-3200;-2134;12;71;21;149;1075;2889;1032;6708;5314;2404;498;342;333
France;Données consolidées;2024-01-25;07:45;2024-01-25T07:45:00+01:00;;60950;61400;;;;;;;;;;;;;;;;;;;;;;;;;;;;;
France;Données consolidées;2024-01-25;08:30;2024-01-25T08:30:00+01:00;63670;62300;62700;102;395;5477;48185;3198;79;15750;-70;1187;-10533;39;-2814;-309;-3680;-1227;-2996;11;70;21;149;1082;3217;1030;6941;5963;2846;510;340;337
France;Données consolidées;2024-01-25;08:45;2024-01-25T08:45:00+01:00;;62550;62500;;;;;;;;;;;;;;;;;;;;;;;;;;;;;
France;Données consolidées;2024-01-25;09:15;2024-01-25T09:15:00+01:00;;62900;62550;;;;;;;;;;;;;;;;;;;;;;;;;;;;;
France;Données consolidées;2024-01-25;09:45;2024-01-25T09:45:00+01:00;;63050;62650;;;;;;;;;;;;;;;;;;;;;;;;;;;;;
France;Données consolidées;2024-01-25;10:15;2024-01-25T10:15:00+01:00;;62900;62300;;;;;;;;;;;;;;;;;;;;;;;;;;;;;
France;Données consolidées;2024-01-25;12:30;2024-01-25T12:30:00+01:00;62391;60300;60200;89;413;3988;48213;3629;7226;10497;-519;1166;-12222;32;-3014;2300;-3655;-2669;-6398;0;69;21;148;1082;1732;1027;6523;3597;378;489;348;328
France;Données consolidées;2024-01-25;13:00;2024-01-25T13:00:00+01:00;61086;58300;58900;88;413;3994;48154;3811;7581;10345;-516;1193;-13885;32;-2914;1625;-3680;-2303;-7740;0;69;21;152;1075;1738;1028;6470;3183;692;506;353;334
France;Données consolidées;2024-01-25;14:45;2024-01-25T14:45:00+01:00;;57050;57500;;;;;;;;;;;;;;;;;;;;;;;;;;;;;
France;Données consolidées;2024-01-25;16:00;2024-01-25T16:00:00+01:00;57247;56000;55200;91;412;3665;48079;3681;3889;8780;-20;1192;-12418;33;-3014;2467;-3680;-3200;-3996;0;71;21;146;1078;1417;1024;6266;2452;62;506;346;340
France;Données consolidées;2024-01-25;18:45;2024-01-25T18:45:00+01:00;;62700;62000;;;;;;;;;;;;;;;;;;;;;;;;;;;;;
France;Données consolidées;2024-01-25;19:00;2024-01-25T19:00:00+01:00;64182;63500;63000;91;459;5410;48336;5392;1;16122;-14;1212;-12738;38;-1411;-2700;-3622;-3200;-2051;0;71;21;147;1105;3104;1054;7239;5836;3047;510;356;346
France;Données consolidées;2024-01-25;21:45;2024-01-25T21:45:00+01:00;;56100;55250;;;;;;;;;;;;;;;;;;;;;;;;;;;;;
France;Données consolidées;2024-01-25;22:15;2024-01-25T22:15:00+01:00;;56100;55200;;;;;;;;;;;;;;;;;;;;;;;;;;;;;
France;Données consolidées;2024-01-25;23:15;2024-01-25T23:15:00+01:00;;57950;56950;;;;;;;;;;;;;;;;;;;;;;;;;;;;;
France;Données consolidées;2024-01-26;01:00;2024-01-26T01:00:00+01:00;52623;51800;51200;91;303;2377;47236;7742;0;8034;-67;1216;-14196;26;-899;-2361;-3508;-3200;-3705;0;71;21;109;1080;167;1020;5881;1944;209;539;329;347
France;Données consolidées;2024-01-26;01:30;2024-01-26T01:30:00+01:00;52347;52200;50900;91;303;2409;47026;8072;0;7956;-628;1231;-14011;26;-899;-2361;-3508;-3200;-3676;0;72;21;109;1080;189;1031;5763;1973;219;540;344;347
France;Données consolidées;2024-01-26;01:45;2024-01-26T01:45:00+01:00;;52250;51150;;;;;;;;;;;;;;;;;;;;;;;;;;;;;
France;Données consolidées;2024-01-26;03:15;2024-01-26T03:15:00+01:00;;49400;48400;;;;;;;;;;;;;;;;;;;;;;;;;;;;;
France;Données consolidées;2024-01-26;04:15;2024-01-26T04:15:00+01:00;;48350;47000;;;;;;;;;;;;;;;;;;;;;;;;;;;;;
France;Données consolidées;2024-01-26;04:45;2024-01-26T04:45:00+01:00;;48450;47500;;;;;;;;;;;;;;;;;;;;;;;;;;;;;
France;Données consolidées;2024-01-26;10:00;2024-01-26T10:00:00+01:00;62971;63400;61200;92;445;2404;47872;12374;1706;10216;-336;1195;-12891;25;-2914;-437;-3461;-3200;-2552;0;72;21;117;1090;156;1041;6389;3169;658;509;347;338
France;Données consolidées;2024-01-26;10:30;2024-01-26T10:30:00+01:00;62942;63200;61000;92;450;2414;47756;12169;2463;8906;-336;1196;-12060;25;-2914;-437;-3461;-3200;-2546;0;72;21;117;1085;173;1039;5870;2771;265;508;354;333
France;Données consolidées;2024-01-26;11:45;2024-01-26T11:45:00+01:00;;62500;60500;;;;;;;;;;;;;;;;;;;;;;;;;;;;;
France;Données consolidées;2024-01-26;12:30;2024-01-26T12:30:00+01:00;62146;61000;59200;90;430;2401;47932;11418;4530;8075;-1628;1224;-12216;25;-3003;207;-3955;-3200;-2271;0;71;21;117;1082;151;1051;5847;2221;6;518;371;335
France;Données consolidées;2024-01-26;15:00;2024-01-26T15:00:00+01:00;58153;57800;58200;91;288;2366;47081;7822;3994;7464;-2239;1209;-9818;25;-2275;1554;-3976;-3200;-1580;0;71;21;113;1085;105;1062;5658;1800;7;517;353;339
France;Données consolidées;2024-01-26;15:45;2024-01-26T15:45:00+01:00;;56200;54900;;;;;;;;;;;;;;;;;;;;;;;;;;;;;
France;Données consolidées;2024-01-26;16:00;2024-01-26T16:00:00+01:00;56638;55700;54400;88;0;2396;47104;6109;2645;8364;-1807;1227;-9379;22;-2905;2199;-3997;-3200;-2250;0;70;19;117;1091;119;1069;5866;2344;155;514;371;342
France;Données consolidées;2024-01-26;16:15;2024-01-26T16:15:00+01:00;;55550;54100;;;;;;;;;;;;;;;;;;;;;;;;;;;;;
France;Données consolidées;2024-01-26;17:15;2024-01-26T17:15:00+01:00;;56650;55250;;;;;;;;;;;;;;;;;;;;;;;;;;;;;
France;Données consolidées;2024-01-27;00:30;2024-01-27T00:30:00+01:00;57195;54000;55800;93;3;3049;48016;1860;0;9992;-177;1238;-6771;26;-90;-1948;-3815;-3197;2607;0;74;21;110;1076;810;1053;6152;3030;810;523;375;340
France;Données consolidées;2024-01-27;01:15;2024-01-27T01:15:00+01:00;;52550;54100;;;;;;;;;;;;;;;;;;;;;;;;;;;;;
France;Données consolidées;2024-01-27;03:45;2024-01-27T03:45:00+01:00;;49000;50650;;;;;;;;;;;;;;;;;;;;;;;;;;;;;
France;Données consolidées;2024-01-27;04:00;2024-01-27T04:00:00+01:00;51201;48800;50200;92;3;2338;48242;2081;0;8080;-1336;1238;-9430;23;-110;-1484;-3773;-3200;-959;0;73;21;106;1077;108;1047;5664;2409;7;524;376;337
France;Données consolidées;2024-01-27;05:00;2024-01-27T05:00:00+01:00;50709;48800;49500;92;3;2429;48424;2238;0;7859;-1781;1239;-9692;24;200;-1106;-3815;-3200;-902;0;73;21;110;1077;192;1050;5480;2373;6;522;381;336
France;Données consolidées;2024-01-27;08:00;2024-01-27T08:00:00+01:00;57438;55400;56900;93;4;2482;48663;3340;1;9183;-15;1216;-7430;23;-476;617;-3892;-2389;-1887;0;74;21;147;1114;177;1044;5874;2813;496;509;371;336
France;Données consolidées;2024-01-27;08:15;2024-01-27T08:15:00+01:00;;55900;57300;;;;;;;;;;;;;;;;;;;;;;;;;;;;;
France;Données consolidées;2024-01-27;12:15;2024-01-27T12:15:00+01:00;;58300;58900;;;;;;;;;;;;;;;;;;;;;;;;;;;;;
France;Données consolidées;2024-01-27;14:00;2024-01-27T14:00:00+01:00;56359;54600;54300;92;11;2408;47361;976;8506;7861;-1507;1241;-10482;22;-3014;1571;-3944;-3200;-2290;0;72;21;114;1091;166;1037;5761;2094;6;520;377;344
France;Données consolidées;2024-01-27;14:15;2024-01-27T14:15:00+01:00;;54600;54200;;;;;;;;;;;;;;;;;;;;;;;;;;;;;
France;Données consolidées;2024-01-27;14:45;2024-01-27T14:45:00+01:00;;53800;53750;;;;;;;;;;;;;;;;;;;;;;;;;;;;;
France;Données consolidées;2024-01-27;15:00;2024-01-27T15:00:00+01:00;55174;53000;53400;92;11;2354;47439;913;7156;8213;-852;1256;-11301;21;-2741;2200;-4572;-3196;-4861;0;73;20;112;1088;124;1031;5853;2353;7;522;385;348
France;Données consolidées;2024-01-27;15:15;2024-01-27T15:15:00+01:00;;52700;53000;;;;;;;;;;;;;;;;;;;;;;;;;;;;;
France;Données consolidées;2024-01-27;15:45;2024-01-27T15:45:00+01:00;;52100;52350;;;;;;;;;;;;;;;;;;;;;;;;;;;;;
France;Données consolidées;2024-01-27;17:15;2024-01-27T17:15:00+01:00;;53000;53700;;;;;;;;;;;;;;;;;;;;;;;;;;;;;
France;Données consolidées;2024-01-27;21:00;2024-01-27T21:00:00+01:00;58312;56700;57500;92;11;4978;48558;6845;0;12230;-53;1253;-15500;32;-1429;-2782;-4567;-3200;-2964;0;73;21;150;1112;2677;1039;6846;3718;1666;517;388;348
France;Données consolidées;2024-01-27;22:00;2024-01-27T22:00:00+01:00;56807;55700;56300;93;11;4896;47931;7001;0;10846;-70;1251;-15047;32;-150;-1620;-4567;-3200;-4779;0;73;21;148;1104;2598;1046;6441;3589;817;520;385;345
France;Données consolidées;2024-01-27;23:45;2024-01-27T23:45:00+01:00;;57950;58000;;;;;;;;;;;;;;;;;;;;;;;;;;;;;
France;Données consolidées;2024-01-28;00:45;2024-01-28T00:45:00+01:00;;55600;55650;;;;;;;;;;;;;;;;;;;;;;;;;;;;;
France;Données consolidées;2024-01-28;02:45;2024-01-28T02:45:00+01:00;;52850;53800;;;;;;;;;;;;;;;;;;;;;;;;;;;;;
France;Données consolidées;2024-01-28;03:00;2024-01-28T03:00:00+01:00;54546;52100;53200;92;10;2485;47013;7297;0;8759;-1054;1231;-11180;22;-510;1738;-4289;-3154;-5291;0;72;21;110;1078;254;1043;5781;2641;337;517;368;346
France;Données consolidées;2024-01-28;04:00;2024-01-28T04:00:00+01:00;52514;50400;51100;93;11;2375;46796;7654;0;8281;-2225;1244;-11609;22;-587;1503;-4268;-3200;-5263;0;74;21;110;1075;158;1031;5592;2538;152;511;390;342
France;Données consolidées;2024-01-28;05:15;2024-01-28T05:15:00+01:00;;49750;50400;;;;;;;;;;;;;;;;;;;;;;;;;;;;;
France;Données consolidées;2024-01-28;06:00;2024-01-28T06:00:00+01:00;52299;49800;51700;92;11;2426;46575;8110;0;7622;-2807;1236;-10861;23;449;1052;-4084;-3197;-6122;0;72;21;110;1076;204;1036;5259;2357;6;506;386;343
France;Données consolidées;2024-01-28;06:30;2024-01-28T06:30:00+01:00;53166;50300;51900;93;11;2343;46248;8318;0;7774;-2177;1226;-10563;22;449;1052;-4084;-3197;-6102;0;73;21;110;1077;120;1035;5359;2409;6;501;383;343
France;Données consolidées;2024-01-28;06:45;2024-01-28T06:45:00+01:00;;50400;52300;;;;;;;;;;;;;;;;;;;;;;;;;;;;;
France;Données consolidées;2024-01-28;08:00;2024-01-28T08:00:00+01:00;55455;51900;54000;91;11;2391;47006;9569;2;8170;-2018;1223;-10883;21;488;2019;-4126;-3200;-6840;0;72;21;110;1085;162;1034;5486;2215;468;498;383;342
France;Données consolidées;2024-01-28;08:30;2024-01-28T08:30:00+01:00;56468;52700;55400;92;11;2346;47174;9583;132;8413;-1304;1225;-11097;21;488;2019;-4126;-3200;-6836;0;72;21;110;1089;113;1034;5511;2412;490;496;386;343
France;Données consolidées;2024-01-28;09:15;2024-01-28T09:15:00+01:00;;54550;56800;;;;;;;;;;;;;;;;;;;;;;;;;;;;;
France;Données consolidées;2024-01-28;09:45;2024-01-28T09:45:00+01:00;;55700;57550;;;;;;;;;;;;;;;;;;;;;;;;;;;;;
France;Données consolidées;2024-01-28;11:00;2024-01-28T11:00:00+01:00;59877;56600;57500;94;11;2368;46289;8140;5882;7577;-2990;1231;-8624;21;-2037;1327;-4434;-3200;-650;0;74;21;109;1090;134;1035;5389;2181;7;501;387;342
France;Données consolidées;2024-01-28;13:00;2024-01-28T13:00:00+01:00;58942;54100;55800;92;12;2384;46703;5666;8208;7867;-2633;1229;-10484;20;-1621;1640;-3570;-2188;-6612;0;73;21;105;1083;167;1029;5586;2274;6;498;383;347
France;Données consolidées;2024-01-28;14:30;2024-01-28T14:30:00+01:00;53998;50200;51900;94;11;2382;46639;4954;7055;6860;-3048;1243;-12097;21;-2799;874;-3649;-3200;-3983;0;75;21;108;1074;192;1008;5362;1492;6;508;387;348
France;Données consolidées;2024-01-28;14:45;2024-01-28T14:45:00+01:00;;49800;51450;;;;;;;;;;;;;;;;;;;;;;;;;;;;;
France;Données consolidées;2024-01-28;16:15;2024-01-28T16:15:00+01:00;;48000;49600;;;;;;;;;;;;;;;;;;;;;;;;;;;;;
France;Données consolidées;2024-01-28;16:45;2024-01-28T16:45:00+01:00;;48400;49950;;;;;;;;;;;;;;;;;;;;;;;;;;;;;
France;Données consolidées;2024-01-28;18:30;2024-01-28T18:30:00+01:00;59131;56500;57800;90;8;2391;48280;7815;3;10525;-14;1220;-11088;20;-3013;1628;-4489;-2700;-2342;0;71;21;141;1078;147;1025;6143;3169;1213;505;373;343
France;Données consolidées;2024-01-28;20:15;2024-01-28T20:15:00+01:00;;57000;58200;;;;;;;;;;;;;;;;;;;;;;;;;;;;;
France;Données consolidées;2024-01-28;21:45;2024-01-28T21:45:00+01:00;;54100;55300;;;;;;;;;;;;;;;;;;;;;;;;;;;;;
France;Données consolidées;2024-01-28;22:00;2024-01-28T22:00:00+01:00;55838;53700;54900;92;7;2466;47661;9492;1;9320;-107;1229;-14218;21;-2577;-1475;-4529;-3200;-846;0;73;21;142;1142;159;1023;5754;2762;804;510;377;341
France;Données consolidées;2024-01-28;22:30;2024-01-28T22:30:00+01:00;56620;54300;55500;93;6;2430;47514;9189;0;9196;-107;1229;-12825;21;-2577;-1475;-4529;-3200;-829;0;74;21;142;1115;158;1015;5716;2571;910;504;384;339
France;Données consolidées;2024-01-28;22:45;2024-01-28T22:45:00+01:00;;55000;56200;;;;;;;;;;;;;;;;;;;;;;;;;;;;;
France;Données consolidées;2024-01-28;23:00;2024-01-28T23:00:00+01:00;58030;55700;56900;92;5;2419;47554;9004;0;10029;-107;1225;-12086;20;-2354;99;-4529;-3200;-904;0;72;21;142;1108;158;1011;5703;3181;1144;504;380;340
France;Données consolidées;2024-01-29;00:30;2024-01-29T00:30:00+01:00;56016;54000;54300;91;0;2289;47540;8514;0;8837;-788;1225;-11580;20;-2938;-233;-4315;-3200;-1109;0;72;21;109;1078;95;1007;5579;2711;546;503;382;341
France;Données consolidées;2024-01-29;00:45;2024-01-29T00:45:00+01:00;;53100;53350;;;;;;;;;;;;;;;;;;;;;;;;;;;;;
France;Données consolidées;2024-01-29;01:00;2024-01-29T01:00:00+01:00;53949;52200;52400;91;0;2296;47251;8426;1;7968;-1800;1228;-11412;21;-3014;571;-4115;-3200;-1362;0;72;21;109;1083;96;1007;5577;2384;7;506;379;342
France;Données consolidées;2024-01-29;02:00;2024-01-29T02:00:00+01:00;53970;53000;53600;92;0;2297;47377;8180;0;7924;-2439;1215;-10574;21;-3014;1232;-4174;-3100;-1272;0;72;21;109;1084;96;1008;5531;2387;6;499;378;338
France;Données consolidées;2024-01-29;02:15;2024-01-29T02:15:00+01:00;;52500;53100;;;;;;;;;;;;;;;;;;;;;;;;;;;;;
France;Données consolidées;2024-01-29;02:45;2024-01-29T02:45:00+01:00;;51350;51900;;;;;;;;;;;;;;;;;;;;;;;;;;;;;
France;Données consolidées;2024-01-29;05:00;2024-01-29T05:00:00+01:00;51176;50300;50700;91;213;2497;47350;7025;0;7654;-2209;1223;-12572;26;-3010;2048;-4338;-3198;-3179;0;72;21;109;1088;288;1012;5590;2058;6;500;384;338
France;Données consolidées;2024-01-29;05:15;2024-01-29T05:15:00+01:00;;51300;51550;;;;;;;;;;;;;;;;;;;;;;;;;;;;;
France;Données consolidées;2024-01-29;05:30;2024-01-29T05:30:00+01:00;53373;52300;52400;91;294;2688;47462;6974;1;7609;-1190;1212;-11682;28;-3010;2048;-4338;-3198;-3567;0;72;21;109;1095;472;1011;5460;2144;5;491;383;338
France;Données consolidées;2024-01-29;07:45;2024-01-29T07:45:00+01:00;;64600;64900;;;;;;;;;;;;;;;;;;;;;;;;;;;;;
France;Données consolidées;2024-01-29;08:30;2024-01-29T08:30:00+01:00;67150;66000;66400;84;434;5589;47859;6704;140;15183;-14;1195;-9923;38;-758;795;-4485;-2079;-3071;0;65;21;149;1108;3293;1039;6485;5694;3005;480;381;335
France;Données consolidées;2024-01-29;10:00;2024-01-29T10:00:00+01:00;66832;65900;65300;85;433;5546;47936;6417;3395;12328;-60;1178;-10324;38;-2771;0;-4485;-2623;223;0;65;21;146;1102;3268;1030;6442;4818;1067;479;367;332
France;Données consolidées;2024-01-29;10:30;2024-01-29T10:30:00+01:00;66016;65400;64700;85;433;5498;47923;6159;4754;10525;-70;1162;-10346;38;-2771;0;-4485;-2637;438;0;66;21;146;1098;3226;1028;6269;3798;458;474;359;328
France;Données consolidées;2024-01-29;10:45;2024-01-29T10:45:00+01:00;;65200;64350;;;;;;;;;;;;;;;;;;;;;;;;;;;;;
France;Données consolidées;2024-01-29;11:30;2024-01-29T11:30:00+01:00;64687;64900;63100;86;434;4082;47872;5332;6742;9910;-433;1184;-10432;32;-2821;-619;-4428;-3200;738;0;67;21;146;1105;1803;1028;6059;3523;327;483;368;333
France;Données consolidées;2024-01-29;12:30;2024-01-29T12:30:00+01:00;63238;63500;61100;85;435;3974;47719;4857;7852;9857;-807;1170;-11819;32;-3014;-180;-4478;-3200;-1454;0;65;21;145;1096;1701;1032;6181;3387;290;468;365;336
France;Données consolidées;2024-01-29;14:00;2024-01-29T14:00:00+01:00;59845;60300;58200;85;439;3578;47564;4374;7324;9527;-845;1199;-13310;31;-3013;1259;-4485;-3198;-3623;0;66;21;143;1098;1312;1025;6346;3077;103;482;381;335
France;Données consolidées;2024-01-29;15:45;2024-01-29T15:45:00+01:00;;59400;56550;;;;;;;;;;;;;;;;;;;;;;;;;;;;;
France;Données consolidées;2024-01-29;16:00;2024-01-29T16:00:00+01:00;57617;59100;56200;84;439;4961;47603;4298;3329;9736;-635;1190;-13294;39;-3014;687;-4352;-3098;-4555;0;65;21;142;1091;2688;1040;6315;3014;407;483;374;333
France;Données consolidées;2024-01-29;16:15;2024-01-29T16:15:00+01:00;;58950;55900;;;;;;;;;;;;;;;;;;;;;;;;;;;;;
France;Données consolidées;2024-01-29;18:30;2024-01-29T18:30:00+01:00;63755;65000;62200;89;502;5928;46860;6966;1;15554;-15;1218;-13258;41;-2617;-1123;-4189;-2990;-2177;0;70;21;144;1109;3614;1061;6747;5664;3143;481;396;340
France;Données consolidées;2024-01-29;19:30;2024-01-29T19:30:00+01:00;65391;65700;63200;89;467;6400;46963;8350;1;15665;-14;1219;-13658;42;-1853;-2911;-4212;-3200;-1182;0;70;21;146;1107;4087;1060;7055;5620;2990;483;393;342
France;Données consolidées;2024-01-29;22:30;2024-01-29T22:30:00+01:00;57507;57200;55700;90;315;5187;47458;9113;1;10834;-71;1233;-16562;37;-1911;-3098;-4269;-3175;-3414;0;70;21;144;1102;2906;1035;6436;3795;603;497;394;341
France;Données consolidées;2024-01-29;23:00;2024-01-29T23:00:00+01:00;58814;58700;57400;89;316;5802;47462;8744;1;11068;-71;1211;-15714;39;-1534;-2979;-4324;-2882;-3577;0;69;21;144;1096;3528;1034;6384;3982;703;484;387;340
France;Données consolidées;2024-01-29;23:45;2024-01-29T23:45:00+01:00;;56850;56150;;;;;;;;;;;;;;;;;;;;;;;;;;;;;
France;Données consolidées;2024-01-30;00:15;2024-01-30T00:15:00+01:00;;54950;54900;;;;;;;;;;;;;;;;;;;;;;;;;;;;;
France;Données consolidées;2024-01-30;00:45;2024-01-30T00:45:00+01:00;;53350;53200;;;;;;;;;;;;;;;;;;;;;;;;;;;;;
France;Données consolidées;2024-01-30;03:15;2024-01-30T03:15:00+01:00;;50400;50250;;;;;;;;;;;;;;;;;;;;;;;;;;;;;
France;Données consolidées;2024-01-30;05:15;2024-01-30T05:15:00+01:00;;50450;50950;;;;;;;;;;;;;;;;;;;;;;;;;;;;;
France;Données consolidées;2024-01-30;05:30;2024-01-30T05:30:00+01:00;52672;51500;51400;90;316;4019;47930;6787;1;7953;-1346;1211;-14198;34;-1309;-963;-4341;-3200;-4411;0;70;21;140;1090;1756;1033;5740;2123;90;484;392;334
France;Données consolidées;2024-01-30;08:15;2024-01-30T08:15:00+01:00;;64100;63600;;;;;;;;;;;;;;;;;;;;;;;;;;;;;
France;Données consolidées;2024-01-30;08:30;2024-01-30T08:30:00+01:00;65393;64300;63600;177;439;6915;47977;6695;137;13402;-23;1186;-11407;45;391;-1656;-4355;-2943;-2463;80;70;27;147;1099;4621;1049;6490;4902;2009;464;391;330
France;Données consolidées;2024-01-30;09:30;2024-01-30T09:30:00+01:00;65281;64300;63800;169;438;6509;47921;6086;1664;12892;-15;1166;-11436;44;-1546;-2535;-3927;-1672;-1364;79;69;20;146;1089;4238;1035;6435;4944;1513;466;368;331
France;Données consolidées;2024-01-30;11:00;2024-01-30T11:00:00+01:00;63786;62900;62100;168;439;4762;48014;4880;5455;8733;-54;1175;-9688;37;-2501;1503;-3884;-3148;-1326;78;70;20;142;1076;2511;1033;5920;2761;53;461;392;322
France;Données consolidées;2024-01-30;11:30;2024-01-30T11:30:00+01:00;63768;62600;61900;167;440;4479;48004;4595;6403;8310;-203;1184;-9500;36;-2501;1503;-3884;-3148;-1120;78;69;20;141;1064;2247;1027;5692;2523;95;466;394;325
France;Données consolidées;2024-01-30;13:15;2024-01-30T13:15:00+01:00;;59850;59400;;;;;;;;;;;;;;;;;;;;;;;;;;;;;
France;Données consolidées;2024-01-30;14:15;2024-01-30T14:15:00+01:00;;59150;58800;;;;;;;;;;;;;;;;;;;;;;;;;;;;;
France;Données consolidées;2024-01-30;18:00;2024-01-30T18:00:00+01:00;60544;60400;60000;87;439;6262;47874;1755;43;15094;-14;1226;-12120;44;-2353;-512;-4145;-71;-2946;0;69;20;147;1112;3939;1065;6795;5529;2770;488;405;332
France;Données consolidées;2024-01-30;20:15;2024-01-30T20:15:00+01:00;;61000;61650;;;;;;;;;;;;;;;;;;;;;;;;;;;;;
France;Données consolidées;2024-01-30;22:00;2024-01-30T22:00:00+01:00;57830;55600;56500;84;315;6604;48236;778;0;12119;-15;1232;-11418;46;-1285;-1722;-4463;-2543;-158;0;66;20;143;1094;4332;1035;6616;3990;1513;486;405;340
France;Données consolidées;2024-01-30;22:45;2024-01-30T22:45:00+01:00;;57600;58500;;;;;;;;;;;;;;;;;;;;;;;;;;;;;
France;Données consolidées;2024-01-30;23:30;2024-01-30T23:30:00+01:00;58498;57700;58600;84;314;6322;48288;859;0;10494;-70;1230;-8915;46;-459;-1670;-4315;-3107;1152;0;66;20;143;1094;4060;1024;6093;3682;719;489;403;337
France;Données consolidées;2024-01-31;01:30;2024-01-31T01:30:00+01:00;54739;54500;54600;84;314;4214;48176;686;0;9061;-224;1229;-8698;37;-1295;575;-4021;-2926;-662;0;66;20;140;1101;1937;1036;5951;2858;253;496;402;330
France;Données consolidées;2024-01-31;01:45;2024-01-31T01:45:00+01:00;;54500;54750;;;;;;;;;;;;;;;;;;;;;;;;;;;;;
France;Données consolidées;2024-01-31;02:00;2024-01-31T02:00:00+01:00;54602;54500;54900;85;314;4246;48019;655;0;8889;-224;1230;-8511;38;-885;29;-4021;-3181;-480;0;67;20;140;1101;1970;1036;6059;2730;101;498;402;330
France;Données consolidées;2024-01-31;03:15;2024-01-31T03:15:00+01:00;;52300;52500;;;;;;;;;;;;;;;;;;;;;;;;;;;;;
France;Données consolidées;2024-01-31;03:30;2024-01-31T03:30:00+01:00;52564;51800;52100;85;314;4393;48288;570;0;8536;-276;1223;-10462;38;-273;182;-4100;-3200;-3320;0;68;20;143;1071;2141;1038;6047;2393;97;492;396;335
France;Données consolidées;2024-01-31;05:00;2024-01-31T05:00:00+01:00;52167;52000;52100;86;315;4771;48255;555;0;8317;-15;1224;-11225;40;1661;1069;-4100;-3200;-5102;0;68;20;143;1075;2513;1040;6005;2212;100;496;394;334
France;Données consolidées;2024-01-31;05:45;2024-01-31T05:45:00+01:00;;54900;54850;;;;;;;;;;;;;;;;;;;;;;;;;;;;;
France;Données consolidées;2024-01-31;08:15;2024-01-31T08:15:00+01:00;;66300;66350;;;;;;;;;;;;;;;;;;;;;;;;;;;;;
France;Données consolidées;2024-01-31;09:00;2024-01-31T09:00:00+01:00;68048;66600;67000;88;490;7878;48298;1102;700;16222;-14;1195;-7799;50;1300;2018;-3927;-3200;-3988;0;70;20;149;1143;5513;1073;6791;5816;3614;477;388;329
France;Données consolidées;2024-01-31;10:15;2024-01-31T10:15:00+01:00;;66100;66000;;;;;;;;;;;;;;;;;;;;;;;;;;;;;
France;Données consolidées;2024-01-31;13:45;2024-01-31T13:45:00+01:00;;61150;60500;;;;;;;;;;;;;;;;;;;;;;;;;;;;;
France;Données consolidées;2024-01-31;14:30;2024-01-31T14:30:00+01:00;60857;60800;60200;85;438;3672;47683;2495;7448;7949;-15;1215;-9997;32;378;2200;-4318;-3160;-4874;0;67;20;147;1086;1401;1037;5845;2008;97;487;393;334
France;Données consolidées;2024-01-31;15:00;2024-01-31T15:00:00+01:00;60096;60400;59900;86;439;3416;47723;2705;6757;7728;-16;1218;-9865;31;548;2200;-4480;-3200;-4568;0;68;20;147;1087;1132;1051;5790;1839;99;485;395;338
France;Données consolidées;2024-01-31;16:45;2024-01-31T16:45:00+01:00;;56900;56600;;;;;;;;;;;;;;;;;;;;;;;;;;;;;
France;Données consolidées;2024-01-31;18:30;2024-01-31T18:30:00+01:00;64498;63900;63600;95;311;5150;47727;3548;1;14185;-15;1218;-7637;37;150;-1448;-4287;-1488;309;6;69;20;144;1111;2821;1074;6604;4667;2914;476;397;345
France;Données consolidées;2024-01-31;19:15;2024-01-31T19:15:00+01:00;;65300;65000;;;;;;;;;;;;;;;;;;;;;;;;;;;;;
France;Données consolidées;2024-01-31;22:30;2024-01-31T22:30:00+01:00;58997;58600;58300;94;315;2596;47568;7568;0;8073;-938;1263;-7437;27;-1744;-2512;-4059;-3200;4880;6;68;20;115;1078;362;1042;5569;2355;149;500;415;347
France;Données consolidées;2024-01-31;23:00;2024-01-31T23:00:00+01:00;60366;59700;59400;93;315;2708;47579;7859;0;8204;-1178;1258;-6369;28;-807;-2742;-3891;-3200;4944;6;67;20;115;1083;466;1044;5546;2509;149;502;413;343
France;Données consolidées;2024-01-31;23:45;2024-01-31T23:45:00+01:00;;57700;58000;;;;;;;;;;;;;;;;;;;;;;;;;;;;;
France;Données consolidées;2024-01-01;00:45;2024-01-01T00:45:00+01:00;;53200;51950;;;;;;;;;;;;;;;;;;;;;;;;;;;;;
France;Données consolidées;2024-01-01;01:00;2024-01-01T01:00:00+01:00;52689;52800;51300;95;17;2000;36988;15355;0;6094;-2247;1216;-6723;21;-1431;-2636;-2102;-2280;1573;14;63;18;91;761;203;944;4910;1179;6;513;359;344
France;Données consolidées;2024-01-01;01:15;2024-01-01T01:15:00+01:00;;52900;51500;;;;;;;;;;;;;;;;;;;;;;;;;;;;;
France;Données consolidées;2024-01-01;03:15;2024-01-01T03:15:00+01:00;;49250;48650;;;;;;;;;;;;;;;;;;;;;;;;;;;;;
France;Données consolidées;2024-01-01;03:45;2024-01-01T03:45:00+01:00;;48050;47550;;;;;;;;;;;;;;;;;;;;;;;;;;;;;
France;Données consolidées;2024-01-01;04:00;2024-01-01T04:00:00+01:00;48617;47500;47100;96;16;1954;36818;9018;0;5783;-2448;1219;-3733;24;-1394;-2590;-2380;-1874;3638;14;64;18;94;767;147;945;4959;818;6;516;357;345
France;Données consolidées;2024-01-01;05:00;2024-01-01T05:00:00+01:00;47255;46100;46000;95;17;1964;36223;8780;0;5808;-2772;1217;-3966;25;-1224;-2590;-2380;-1994;4314;14;63;18;94;763;161;946;4975;827;6;510;363;344
France;Données consolidées;2024-01-01;05:15;2024-01-01T05:15:00+01:00;;46150;46150;;;;;;;;;;;;;;;;;;;;;;;;;;;;;
France;Données consolidées;2024-01-01;05:30;2024-01-01T05:30:00+01:00;47627;46200;46300;95;17;2004;36222;8768;0;5802;-2862;1211;-3522;25;-1224;-2590;-2380;-1994;4423;14;63;18;94;767;197;947;4927;870;6;505;361;345
France;Données consolidées;2024-01-01;07:15;2024-01-01T07:15:00+01:00;;45100;46800;;;;;;;;;;;;;;;;;;;;;;;;;;;;;
France;Données consolidées;2024-01-01;08:00;2024-01-01T08:00:00+01:00;48261;45200;46800;94;17;1960;36431;8245;0;6418;-2530;1188;-3464;24;-2027;-2600;-2092;-1455;3424;14;62;18;100;778;129;953;4871;1541;6;497;353;338
France;Données consolidées;2024-01-01;09:15;2024-01-01T09:15:00+01:00;;45650;47450;;;;;;;;;;;;;;;;;;;;;;;;;;;;;
France;Données consolidées;2024-01-01;09:30;2024-01-01T09:30:00+01:00;49104;46000;47900;94;18;1962;35745;11810;694;5846;-2715;1184;-5423;23;-2622;-2913;-908;-1388;1100;14;62;18;100;778;128;956;4967;873;6;489;353;341
France;Données consolidées;2024-01-01;10:30;2024-01-01T10:30:00+01:00;50844;48700;49100;93;18;1948;36909;11288;2340;5966;-2760;1195;-6060;22;-2522;-2913;-871;-1310;1364;14;61;18;100;773;116;960;4916;1044;6;499;352;343
France;Données consolidées;2024-01-01;12:30;2024-01-01T12:30:00+01:00;52804;50800;50800;92;18;2026;37123;10525;5323;5933;-2198;1200;-7128;21;-3014;-1862;-1110;-1686;551;14;59;18;100;776;185;966;4877;983;74;505;348;346
France;Données consolidées;2024-01-01;16:15;2024-01-01T16:15:00+01:00;;47200;47000;;;;;;;;;;;;;;;;;;;;;;;;;;;;;
France;Données consolidées;2024-01-01;17:00;2024-01-01T17:00:00+01:00;49582;48300;48100;87;18;2000;42231;9499;300;10140;-345;1188;-15426;19;-3014;-2786;-2438;-3200;-4173;14;58;15;100;772;169;959;5597;3111;1433;492;349;347
France;Données consolidées;2024-01-01;17:30;2024-01-01T17:30:00+01:00;52003;50300;50100;89;18;1998;44016;10327;15;10392;-23;1198;-15915;19;-3014;-2786;-2438;-3200;-4241;15;60;15;100;773;162;963;5695;3005;1692;500;350;348
France;Données consolidées;2024-01-01;19:00;2024-01-01T19:00:00+01:00;56757;54000;53800;89;17;1984;44561;13507;1;11438;-23;1196;-15914;17;-3014;-2800;-2186;-3200;-4671;15;59;15;96;769;151;968;5967;3245;2226;498;350;348
France;Données consolidées;2024-01-02;01:15;2024-01-02T01:15:00+01:00;;47650;49450;;;;;;;;;;;;;;;;;;;;;;;;;;;;;
France;Données consolidées;2024-01-02;01:30;2024-01-02T01:30:00+01:00;50370;48100;49400;91;18;2053;41463;17458;0;6923;-2997;1173;-15705;19;-1198;-2450;-2216;-3200;-6591;14;62;15;93;883;126;951;5064;1854;6;486;351;336
France;Données consolidées;2024-01-02;03:45;2024-01-02T03:45:00+01:00;;44800;45700;;;;;;;;;;;;;;;;;;;;;;;;;;;;;
France;Données consolidées;2024-01-02;06:30;2024-01-02T06:30:00+01:00;51513;47900;50200;88;18;2129;42518;16993;0;6726;-1798;1175;-16231;19;-1596;-3000;-2669;-3200;-5840;15;64;10;98;891;187;954;4992;1729;6;484;353;337
France;Données consolidées;2024-01-02;06:45;2024-01-02T06:45:00+01:00;;48800;51000;;;;;;;;;;;;;;;;;;;;;;;;;;;;;
France;Données consolidées;2024-01-02;07:00;2024-01-02T07:00:00+01:00;52913;49700;51800;88;18;2129;43946;16900;0;7113;-2041;1171;-16310;19;-2612;-3000;-2687;-3200;-5360;14;63;10;97;897;185;951;5114;1993;6;482;355;335
France;Données consolidées;2024-01-02;09:15;2024-01-02T09:15:00+01:00;;54550;57250;;;;;;;;;;;;;;;;;;;;;;;;;;;;;
France;Données consolidées;2024-01-02;10:00;2024-01-02T10:00:00+01:00;60074;55800;58600;97;16;2275;45240;17388;625;10489;-23;1155;-17085;18;-3014;-872;-2966;-3200;-8346;14;61;21;92;970;200;1014;6068;2851;1570;472;349;334
France;Données consolidées;2024-01-02;10:15;2024-01-02T10:15:00+01:00;;56400;58900;;;;;;;;;;;;;;;;;;;;;;;;;;;;;
France;Données consolidées;2024-01-02;10:30;2024-01-02T10:30:00+01:00;60700;57000;59200;98;16;2209;45526;17531;1002;10549;-42;1166;-17248;17;-3014;-872;-2966;-3200;-8346;14;62;21;92;978;120;1019;6027;2875;1647;473;355;338
France;Données consolidées;2024-01-02;10:45;2024-01-02T10:45:00+01:00;;57150;59450;;;;;;;;;;;;;;;;;;;;;;;;;;;;;
France;Données consolidées;2024-01-02;11:30;2024-01-02T11:30:00+01:00;61900;58200;60400;98;17;2187;45758;17667;1693;10830;-72;1179;-17355;17;-3014;-161;-3022;-3200;-8518;14;62;21;92;964;100;1031;6025;2725;2080;486;363;330
France;Données consolidées;2024-01-02;11:45;2024-01-02T11:45:00+01:00;;58800;60900;;;;;;;;;;;;;;;;;;;;;;;;;;;;;
France;Données consolidées;2024-01-02;15:45;2024-01-02T15:45:00+01:00;;54500;58350;;;;;;;;;;;;;;;;;;;;;;;;;;;;;
France;Données consolidées;2024-01-02;16:30;2024-01-02T16:30:00+01:00;59002;54000;57500;98;16;2286;46349;17747;296;8671;-343;1214;-17226;18;-3014;-1396;-3301;-3200;-6194;14;63;21;99;1009;146;1032;6005;2462;204;492;371;351
France;Données consolidées;2024-01-02;16:45;2024-01-02T16:45:00+01:00;;54300;57650;;;;;;;;;;;;;;;;;;;;;;;;;;;;;
France;Données consolidées;2024-01-02;17:00;2024-01-02T17:00:00+01:00;58870;54600;57800;97;17;2247;46398;17549;92;8646;-352;1200;-16915;18;-3014;0;-3357;-3054;-6395;14;61;21;99;1007;108;1033;6009;2487;150;489;363;348
France;Données consolidées;2024-01-02;18:00;2024-01-02T18:00:00+01:00;61377;57600;60300;96;11;2254;46342;17429;1;9639;-24;1196;-15471;18;-3014;-128;-3413;-3200;-6467;14;61;21;90;1010;108;1047;6184;3006;449;485;365;345
France;Données consolidées;2024-01-02;18:15;2024-01-02T18:15:00+01:00;;58050;60650;;;;;;;;;;;;;;;;;;;;;;;;;;;;;
France;Données consolidées;2024-01-02;21:00;2024-01-02T21:00:00+01:00;58256;54100;55400;96;11;2257;46249;17460;1;9311;-24;1196;-18198;18;-3014;-2600;-1656;-3200;-5129;14;60;21;89;1004;115;1049;6288;2704;319;484;366;346
France;Données consolidées;2024-01-02;22:00;2024-01-02T22:00:00+01:00;55368;51900;52700;96;11;2286;44929;17524;1;7670;-1989;1207;-16247;19;-3014;-2600;-1487;-3200;-4298;14;61;21;89;1004;150;1043;5742;1922;6;496;365;346
France;Données consolidées;2024-01-02;22:45;2024-01-02T22:45:00+01:00;;52850;54250;;;;;;;;;;;;;;;;;;;;;;;;;;;;;
France;Données consolidées;2024-01-02;23:00;2024-01-02T23:00:00+01:00;56892;53400;55200;97;11;2264;44594;17255;1;7615;-2065;1207;-13982;19;-3014;-2600;-2839;-3200;-1053;14;62;21;94;1003;123;1045;5620;1989;6;499;363;344
France;Données consolidées;2024-01-03;01:45;2024-01-03T01:45:00+01:00;;50300;50550;;;;;;;;;;;;;;;;;;;;;;;;;;;;;
France;Données consolidées;2024-01-03;04:45;2024-01-03T04:45:00+01:00;;46050;46450;;;;;;;;;;;;;;;;;;;;;;;;;;;;;
France;Données consolidées;2024-01-03;05:00;2024-01-03T05:00:00+01:00;47510;46400;46800;97;11;2250;41506;10278;1;6351;-2169;1205;-11895;23;-2716;-2689;-3042;-3187;-4732;12;63;21;93;1002;128;1027;5319;1027;5;509;362;334
France;Données consolidées;2024-01-03;06:15;2024-01-03T06:15:00+01:00;;50600;50900;;;;;;;;;;;;;;;;;;;;;;;;;;;;;
France;Données consolidées;2024-01-03;07:00;2024-01-03T07:00:00+01:00;54673;53400;54000;96;11;2304;44499;16792;0;7075;-1645;1174;-15539;20;-2807;-2500;-3525;-3200;-3361;13;62;21;97;1001;172;1033;5396;1674;5;492;349;332
France;Données consolidées;2024-01-03;09:30;2024-01-03T09:30:00+01:00;60991;59500;59400;99;13;2324;46816;16935;581;8923;-470;1160;-15279;18;-3014;-2500;-1782;-3200;-5479;14;63;21;98;1038;164;1024;5959;2783;181;491;339;330
France;Données consolidées;2024-01-03;10:30;2024-01-03T10:30:00+01:00;61751;60500;59900;98;13;2363;46778;16851;1862;8595;-313;1170;-15560;18;-3014;-3028;-3235;-2879;-3764;14;63;21;101;1037;186;1038;5790;2619;186;500;342;329
France;Données consolidées;2024-01-03;10:45;2024-01-03T10:45:00+01:00;;60600;60100;;;;;;;;;;;;;;;;;;;;;;;;;;;;;
France;Données consolidées;2024-01-03;14:30;2024-01-03T14:30:00+01:00;60653;58200;59300;99;11;2244;46785;17394;2975;8661;-225;1207;-18394;17;-3014;-2346;-3811;-3151;-7171;14;64;21;90;1049;95;1010;5822;2765;74;489;376;342
France;Données consolidées;2024-01-03;18:00;2024-01-03T18:00:00+01:00;62301;61000;61400;104;16;2323;47130;17986;1;11592;-23;1202;-17924;18;-3014;-3300;-3999;-3200;-4469;14;69;21;88;1041;148;1045;6772;3700;1120;489;364;350
France;Données consolidées;2024-01-03;19:00;2024-01-03T19:00:00+01:00;64876;62800;63500;105;16;2335;47143;17987;0;13608;-23;1201;-17397;17;-3014;-3300;-3840;-3200;-4304;14;70;21;91;1034;169;1041;6866;4165;2576;494;358;349
France;Données consolidées;2024-01-03;19:15;2024-01-03T19:15:00+01:00;;62400;63150;;;;;;;;;;;;;;;;;;;;;;;;;;;;;
France;Données consolidées;2024-01-03;20:15;2024-01-03T20:15:00+01:00;;59500;60550;;;;;;;;;;;;;;;;;;;;;;;;;;;;;
France;Données consolidées;2024-01-03;22:15;2024-01-03T22:15:00+01:00;;54550;55850;;;;;;;;;;;;;;;;;;;;;;;;;;;;;
France;Données consolidées;2024-01-03;22:45;2024-01-03T22:45:00+01:00;;55950;56850;;;;;;;;;;;;;;;;;;;;;;;;;;;;;
France;Données consolidées;2024-01-03;23:30;2024-01-03T23:30:00+01:00;56804;56300;57200;106;17;2314;46026;16291;0;8243;-398;1208;-16898;19;-2569;-2900;-3222;-3200;-4551;14;71;21;89;1034;162;1029;5953;2284;6;494;370;343
France;Données consolidées;2024-01-04;04:45;2024-01-04T04:45:00+01:00;;48150;47450;;;;;;;;;;;;;;;;;;;;;;;;;;;;;
France;Données consolidées;2024-01-04;07:45;2024-01-04T07:45:00+01:00;;59300;58150;;;;;;;;;;;;;;;;;;;;;;;;;;;;;
France;Données consolidées;2024-01-04;09:00;2024-01-04T09:00:00+01:00;61908;62000;60700;104;17;4055;46514;10071;380;11929;-23;1133;-12159;27;-1890;-2223;-1898;-3062;-4562;14;69;21;92;1114;1803;1045;6235;3982;1713;468;331;334
France;Données consolidées;2024-01-04;10:15;2024-01-04T10:15:00+01:00;;63000;61150;;;;;;;;;;;;;;;;;;;;;;;;;;;;;
France;Données consolidées;2024-01-04;11:00;2024-01-04T11:00:00+01:00;62354;63200;61000;104;17;4660;46639;8637;4094;11069;-94;1088;-13734;29;-2089;-3561;-1871;-2795;-3686;14;69;21;90;1098;2450;1022;6347;3792;930;433;323;332
France;Données consolidées;2024-01-04;11:45;2024-01-04T11:45:00+01:00;;63650;61500;;;;;;;;;;;;;;;;;;;;;;;;;;;;;
France;Données consolidées;2024-01-04;12:30;2024-01-04T12:30:00+01:00;62031;62800;60700;105;17;5007;46673;8334;5599;11591;-68;1161;-16291;30;-2858;-3561;-1968;-3182;-4981;14;69;21;93;1125;2764;1025;6316;3830;1446;466;355;339
France;Données consolidées;2024-01-04;15:45;2024-01-04T15:45:00+01:00;;59550;56650;;;;;;;;;;;;;;;;;;;;;;;;;;;;;
France;Données consolidées;2024-01-04;16:00;2024-01-04T16:00:00+01:00;58214;59100;56300;105;15;4993;46675;9697;1739;11640;-22;1195;-17726;31;-3014;-2338;-3981;-3200;-5490;15;69;21;93;1094;2767;1038;6461;3708;1471;489;356;349
France;Données consolidées;2024-01-04;18:45;2024-01-04T18:45:00+01:00;;63950;62450;;;;;;;;;;;;;;;;;;;;;;;;;;;;;
France;Données consolidées;2024-01-04;19:30;2024-01-04T19:30:00+01:00;64756;63400;62100;107;16;5092;46088;13704;0;15863;-23;1202;-17182;29;-3014;-3150;-4220;-3200;-3488;15;72;21;93;1109;2830;1060;7118;5403;3342;490;359;353
France;Données consolidées;2024-01-04;20:45;2024-01-04T20:45:00+01:00;;59150;58100;;;;;;;;;;;;;;;;;;;;;;;;;;;;;
France;Données consolidées;2024-01-04;21:45;2024-01-04T21:45:00+01:00;;56450;55500;;;;;;;;;;;;;;;;;;;;;;;;;;;;;
France;Données consolidées;2024-01-04;23:00;2024-01-04T23:00:00+01:00;58592;58500;57800;107;16;4933;46899;12629;0;11313;-42;1246;-18406;30;-2450;-3252;-3589;-3200;-6117;15;71;21;90;1059;2732;1052;6148;4052;1113;520;372;353
France;Données consolidées;2024-01-04;23:30;2024-01-04T23:30:00+01:00;57343;57600;56900;107;16;4890;46877;12486;0;10700;-45;1252;-18839;31;-2450;-3252;-3589;-3200;-5835;15;71;21;91;1060;2687;1053;6106;3692;902;524;375;352
France;Données consolidées;2024-01-05;00:00;2024-01-05T00:00:00+01:00;57007;55300;55700;108;16;4751;46943;12488;0;10070;-50;1256;-18476;30;-2745;-2554;-3858;-3200;-5482;15;72;21;90;1062;2549;1050;6127;3282;661;523;380;353
France;Données consolidées;2024-01-05;03:15;2024-01-05T03:15:00+01:00;;49200;49350;;;;;;;;;;;;;;;;;;;;;;;;;;;;;
France;Données consolidées;2024-01-05;05:00;2024-01-05T05:00:00+01:00;49559;47900;48500;104;16;3214;45655;10609;0;7698;-2912;1196;-15914;26;-2461;1076;-3859;-3200;-5942;13;70;21;95;1064;994;1061;5510;2183;5;503;350;343
France;Données consolidées;2024-01-05;06:00;2024-01-05T06:00:00+01:00;52375;51000;51700;104;16;3247;46482;9863;0;8249;-2927;1189;-13734;26;-2181;2017;-3859;-3200;-5770;13;70;21;99;1064;1022;1062;5802;2441;5;497;352;340
France;Données consolidées;2024-01-05;06:30;2024-01-05T06:30:00+01:00;55178;53200;54000;106;16;3350;47328;9501;0;8671;-1829;1201;-13068;26;-2181;2017;-3859;-3200;-5814;13;72;21;100;1068;1122;1060;5842;2824;5;488;369;344
France;Données consolidées;2024-01-05;09:15;2024-01-05T09:15:00+01:00;;60650;62000;;;;;;;;;;;;;;;;;;;;;;;;;;;;;
France;Données consolidées;2024-01-05;09:30;2024-01-05T09:30:00+01:00;63910;61000;62500;98;16;5660;47527;7809;299;10259;-24;1186;-8814;36;-2049;2393;-3905;-3108;-2351;7;70;21;102;1143;3316;1099;6271;3848;140;483;364;338
France;Données consolidées;2024-01-05;10:00;2024-01-05T10:00:00+01:00;64360;61500;62900;99;15;5519;47590;7631;738;10316;-24;1170;-8598;35;-2395;2775;-3673;-3200;-1877;8;70;21;98;1149;3171;1100;6254;3961;101;481;354;334
France;Données consolidées;2024-01-05;11:30;2024-01-05T11:30:00+01:00;64723;62000;63200;98;16;5543;47565;6602;2342;9789;-81;1190;-8244;35;-2651;2900;-3590;-2968;-1837;8;69;21;101;1183;3169;1091;6286;3498;6;480;368;341
France;Données consolidées;2024-01-05;14:30;2024-01-05T14:30:00+01:00;61872;59300;60400;99;17;5406;47571;6184;2757;9925;-75;1197;-11113;34;-2762;2900;-4433;-3048;-3278;8;70;21;103;1161;3065;1078;6319;3455;151;487;362;348
France;Données consolidées;2024-01-05;14:45;2024-01-05T14:45:00+01:00;;58650;60000;;;;;;;;;;;;;;;;;;;;;;;;;;;;;
France;Données consolidées;2024-01-05;15:15;2024-01-05T15:15:00+01:00;;57650;59450;;;;;;;;;;;;;;;;;;;;;;;;;;;;;
France;Données consolidées;2024-01-05;15:45;2024-01-05T15:45:00+01:00;;57000;59100;;;;;;;;;;;;;;;;;;;;;;;;;;;;;
France;Données consolidées;2024-01-05;18:30;2024-01-05T18:30:00+01:00;64663;61300;63400;99;16;5867;47573;4807;0;15162;-23;1214;-9953;36;-2651;2913;-4126;-1198;-3954;8;70;21;103;1156;3483;1125;7193;5224;2745;490;371;352
France;Données consolidées;2024-01-05;18:45;2024-01-05T18:45:00+01:00;;61650;63700;;;;;;;;;;;;;;;;;;;;;;;;;;;;;
France;Données consolidées;2024-01-05;19:15;2024-01-05T19:15:00+01:00;;61750;63850;;;;;;;;;;;;;;;;;;;;;;;;;;;;;
France;Données consolidées;2024-01-05;19:45;2024-01-05T19:45:00+01:00;;60650;63000;;;;;;;;;;;;;;;;;;;;;;;;;;;;;
France;Données consolidées;2024-01-05;22:15;2024-01-05T22:15:00+01:00;;54500;57700;;;;;;;;;;;;;;;;;;;;;;;;;;;;;
France;Données consolidées;2024-01-06;00:45;2024-01-06T00:45:00+01:00;;55350;55450;;;;;;;;;;;;;;;;;;;;;;;;;;;;;
France;Données consolidées;2024-01-06;02:15;2024-01-06T02:15:00+01:00;;53550;54200;;;;;;;;;;;;;;;;;;;;;;;;;;;;;
France;Données consolidées;2024-01-06;02:45;2024-01-06T02:45:00+01:00;;52050;52850;;;;;;;;;;;;;;;;;;;;;;;;;;;;;
France;Données consolidées;2024-01-06;03:30;2024-01-06T03:30:00+01:00;52176;50200;50900;98;13;2743;45921;4963;0;8678;-889;1222;-10464;25;-3014;3500;-1785;-3000;-6382;6;71;21;96;1066;512;1070;5905;2667;105;505;375;342
France;Données consolidées;2024-01-06;03:45;2024-01-06T03:45:00+01:00;;49700;50500;;;;;;;;;;;;;;;;;;;;;;;;;;;;;
France;Données consolidées;2024-01-06;06:45;2024-01-06T06:45:00+01:00;;51350;52000;;;;;;;;;;;;;;;;;;;;;;;;;;;;;
France;Données consolidées;2024-01-06;07:15;2024-01-06T07:15:00+01:00;;52450;52950;;;;;;;;;;;;;;;;;;;;;;;;;;;;;
France;Données consolidées;2024-01-06;08:45;2024-01-06T08:45:00+01:00;;55600;56000;;;;;;;;;;;;;;;;;;;;;;;;;;;;;
France;Données consolidées;2024-01-06;13:30;2024-01-06T13:30:00+01:00;60460;57800;58600;105;14;4077;48123;6420;4175;10053;-249;1212;-13370;28;-3014;3098;-3770;-3200;-7213;12;72;21;100;1134;1742;1101;6422;3387;244;492;373;347
France;Données consolidées;2024-01-06;17:15;2024-01-06T17:15:00+01:00;;56650;57600;;;;;;;;;;;;;;;;;;;;;;;;;;;;;
France;Données consolidées;2024-01-06;18:00;2024-01-06T18:00:00+01:00;61811;59100;60600;108;13;4780;47791;7334;0;12379;-23;1229;-11690;31;-3014;3196;-2517;-3200;-6179;15;71;21;103;1142;2423;1112;6584;4009;1786;508;373;347
France;Données consolidées;2024-01-06;21:30;2024-01-06T21:30:00+01:00;59357;57400;57800;108;13;3579;48155;7738;0;10409;-36;1220;-11727;26;-3014;1197;-2409;-3098;-4624;15;71;21;100;1145;1235;1100;6502;3544;364;495;377;348
France;Données consolidées;2024-01-06;22:15;2024-01-06T22:15:00+01:00;;57450;57700;;;;;;;;;;;;;;;;;;;;;;;;;;;;;
France;Données consolidées;2024-01-06;22:45;2024-01-06T22:45:00+01:00;;58550;58700;;;;;;;;;;;;;;;;;;;;;;;;;;;;;
France;Données consolidées;2024-01-07;01:30;2024-01-07T01:30:00+01:00;56576;54800;55500;107;16;2681;47710;7105;0;8027;-771;1231;-9419;24;-2965;2509;-1235;-2867;-4944;15;70;21;96;1069;412;1104;5732;2191;104;510;377;344
France;Données consolidées;2024-01-07;01:45;2024-01-07T01:45:00+01:00;;54900;55600;;;;;;;;;;;;;;;;;;;;;;;;;;;;;
France;Données consolidées;2024-01-07;02:15;2024-01-07T02:15:00+01:00;;54350;55100;;;;;;;;;;;;;;;;;;;;;;;;;;;;;
France;Données consolidées;2024-01-07;04:00;2024-01-07T04:00:00+01:00;52436;50400;51000;108;16;2651;47699;7383;0;7171;-2316;1230;-11393;24;-3014;1909;-1304;-3200;-7214;15;72;21;96;1067;386;1103;5587;1578;6;514;376;339
France;Données consolidées;2024-01-07;06:00;2024-01-07T06:00:00+01:00;52119;50600;50900;109;15;2840;47691;7212;0;7450;-2420;1222;-11899;25;-3014;2447;-1823;-3198;-6779;15;72;21;96;1063;587;1093;5595;1850;6;510;370;342
France;Données consolidées;2024-01-07;06:15;2024-01-07T06:15:00+01:00;;51050;51350;;;;;;;;;;;;;;;;;;;;;;;;;;;;;
France;Données consolidées;2024-01-07;06:30;2024-01-07T06:30:00+01:00;52959;51500;51800;110;16;2842;47561;7203;0;7530;-2083;1206;-11317;25;-3014;2447;-1823;-3198;-6726;15;73;21;96;1066;578;1102;5687;1837;6;509;360;337
France;Données consolidées;2024-01-07;06:45;2024-01-07T06:45:00+01:00;;51850;52150;;;;;;;;;;;;;;;;;;;;;;;;;;;;;
France;Données consolidées;2024-01-07;07:30;2024-01-07T07:30:00+01:00;54414;53100;53500;110;15;2951;47632;7380;0;7857;-2358;1202;-10269;26;-3014;2337;-1660;-3198;-5804;15;73;21;96;1073;679;1103;5756;2094;6;506;358;338
France;Données consolidées;2024-01-07;08:00;2024-01-07T08:00:00+01:00;55300;54400;54600;108;15;2958;47972;7275;0;8086;-2010;1206;-10206;25;-2883;2125;-1804;-3200;-5923;15;72;21;96;1082;674;1106;5815;2265;6;508;357;340
France;Données consolidées;2024-01-07;10:30;2024-01-07T10:30:00+01:00;61798;60600;60600;109;16;3369;48368;7163;2304;9568;-385;1192;-9813;25;-2964;3515;-3309;-3200;-4537;16;72;21;93;1141;1027;1108;6120;3103;345;502;349;341
France;Données consolidées;2024-01-07;11:00;2024-01-07T11:00:00+01:00;62647;61400;61400;109;16;3357;49115;7179;3017;8947;-191;1190;-9986;25;-3014;3237;-3118;-3200;-4104;16;72;21;93;1138;1018;1108;6096;2608;242;500;347;342
France;Données consolidées;2024-01-07;11:15;2024-01-07T11:15:00+01:00;;61700;61750;;;;;;;;;;;;;;;;;;;;;;;;;;;;;
France;Données consolidées;2024-01-07;12:30;2024-01-07T12:30:00+01:00;65124;63700;64200;110;15;3172;49290;7902;3831;9858;-251;1171;-9859;23;-2983;3237;-2878;-2251;-4973;16;73;21;94;1190;795;1094;5807;2702;1349;491;339;341
France;Données consolidées;2024-01-07;12:45;2024-01-07T12:45:00+01:00;;63450;63550;;;;;;;;;;;;;;;;;;;;;;;;;;;;;
France;Données consolidées;2024-01-07;13:45;2024-01-07T13:45:00+01:00;;61700;60900;;;;;;;;;;;;;;;;;;;;;;;;;;;;;
France;Données consolidées;2024-01-07;15:45;2024-01-07T15:45:00+01:00;;60400;59450;;;;;;;;;;;;;;;;;;;;;;;;;;;;;
France;Données consolidées;2024-01-07;16:15;2024-01-07T16:15:00+01:00;;59850;59000;;;;;;;;;;;;;;;;;;;;;;;;;;;;;
France;Données consolidées;2024-01-07;16:45;2024-01-07T16:45:00+01:00;;60250;59250;;;;;;;;;;;;;;;;;;;;;;;;;;;;;
France;Données consolidées;2024-01-07;17:00;2024-01-07T17:00:00+01:00;60672;60600;59500;110;15;4479;48599;9220;226;9451;-86;1198;-12445;30;-3014;3023;-2795;-3200;-5408;16;73;21;98;1232;2043;1106;6084;2692;675;496;360;342
France;Données consolidées;2024-01-07;17:15;2024-01-07T17:15:00+01:00;;61600;60400;;;;;;;;;;;;;;;;;;;;;;;;;;;;;
France;Données consolidées;2024-01-07;18:00;2024-01-07T18:00:00+01:00;64969;64500;63700;109;15;4887;49039;9991;0;11087;-28;1191;-11209;31;-3014;2593;-2589;-3200;-3648;16;72;21;104;1232;2432;1118;6463;3645;980;491;360;339
France;Données consolidées;2024-01-07;19:15;2024-01-07T19:15:00+01:00;;67000;66800;;;;;;;;;;;;;;;;;;;;;;;;;;;;;
France;Données consolidées;2024-01-07;22:15;2024-01-07T22:15:00+01:00;;61900;61500;;;;;;;;;;;;;;;;;;;;;;;;;;;;;
France;Données consolidées;2024-01-07;22:30;2024-01-07T22:30:00+01:00;63495;62100;61700;110;15;4906;48991;11709;0;8687;-641;1162;-11337;31;-2898;-2120;-2609;-2949;62;16;73;21;100;1235;2484;1086;6067;2479;140;470;353;338
France;Données consolidées;2024-01-07;22:45;2024-01-07T22:45:00+01:00;;62750;62350;;;;;;;;;;;;;;;;;;;;;;;;;;;;;
France;Données consolidées;2024-01-07;23:00;2024-01-07T23:00:00+01:00;65106;63400;63000;111;15;5018;48973;11840;0;8438;-31;1154;-10301;31;-2562;-432;-2149;-2696;-2035;16;74;21;101;1242;2592;1083;5969;2330;139;463;356;335
France;Données consolidées;2024-01-07;23:15;2024-01-07T23:15:00+01:00;;63300;62850;;;;;;;;;;;;;;;;;;;;;;;;;;;;;
France;Données consolidées;2024-01-08;00:00;2024-01-08T00:00:00+01:00;63417;61600;62200;109;15;4680;48643;11687;0;7592;-432;1148;-9903;31;-2914;-812;-1943;-3200;-2512;16;72;21;101;1253;2234;1092;5818;1768;6;483;331;334
France;Données consolidées;2024-01-08;00:45;2024-01-08T00:45:00+01:00;;59250;59750;;;;;;;;;;;;;;;;;;;;;;;;;;;;;
France;Données consolidées;2024-01-08;01:45;2024-01-08T01:45:00+01:00;;58700;59650;;;;;;;;;;;;;;;;;;;;;;;;;;;;;
France;Données consolidées;2024-01-08;04:00;2024-01-08T04:00:00+01:00;58085;56500;56600;109;15;4106;48335;11461;0;6820;-1788;1172;-12038;29;-2904;-109;-1026;-3200;-4452;16;72;21;97;1237;1658;1114;5369;1445;6;485;359;327
France;Données consolidées;2024-01-08;05:30;2024-01-08T05:30:00+01:00;60923;59700;59400;109;16;4108;49004;11860;0;7044;-1276;1186;-11030;29;-2331;-209;-1719;-3200;-3583;16;72;21;97;1260;1634;1117;5569;1469;6;487;371;328
France;Données consolidées;2024-01-08;06:45;2024-01-08T06:45:00+01:00;;67250;67000;;;;;;;;;;;;;;;;;;;;;;;;;;;;;
France;Données consolidées;2024-01-08;07:00;2024-01-08T07:00:00+01:00;69872;69100;68600;109;17;7229;49574;12070;0;8633;-28;1181;-8823;40;966;958;-4485;-2798;-1103;16;72;20;102;1324;4643;1161;6014;2421;198;481;371;329
France;Données consolidées;2024-01-08;07:30;2024-01-08T07:30:00+01:00;72908;72600;71100;109;18;7420;49471;12217;0;9495;-28;1178;-6885;41;966;958;-4485;-2798;-1038;16;73;20;104;1357;4761;1199;6213;3100;183;502;347;329
France;Données consolidées;2024-01-08;07:45;2024-01-08T07:45:00+01:00;;73700;72150;;;;;;;;;;;;;;;;;;;;;;;;;;;;;
France;Données consolidées;2024-01-08;08:30;2024-01-08T08:30:00+01:00;76143;76200;74200;110;17;8085;49544;11676;21;12609;-29;1142;-6937;42;1247;1095;-4480;-3150;-2453;16;73;20;103;1459;5302;1221;6767;4569;1273;483;328;331
France;Données consolidées;2024-01-08;10:00;2024-01-08T10:00:00+01:00;77936;77100;76200;111;16;8135;49339;10403;1013;15804;-30;1141;-7915;41;-1113;1250;-4480;-3200;-199;16;73;21;100;1481;5332;1221;7026;6091;2687;488;333;320
France;Données consolidées;2024-01-08;10:30;2024-01-08T10:30:00+01:00;78191;77000;76800;110;16;8124;49358;10115;1530;15587;-29;1106;-7626;41;-1113;1250;-4480;-3200;263;16;73;21;101;1465;5345;1213;6972;5925;2691;459;324;322
France;Données consolidées;2024-01-08;12:30;2024-01-08T12:30:00+01:00;78631;76600;77300;112;15;7734;49340;9977;3109;10298;-29;1128;-2938;41;-545;1796;-4485;-3200;2631;16;75;21;104;1540;4867;1224;6139;3866;293;463;329;335
France;Données consolidées;2024-01-08;13:30;2024-01-08T13:30:00+01:00;77049;74400;75500;111;15;7641;49353;9948;3069;10592;-30;1113;-4664;41;-915;808;-4485;-3200;3074;16;74;21;101;1503;4802;1235;6074;4159;360;458;325;330
France;Données consolidées;2024-01-08;13:45;2024-01-08T13:45:00+01:00;;74350;75350;;;;;;;;;;;;;;;;;;;;;;;;;;;;;
France;Données consolidées;2024-01-08;17:30;2024-01-08T17:30:00+01:00;77459;75500;75800;112;13;8333;49361;7379;20;14741;-84;1124;-3459;44;195;1161;-3981;-855;587;16;75;21;109;1568;5393;1264;7048;5414;2279;453;328;343
France;Données consolidées;2024-01-08;20:00;2024-01-08T20:00:00+01:00;80840;76900;78200;109;18;8679;49381;7075;1;15575;-27;1148;-1013;45;569;-1850;-4413;-2788;5908;15;72;21;109;1626;5690;1255;7256;5877;2442;461;340;346
France;Données consolidées;2024-01-08;21:15;2024-01-08T21:15:00+01:00;;71900;73050;;;;;;;;;;;;;;;;;;;;;;;;;;;;;
France;Données consolidées;2024-01-09;00:30;2024-01-09T00:30:00+01:00;71634;68400;69500;109;19;8157;49588;4899;0;9772;-25;1132;-1910;47;2399;-1718;-3996;-2634;3437;13;74;21;101;1494;5369;1193;6103;3531;138;469;320;343
France;Données consolidées;2024-01-09;01:00;2024-01-09T01:00:00+01:00;69161;66700;67500;108;18;7922;49371;4704;0;9413;-367;1136;-3041;47;2587;-2170;-3546;-2536;3560;13;74;21;101;1495;5136;1189;5975;3344;93;470;323;343
France;Données consolidées;2024-01-09;01:30;2024-01-09T01:30:00+01:00;69806;67300;68800;108;19;8200;49527;4607;0;9309;-744;1130;-2236;49;2587;-2170;-3546;-2536;3561;14;73;21;101;1491;5421;1187;5858;3344;106;461;327;341
France;Données consolidées;2024-01-09;02:30;2024-01-09T02:30:00+01:00;69805;66600;68100;106;18;8229;49436;4779;0;9221;-855;1133;-2157;49;2248;-1871;-1384;-2533;1603;13;71;21;101;1482;5457;1189;5943;3272;6;459;336;338
France;Données consolidées;2024-01-09;04:30;2024-01-09T04:30:00+01:00;66703;62900;65100;105;122;7966;49672;5286;0;8391;-1877;1123;-3984;50;1580;-1928;-3711;-2238;2486;14;70;21;101;1480;5189;1196;5798;2587;6;471;321;331
France;Données consolidées;2024-01-09;05:45;2024-01-09T05:45:00+01:00;;66400;68800;;;;;;;;;;;;;;;;;;;;;;;;;;;;;
France;Données consolidées;2024-01-09;06:30;2024-01-09T06:30:00+01:00;74228;70500;72900;106;251;8204;50040;4720;0;10795;-117;1114;-807;50;3011;-1005;-3941;-2211;3344;13;72;21;106;1548;5349;1201;6278;4392;125;465;318;331
France;Données consolidées;2024-01-09;07:00;2024-01-09T07:00:00+01:00;77203;73700;75800;106;316;8581;50037;4712;0;12979;-84;1102;-457;51;2941;700;-3927;-1931;3557;14;71;21;106;1582;5659;1234;6738;5786;455;451;320;330
France;Données consolidées;2024-01-09;07:15;2024-01-09T07:15:00+01:00;;75300;77050;;;;;;;;;;;;;;;;;;;;;;;;;;;;;
France;Données consolidées;2024-01-09;08:15;2024-01-09T08:15:00+01:00;;79000;80700;;;;;;;;;;;;;;;;;;;;;;;;;;;;;
France;Données consolidées;2024-01-09;10:00;2024-01-09T10:00:00+01:00;83472;80000;82000;108;355;8626;50094;4428;1577;15177;-27;1098;2137;49;1655;-242;-3841;-142;4977;13;73;21;109;1603;5672;1243;7091;6029;2057;452;321;325
France;Données consolidées;2024-01-09;10:45;2024-01-09T10:45:00+01:00;;79550;81850;;;;;;;;;;;;;;;;;;;;;;;;;;;;;
France;Données consolidées;2024-01-09;11:30;2024-01-09T11:30:00+01:00;83383;79900;82300;108;356;8566;50090;4601;3963;11905;-23;1081;2936;49;1861;-105;-3781;-1018;6299;14;73;21;109;1605;5603;1249;6527;4380;998;442;318;320
France;Données consolidées;2024-01-09;11:45;2024-01-09T11:45:00+01:00;;79900;82350;;;;;;;;;;;;;;;;;;;;;;;;;;;;;
France;Données consolidées;2024-01-09;12:15;2024-01-09T12:15:00+01:00;;79550;82000;;;;;;;;;;;;;;;;;;;;;;;;;;;;;
France;Données consolidées;2024-01-09;13:00;2024-01-09T13:00:00+01:00;81287;77900;79900;110;565;8389;49610;4456;4737;10677;-23;1094;1794;52;1925;-1195;-3763;-1711;5937;14;75;21;107;1585;5446;1250;6218;3672;788;427;339;327
France;Données consolidées;2024-01-09;14:00;2024-01-09T14:00:00+01:00;79763;76900;78800;107;571;8570;49486;4381;4445;10320;-195;1095;1096;53;2228;0;-4406;-1852;5071;14;72;21;109;1584;5623;1254;6126;4090;103;424;341;329
France;Données consolidées;2024-01-09;18:15;2024-01-09T18:15:00+01:00;;79300;81750;;;;;;;;;;;;;;;;;;;;;;;;;;;;;
France;Données consolidées;2024-01-09;20:45;2024-01-09T20:45:00+01:00;;75350;78100;;;;;;;;;;;;;;;;;;;;;;;;;;;;;
France;Données consolidées;2024-01-09;22:15;2024-01-09T22:15:00+01:00;;71600;74200;;;;;;;;;;;;;;;;;;;;;;;;;;;;;
France;Données consolidées;2024-01-09;23:45;2024-01-09T23:45:00+01:00;;74050;74650;;;;;;;;;;;;;;;;;;;;;;;;;;;;;
France;Données consolidées;2024-01-10;01:15;2024-01-10T01:15:00+01:00;;71600;70850;;;;;;;;;;;;;;;;;;;;;;;;;;;;;
France;Données consolidées;2024-01-10;02:30;2024-01-10T02:30:00+01:00;71203;71100;69900;95;18;8505;50845;2358;0;8949;-581;1121;-1;50;2451;-88;-3069;-2711;3398;13;61;21;103;1486;5732;1184;5859;3083;6;439;343;339
France;Données consolidées;2024-01-10;03:00;2024-01-10T03:00:00+01:00;70020;69500;68400;94;18;8430;50848;2390;0;8569;-866;1129;-486;51;2142;-418;-2760;-3085;2857;13;60;21;103;1486;5646;1195;5771;2792;6;448;342;340
France;Données consolidées;2024-01-10;03:45;2024-01-10T03:45:00+01:00;;68050;67150;;;;;;;;;;;;;;;;;;;;;;;;;;;;;
France;Données consolidées;2024-01-10;04:00;2024-01-10T04:00:00+01:00;67914;67700;66700;93;18;8168;50974;2427;0;8236;-1067;1132;-1961;50;2409;-461;-2837;-2924;1428;13;59;21;103;1484;5385;1196;5759;2471;6;453;342;337
France;Données consolidées;2024-01-10;04:15;2024-01-10T04:15:00+01:00;;67600;66550;;;;;;;;;;;;;;;;;;;;;;;;;;;;;
France;Données consolidées;2024-01-10;04:30;2024-01-10T04:30:00+01:00;67782;67500;66400;93;18;8508;50975;2484;0;8499;-1135;1106;-2673;51;2409;-461;-2837;-2934;1264;13;59;21;103;1487;5723;1195;5767;2725;6;438;331;337
France;Données consolidées;2024-01-10;05:30;2024-01-10T05:30:00+01:00;69585;69700;68700;95;18;8647;50795;2514;0;8806;-647;1084;-1635;51;2948;659;-2954;-3026;878;13;61;21;103;1501;5845;1198;5810;2990;6;428;323;333
France;Données consolidées;2024-01-10;06:00;2024-01-10T06:00:00+01:00;71062;71800;70600;94;18;8865;50889;2601;0;9651;-682;1091;-1364;51;3013;1139;-2564;-2160;1296;13;60;21;107;1524;6037;1197;5985;3660;6;425;334;332
France;Données consolidées;2024-01-10;07:15;2024-01-10T07:15:00+01:00;;78600;77300;;;;;;;;;;;;;;;;;;;;;;;;;;;;;
France;Données consolidées;2024-01-10;07:30;2024-01-10T07:30:00+01:00;79588;79800;78300;93;18;9164;50963;2430;0;14635;-84;1096;1361;49;2513;1139;-2633;-717;1443;13;59;21;111;1621;6177;1255;6804;5992;1838;428;335;333
France;Données consolidées;2024-01-10;08:15;2024-01-10T08:15:00+01:00;;82600;81000;;;;;;;;;;;;;;;;;;;;;;;;;;;;;
France;Données consolidées;2024-01-10;09:00;2024-01-10T09:00:00+01:00;83331;83600;82000;88;18;9118;50957;2406;98;17579;-22;1068;2105;47;1125;900;-1161;233;1352;13;58;18;107;1601;6148;1262;6993;6790;3795;410;333;325
France;Données consolidées;2024-01-10;11:45;2024-01-10T11:45:00+01:00;;84400;83200;;;;;;;;;;;;;;;;;;;;;;;;;;;;;
France;Données consolidées;2024-01-10;16:00;2024-01-10T16:00:00+01:00;79310;78500;77400;103;13;9075;50895;2077;697;15011;-28;1100;491;48;1647;1450;-1708;-1479;133;14;68;21;110;1573;6116;1276;6743;5984;2284;435;321;344
France;Données consolidées;2024-01-10;17:15;2024-01-10T17:15:00+01:00;;79150;78400;;;;;;;;;;;;;;;;;;;;;;;;;;;;;
France;Données consolidées;2024-01-10;17:30;2024-01-10T17:30:00+01:00;80250;80000;79000;101;12;9190;50899;2632;8;16036;-28;1104;406;48;1064;800;-1024;-11;167;12;68;21;106;1579;6227;1279;7030;5938;3068;442;311;350
France;Données consolidées;2024-01-10;19:30;2024-01-10T19:30:00+01:00;84981;83900;83200;763;9;9274;50780;3783;0;16435;-83;1108;3014;54;542;800;-555;890;1182;674;68;21;103;1715;6182;1275;7336;6157;2941;442;318;349
France;Données consolidées;2024-01-10;20:30;2024-01-10T20:30:00+01:00;80624;80100;79200;771;9;9055;50855;4088;0;14290;-84;1102;642;54;-99;800;-687;-834;1322;681;68;21;103;1618;6080;1254;7065;5742;1483;436;318;347
France;Données consolidées;2024-01-10;20:45;2024-01-10T20:45:00+01:00;;79200;78250;;;;;;;;;;;;;;;;;;;;;;;;;;;;;
France;Données consolidées;2024-01-10;21:15;2024-01-10T21:15:00+01:00;;77350;76350;;;;;;;;;;;;;;;;;;;;;;;;;;;;;
France;Données consolidées;2024-01-10;23:15;2024-01-10T23:15:00+01:00;;77100;75750;;;;;;;;;;;;;;;;;;;;;;;;;;;;;
France;Données consolidées;2024-01-10;23:30;2024-01-10T23:30:00+01:00;74961;76700;75300;750;7;8777;50779;4902;0;10354;-200;1143;-1449;55;1786;1400;-2914;-1961;1118;662;68;20;99;1547;5914;1217;6412;3860;83;457;338;347
France;Données consolidées;2024-01-11;00:45;2024-01-11T00:45:00+01:00;;71150;70350;;;;;;;;;;;;;;;;;;;;;;;;;;;;;
France;Données consolidées;2024-01-11;01:15;2024-01-11T01:15:00+01:00;;70850;69600;;;;;;;;;;;;;;;;;;;;;;;;;;;;;
France;Données consolidées;2024-01-11;01:30;2024-01-11T01:30:00+01:00;71528;71500;69900;105;6;8694;50862;4909;0;10831;-580;1134;-4322;48;2294;1700;-3181;-2483;-2601;14;69;21;95;1470;5899;1229;6202;4488;141;451;340;343
France;Données consolidées;2024-01-11;03:00;2024-01-11T03:00:00+01:00;70146;68500;68500;104;3;8448;50517;5576;0;10106;-1530;1136;-4105;48;2109;1700;-3285;-3092;-2493;14;69;21;95;1456;5672;1224;5973;3748;385;451;350;335
France;Données consolidées;2024-01-11;03:45;2024-01-11T03:45:00+01:00;;67050;67100;;;;;;;;;;;;;;;;;;;;;;;;;;;;;
France;Données consolidées;2024-01-11;04:15;2024-01-11T04:15:00+01:00;;66550;66550;;;;;;;;;;;;;;;;;;;;;;;;;;;;;
France;Données consolidées;2024-01-11;05:15;2024-01-11T05:15:00+01:00;;68150;68050;;;;;;;;;;;;;;;;;;;;;;;;;;;;;
France;Données consolidées;2024-01-11;07:00;2024-01-11T07:00:00+01:00;78106;77100;76900;103;375;9003;50129;6075;0;13223;-35;1100;-1767;52;2974;1000;-1105;-2044;-2222;15;67;21;102;1522;6119;1260;6553;5362;1308;426;343;331
France;Données consolidées;2024-01-11;08:00;2024-01-11T08:00:00+01:00;82470;82100;80800;478;461;9155;50121;6534;0;16480;-80;1097;-1681;54;1359;1000;-139;-1154;-892;387;69;21;102;1619;6155;1278;7108;6198;3174;429;343;325
France;Données consolidées;2024-01-11;11:30;2024-01-11T11:30:00+01:00;81991;82600;80800;576;469;9209;50228;4986;3231;12145;-24;1085;188;57;79;1300;-2235;-1816;4008;484;70;21;98;1706;6147;1258;6830;4509;805;423;339;323
France;Données consolidées;2024-01-11;12:45;2024-01-11T12:45:00+01:00;;81350;77900;;;;;;;;;;;;;;;;;;;;;;;;;;;;;
France;Données consolidées;2024-01-11;13:00;2024-01-11T13:00:00+01:00;78945;80800;77200;561;5;9198;50271;5050;4522;10381;-103;1099;-1936;52;378;1300;-3585;-1298;352;472;68;21;102;1705;6125;1265;6655;3322;404;430;334;334
France;Données consolidées;2024-01-11;13:30;2024-01-11T13:30:00+01:00;77643;80200;75700;559;6;9238;50262;5380;4594;10241;-103;1098;-3531;52;378;1300;-3585;-1331;-13;469;69;21;99;1698;6174;1267;6641;3468;132;429;333;335
France;Données consolidées;2024-01-11;15:00;2024-01-11T15:00:00+01:00;75973;79000;74000;100;124;8630;50243;6687;3592;10818;-102;1109;-5117;46;-1277;1300;-3080;-1775;-1474;9;70;21;110;1628;5632;1259;6439;4111;268;430;343;336
France;Données consolidées;2024-01-11;17:00;2024-01-11T17:00:00+01:00;75259;75500;73300;101;338;8652;50160;9021;420;13308;-24;1120;-7857;48;-293;2000;-3310;-3200;-1698;11;68;21;110;1528;5746;1268;6568;5301;1439;431;341;347
France;Données consolidées;2024-01-11;20:00;2024-01-11T20:00:00+01:00;81179;81200;78700;101;558;8899;49254;10230;0;15032;-71;1129;-3851;50;-317;-546;-965;-1639;-2055;15;65;21;106;1503;6022;1268;7218;5483;2332;441;343;345
France;Données consolidées;2024-01-11;20:45;2024-01-11T20:45:00+01:00;;78300;75950;;;;;;;;;;;;;;;;;;;;;;;;;;;;;
France;Données consolidées;2024-01-11;22:00;2024-01-11T22:00:00+01:00;73793;74200;72200;100;396;8702;49398;8014;0;12514;-14;1137;-6350;50;1293;1321;-3104;-3026;-871;15;64;21;106;1442;5938;1217;6788;5072;653;437;357;342
France;Données consolidées;2024-01-11;23:15;2024-01-11T23:15:00+01:00;;75750;74050;;;;;;;;;;;;;;;;;;;;;;;;;;;;;
France;Données consolidées;2024-01-12;01:15;2024-01-12T01:15:00+01:00;;69250;69600;;;;;;;;;;;;;;;;;;;;;;;;;;;;;
France;Données consolidées;2024-01-12;01:30;2024-01-12T01:30:00+01:00;70779;69800;70100;101;356;8408;49472;6501;0;10089;-2042;1151;-3149;53;1641;1404;-3067;-3200;357;15;65;21;99;1419;5694;1197;6348;3640;101;454;354;343
France;Données consolidées;2024-01-12;02:00;2024-01-12T02:00:00+01:00;70548;70000;70000;104;357;8194;49436;6646;0;9848;-2055;1158;-3040;52;1542;1537;-3067;-3200;137;15;68;21;99;1419;5479;1197;6348;3437;64;453;363;343
France;Données consolidées;2024-01-12;02:15;2024-01-12T02:15:00+01:00;;69300;69650;;;;;;;;;;;;;;;;;;;;;;;;;;;;;
France;Données consolidées;2024-01-12;02:30;2024-01-12T02:30:00+01:00;70592;68600;69300;101;357;8189;49457;6697;0;9999;-2094;1170;-3186;52;1542;1537;-3067;-3200;148;15;65;21;99;1417;5482;1192;6299;3693;7;465;364;342
France;Données consolidées;2024-01-12;04:00;2024-01-12T04:00:00+01:00;67401;66200;65800;100;357;7400;49488;7061;0;9211;-2348;1165;-4930;49;1493;1190;-3086;-3200;-782;15;64;21;99;1406;4702;1194;5985;3220;6;472;353;340
France;Données consolidées;2024-01-12;05:00;2024-01-12T05:00:00+01:00;67259;66400;66200;102;350;7567;49008;7020;0;9320;-2290;1169;-4879;50;2163;1657;-3086;-3200;-469;15;66;21;99;1405;4873;1191;5958;3356;6;467;363;339
France;Données consolidées;2024-01-12;05:15;2024-01-12T05:15:00+01:00;;67150;67150;;;;;;;;;;;;;;;;;;;;;;;;;;;;;
France;Données consolidées;2024-01-12;06:00;2024-01-12T06:00:00+01:00;70649;69700;70200;101;383;8706;49422;6622;0;9579;-2116;1172;-3120;55;2974;1400;-2933;-2870;939;14;66;21;102;1449;5960;1195;6032;3541;6;466;367;339
France;Données consolidées;2024-01-12;07:30;2024-01-12T07:30:00+01:00;79641;77800;78000;103;560;8878;49139;6542;0;14443;-15;1154;-1066;53;1675;1400;-3028;-579;-579;14;68;20;105;1436;6089;1247;6759;5575;2108;462;358;334
France;Données consolidées;2024-01-12;08:30;2024-01-12T08:30:00+01:00;81954;80100;80100;104;558;9030;49420;6035;30;16014;-69;1140;-207;53;1222;1400;-2845;171;102;14;69;21;105;1436;6243;1246;7035;6212;2767;452;352;336
France;Données consolidées;2024-01-12;09:15;2024-01-12T09:15:00+01:00;;80550;80450;;;;;;;;;;;;;;;;;;;;;;;;;;;;;
France;Données consolidées;2024-01-12;09:30;2024-01-12T09:30:00+01:00;82375;80800;80700;104;560;9056;49493;5812;1042;16468;-71;1127;-1115;52;-540;1400;-3366;745;1129;14;69;21;104;1438;6278;1235;7066;6513;2889;440;352;335
France;Données consolidées;2024-01-12;10:45;2024-01-12T10:45:00+01:00;;79850;80050;;;;;;;;;;;;;;;;;;;;;;;;;;;;;
France;Données consolidées;2024-01-12;14:15;2024-01-12T14:15:00+01:00;;73100;75550;;;;;;;;;;;;;;;;;;;;;;;;;;;;;
France;Données consolidées;2024-01-12;15:45;2024-01-12T15:45:00+01:00;;69900;72650;;;;;;;;;;;;;;;;;;;;;;;;;;;;;
France;Données consolidées;2024-01-12;19:15;2024-01-12T19:15:00+01:00;;77550;79100;;;;;;;;;;;;;;;;;;;;;;;;;;;;;
France;Données consolidées;2024-01-12;19:30;2024-01-12T19:30:00+01:00;80331;77300;78800;103;891;8323;49432;4382;2;16246;-15;1136;-70;55;-1146;1457;-2759;1033;1518;16;66;21;106;1426;5544;1247;7267;6374;2604;461;321;353
France;Données consolidées;2024-01-12;20:00;2024-01-12T20:00:00+01:00;78901;76000;77500;104;845;8211;49432;4427;1;15338;-14;1134;-475;55;-2034;571;-3147;1266;2584;16;67;21;105;1423;5440;1243;7218;6103;2017;459;323;352
France;Données consolidées;2024-01-12;20:15;2024-01-12T20:15:00+01:00;;75200;76650;;;;;;;;;;;;;;;;;;;;;;;;;;;;;
France;Données consolidées;2024-01-13;01:30;2024-01-13T01:30:00+01:00;69774;69100;70000;104;360;7160;48165;2242;0;10362;-16;1144;353;50;-251;2062;-3815;-2270;5430;15;68;21;98;1326;4590;1147;6261;3584;517;479;318;346
France;Données consolidées;2024-01-13;02:15;2024-01-13T02:15:00+01:00;;68400;69300;;;;;;;;;;;;;;;;;;;;;;;;;;;;;
France;Données consolidées;2024-01-13;03:15;2024-01-13T03:15:00+01:00;;65400;66500;;;;;;;;;;;;;;;;;;;;;;;;;;;;;
France;Données consolidées;2024-01-13;03:30;2024-01-13T03:30:00+01:00;66459;64800;66000;102;359;5767;48140;1651;0;9429;-366;1141;337;45;-269;833;-3210;-2335;5435;15;66;21;98;1322;3200;1147;5987;2336;1106;476;319;346
France;Données consolidées;2024-01-13;05:45;2024-01-13T05:45:00+01:00;;64600;65350;;;;;;;;;;;;;;;;;;;;;;;;;;;;;
France;Données consolidées;2024-01-13;06:30;2024-01-13T06:30:00+01:00;66910;66300;66300;103;355;6000;48682;1186;0;8866;-359;1114;1059;46;51;2000;-3815;-2385;4566;15;67;21;103;1344;3407;1146;5641;3218;7;466;310;338
France;Données consolidées;2024-01-13;08:00;2024-01-13T08:00:00+01:00;70661;70100;70600;104;357;7276;48550;1044;0;10677;-17;1113;1654;51;1148;1926;-3592;-2317;4553;15;68;21;106;1361;4664;1144;6221;4449;7;464;307;342
France;Données consolidées;2024-01-13;08:30;2024-01-13T08:30:00+01:00;72068;71200;72000;106;357;7374;48542;963;28;11701;-15;1118;1994;50;1148;1926;-3592;-2325;4616;15;70;21;106;1363;4763;1142;6350;5004;346;464;312;341
France;Données consolidées;2024-01-13;09:00;2024-01-13T09:00:00+01:00;73339;72200;73100;106;358;7663;48510;999;285;12549;-15;1122;1859;51;166;1750;-3585;-1461;4324;15;70;21;106;1367;5050;1140;6472;5461;616;463;317;342
France;Données consolidées;2024-01-13;09:15;2024-01-13T09:15:00+01:00;;73000;74000;;;;;;;;;;;;;;;;;;;;;;;;;;;;;
France;Données consolidées;2024-01-13;11:00;2024-01-13T11:00:00+01:00;76841;74600;76600;678;356;8088;48478;1097;3206;13644;-15;1127;280;55;-2063;2100;-2447;-1057;2783;588;69;21;106;1440;5404;1138;6444;5522;1678;463;316;348
France;Données consolidées;2024-01-13;11:15;2024-01-13T11:15:00+01:00;;74650;76850;;;;;;;;;;;;;;;;;;;;;;;;;;;;;
France;Données consolidées;2024-01-13;11:30;2024-01-13T11:30:00+01:00;77129;74700;77100;688;356;8400;49121;1053;3900;13188;-15;1126;-582;56;-2063;2100;-2447;-1033;2716;598;69;21;106;1440;5723;1131;6233;5245;1711;465;312;349
France;Données consolidées;2024-01-13;12:15;2024-01-13T12:15:00+01:00;;74200;77400;;;;;;;;;;;;;;;;;;;;;;;;;;;;;
France;Données consolidées;2024-01-13;13:00;2024-01-13T13:00:00+01:00;76293;72000;75400;1293;357;8351;49114;785;5383;10823;-15;1135;-829;63;-2318;2100;-2313;-1780;1102;1128;69;96;454;1447;5312;1138;6062;4183;578;465;318;351
France;Données consolidées;2024-01-13;15:15;2024-01-13T15:15:00+01:00;;66350;71500;;;;;;;;;;;;;;;;;;;;;;;;;;;;;
France;Données consolidées;2024-01-13;16:30;2024-01-13T16:30:00+01:00;70696;65500;70000;114;357;8539;49217;608;1364;11360;-15;1137;-1887;54;-2304;2300;-3519;-1220;3024;21;68;25;102;1377;5929;1130;6397;4675;288;471;312;353
France;Données consolidées;2024-01-13;17:15;2024-01-13T17:15:00+01:00;;67450;71350;;;;;;;;;;;;;;;;;;;;;;;;;;;;;
France;Données consolidées;2024-01-13;18:45;2024-01-13T18:45:00+01:00;;73700;76500;;;;;;;;;;;;;;;;;;;;;;;;;;;;;
France;Données consolidées;2024-01-13;19:15;2024-01-13T19:15:00+01:00;;74400;76950;;;;;;;;;;;;;;;;;;;;;;;;;;;;;
France;Données consolidées;2024-01-13;21:00;2024-01-13T21:00:00+01:00;73966;70300;72400;103;573;8555;49303;656;0;12470;-15;1130;1312;57;-1086;-395;-3592;-951;7128;15;67;21;105;1379;5933;1139;6704;5394;372;457;316;357
France;Données consolidées;2024-01-13;21:45;2024-01-13T21:45:00+01:00;;68900;70750;;;;;;;;;;;;;;;;;;;;;;;;;;;;;
France;Données consolidées;2024-01-13;22:30;2024-01-13T22:30:00+01:00;72500;69600;71200;103;386;8147;49430;610;0;10982;-71;1123;1886;54;-819;754;-3549;-1465;7805;15;67;21;105;1345;5562;1136;6396;4221;365;464;303;356
France;Données consolidées;2024-01-13;22:45;2024-01-13T22:45:00+01:00;;70550;72100;;;;;;;;;;;;;;;;;;;;;;;;;;;;;
France;Données consolidées;2024-01-13;23:45;2024-01-13T23:45:00+01:00;;71350;72400;;;;;;;;;;;;;;;;;;;;;;;;;;;;;
France;Données consolidées;2024-01-14;00:00;2024-01-14T00:00:00+01:00;72886;71600;72200;104;354;8506;50238;715;0;10198;-15;1138;1750;55;-2527;1677;-3306;-2385;7302;15;67;21;97;1353;5935;1121;6281;3666;251;469;317;351
France;Données consolidées;2024-01-14;00:45;2024-01-14T00:45:00+01:00;;68850;69950;;;;;;;;;;;;;;;;;;;;;;;;;;;;;
France;Données consolidées;2024-01-14;01:15;2024-01-14T01:15:00+01:00;;68200;69350;;;;;;;;;;;;;;;;;;;;;;;;;;;;;
France;Données consolidées;2024-01-14;01:45;2024-01-14T01:45:00+01:00;;68400;69500;;;;;;;;;;;;;;;;;;;;;;;;;;;;;
France;Données consolidées;2024-01-14;02:00;2024-01-14T02:00:00+01:00;69434;68300;69400;105;13;5358;50340;717;0;10360;-16;1111;1543;37;-2579;2728;-1953;-2274;6644;15;69;21;93;1348;2808;1109;6077;4036;248;472;289;349
France;Données consolidées;2024-01-14;05:15;2024-01-14T05:15:00+01:00;;62450;63600;;;;;;;;;;;;;;;;;;;;;;;;;;;;;
France;Données consolidées;2024-01-14;05:30;2024-01-14T05:30:00+01:00;64464;62700;63800;104;14;3921;50560;582;0;8846;-1952;1088;1397;31;-2300;2728;-2480;-2385;5780;15;68;21;93;1322;1399;1108;5529;3311;6;444;298;346
France;Données consolidées;2024-01-14;06:15;2024-01-14T06:15:00+01:00;;63100;64200;;;;;;;;;;;;;;;;;;;;;;;;;;;;;
France;Données consolidées;2024-01-14;07:00;2024-01-14T07:00:00+01:00;65476;64100;65100;105;14;3765;50489;883;0;8578;-1944;1094;2595;30;-1991;2728;-2737;-2375;6796;15;69;21;93;1336;1228;1109;5530;3042;6;456;293;344
France;Données consolidées;2024-01-14;07:30;2024-01-14T07:30:00+01:00;66426;64800;65600;105;14;3921;50475;978;0;8941;-1600;1092;2600;31;-1991;2728;-2737;-2375;6754;15;69;21;93;1350;1367;1111;5606;3329;6;455;294;342
France;Données consolidées;2024-01-14;08:00;2024-01-14T08:00:00+01:00;67128;65800;66600;104;14;3979;50428;1043;0;9316;-1519;1099;2754;31;-1726;2728;-2652;-2385;7152;15;68;21;93;1350;1426;1110;5667;3643;6;458;302;339
France;Données consolidées;2024-01-14;09:30;2024-01-14T09:30:00+01:00;71079;69000;71000;104;14;4486;50286;1039;620;10109;-15;1110;3431;32;-1557;2728;-2626;-1653;6873;15;68;21;93;1356;1926;1112;5867;3954;288;456;305;348
France;Données consolidées;2024-01-14;09:45;2024-01-14T09:45:00+01:00;;69550;71750;;;;;;;;;;;;;;;;;;;;;;;;;;;;;
France;Données consolidées;2024-01-14;10:00;2024-01-14T10:00:00+01:00;72611;70100;72500;103;14;4563;50278;1024;1212;10618;-44;1121;3824;32;-2346;2728;-2137;-1125;6149;15;67;21;92;1356;1995;1119;5904;4331;382;459;313;348
France;Données consolidées;2024-01-14;12:00;2024-01-14T12:00:00+01:00;75721;73500;75600;103;14;5930;50249;985;4071;11395;-15;1125;1957;36;-2496;2728;-1929;-2030;5325;15;67;21;92;1354;3362;1121;6026;4617;752;468;308;350
France;Données consolidées;2024-01-14;12:45;2024-01-14T12:45:00+01:00;;71250;73800;;;;;;;;;;;;;;;;;;;;;;;;;;;;;
France;Données consolidées;2024-01-14;13:15;2024-01-14T13:15:00+01:00;;69350;71650;;;;;;;;;;;;;;;;;;;;;;;;;;;;;
France;Données consolidées;2024-01-14;13:30;2024-01-14T13:30:00+01:00;72298;68200;70700;103;14;5558;50142;1067;4659;11055;-16;1131;-1309;35;-2481;2269;-2240;-1651;3290;15;67;21;92;1348;2996;1121;5923;4626;507;467;313;351
France;Données consolidées;2024-01-14;15:00;2024-01-14T15:00:00+01:00;69381;66000;68500;104;14;5739;50167;943;2944;9456;-16;1133;-1002;37;-2345;2544;-3179;-2201;3958;15;67;21;92;1364;3168;1115;5820;3631;6;466;316;351
France;Données consolidées;2024-01-14;15:15;2024-01-14T15:15:00+01:00;;65900;68250;;;;;;;;;;;;;;;;;;;;;;;;;;;;;
France;Données consolidées;2024-01-14;16:30;2024-01-14T16:30:00+01:00;67756;65100;66500;104;15;5719;50573;955;782;10796;-16;1146;-2222;37;-1504;2728;-3824;-1970;2163;15;68;21;92;1372;3136;1118;6025;4668;104;470;322;354
France;Données consolidées;2024-01-14;17:45;2024-01-14T17:45:00+01:00;;69200;70100;;;;;;;;;;;;;;;;;;;;;;;;;;;;;
France;Données consolidées;2024-01-14;18:00;2024-01-14T18:00:00+01:00;71874;70600;71400;103;14;6234;51059;1131;0;13707;-15;1136;-1394;38;-2783;2728;-3300;886;3221;15;66;21;95;1370;3655;1113;6542;5483;1682;462;321;353
France;Données consolidées;2024-01-14;19:15;2024-01-14T19:15:00+01:00;;74300;75250;;;;;;;;;;;;;;;;;;;;;;;;;;;;;
France;Données consolidées;2024-01-14;19:30;2024-01-14T19:30:00+01:00;76159;74200;75200;104;15;6387;51195;1543;0;14315;-14;1138;1570;38;-1722;1673;-3517;-534;5884;15;67;21;96;1369;3809;1114;6642;5287;2386;464;322;352
France;Données consolidées;2024-01-14;21:15;2024-01-14T21:15:00+01:00;;69600;70900;;;;;;;;;;;;;;;;;;;;;;;;;;;;;
France;Données consolidées;2024-01-15;02:15;2024-01-15T02:15:00+01:00;;67450;64550;;;;;;;;;;;;;;;;;;;;;;;;;;;;;
France;Données consolidées;2024-01-15;04:45;2024-01-15T04:45:00+01:00;;64400;61350;;;;;;;;;;;;;;;;;;;;;;;;;;;;;
France;Données consolidées;2024-01-15;05:30;2024-01-15T05:30:00+01:00;64214;66500;63500;103;18;3833;51486;2677;0;7674;-2544;1115;-61;30;-774;2496;-4693;-2385;5183;15;67;21;93;1267;1352;1122;5416;2252;6;454;316;345
France;Données consolidées;2024-01-15;05:45;2024-01-15T05:45:00+01:00;;67500;64600;;;;;;;;;;;;;;;;;;;;;;;;;;;;;
France;Données consolidées;2024-01-15;06:30;2024-01-15T06:30:00+01:00;69501;71800;68800;105;36;5195;51523;2976;0;9128;-1743;1100;1266;36;399;1900;-4643;-1885;5628;15;69;21;98;1305;2658;1135;5657;3368;104;452;302;346
France;Données consolidées;2024-01-15;09:00;2024-01-15T09:00:00+01:00;78189;79500;76700;107;507;8586;51323;3887;270;12144;-17;1094;390;53;1177;-42;-3943;-1249;3447;15;71;21;101;1446;5859;1181;6340;5048;756;437;313;344
France;Données consolidées;2024-01-15;09:15;2024-01-15T09:15:00+01:00;;79700;76900;;;;;;;;;;;;;;;;;;;;;;;;;;;;;
France;Données consolidées;2024-01-15;11:00;2024-01-15T11:00:00+01:00;78016;80000;76200;107;534;8269;51373;3989;2653;11664;-62;1072;-1481;50;1240;-683;-3943;-2385;3174;15;70;21;98;1474;5517;1179;6489;4859;315;423;312;336
France;Données consolidées;2024-01-15;11:30;2024-01-15T11:30:00+01:00;77644;80200;76200;107;402;8224;51445;4110;3227;11862;-70;1081;-2651;48;1240;-683;-3943;-2385;3479;15;70;21;98;1475;5466;1184;6483;5014;365;432;310;338
France;Données consolidées;2024-01-15;12:15;2024-01-15T12:15:00+01:00;;79650;75950;;;;;;;;;;;;;;;;;;;;;;;;;;;;;
France;Données consolidées;2024-01-15;14:30;2024-01-15T14:30:00+01:00;72872;75800;71200;106;359;6859;51621;5275;3563;10351;-60;1104;-6209;42;678;-1204;-3838;-1895;528;15;70;21;105;1493;4070;1191;6211;4072;67;446;309;348
France;Données consolidées;2024-01-15;15:00;2024-01-15T15:00:00+01:00;72564;74900;70600;106;359;7294;51595;5190;3009;10361;-16;1121;-6337;45;1209;646;-4122;-2250;-2029;15;70;21;106;1466;4528;1194;6228;3913;221;452;322;347
France;Données consolidées;2024-01-15;17:15;2024-01-15T17:15:00+01:00;;74850;70350;;;;;;;;;;;;;;;;;;;;;;;;;;;;;
France;Données consolidées;2024-01-15;19:45;2024-01-15T19:45:00+01:00;;78950;75100;;;;;;;;;;;;;;;;;;;;;;;;;;;;;
France;Données consolidées;2024-01-15;20:15;2024-01-15T20:15:00+01:00;;77000;73300;;;;;;;;;;;;;;;;;;;;;;;;;;;;;
France;Données consolidées;2024-01-15;22:00;2024-01-15T22:00:00+01:00;70457;71000;67900;102;498;7426;51607;2411;0;11843;-15;1120;-4425;49;21;0;-3760;-1699;2332;15;66;21;103;1369;4777;1177;6750;4480;613;451;323;346
France;Données consolidées;2024-01-16;00:30;2024-01-16T00:30:00+01:00;69684;67500;68200;105;367;7078;51574;2153;0;9309;-827;1114;-1077;49;1245;2378;-4202;-2357;1034;15;68;21;98;1331;4477;1173;5680;3622;7;442;325;346
France;Données consolidées;2024-01-16;01:15;2024-01-16T01:15:00+01:00;;66500;66900;;;;;;;;;;;;;;;;;;;;;;;;;;;;;
France;Données consolidées;2024-01-16;03:30;2024-01-16T03:30:00+01:00;66193;64200;65100;103;366;6911;51554;1707;0;9125;-1721;1136;-2878;49;432;2400;-3336;-2385;-667;15;67;21;99;1329;4311;1172;5757;3360;7;463;328;345
France;Données consolidées;2024-01-16;04:45;2024-01-16T04:45:00+01:00;;63550;64550;;;;;;;;;;;;;;;;;;;;;;;;;;;;;
France;Données consolidées;2024-01-16;10:30;2024-01-16T10:30:00+01:00;80886;79500;79800;89;595;8857;51399;1485;2419;14678;-15;1072;418;53;778;1350;-496;-341;-1378;0;68;21;102;1477;6101;1177;6741;5752;2186;436;311;325
France;Données consolidées;2024-01-16;10:45;2024-01-16T10:45:00+01:00;;79100;79250;;;;;;;;;;;;;;;;;;;;;;;;;;;;;
France;Données consolidées;2024-01-16;12:45;2024-01-16T12:45:00+01:00;;76050;74800;;;;;;;;;;;;;;;;;;;;;;;;;;;;;
France;Données consolidées;2024-01-16;14:45;2024-01-16T14:45:00+01:00;;72650;72100;;;;;;;;;;;;;;;;;;;;;;;;;;;;;
France;Données consolidées;2024-01-16;15:00;2024-01-16T15:00:00+01:00;73365;72500;71900;90;491;8052;51360;641;3280;11296;-603;1111;-2253;52;504;2000;-3536;-2308;-689;0;71;21;103;1474;5254;1221;6461;4441;394;444;328;339
France;Données consolidées;2024-01-16;16:00;2024-01-16T16:00:00+01:00;72728;71600;70700;95;547;8432;51303;759;1579;13084;-16;1104;-4071;53;269;2000;-3403;-1803;-2466;0;75;22;103;1415;5685;1229;6735;5368;981;438;325;341
France;Données consolidées;2024-01-16;17:15;2024-01-16T17:15:00+01:00;;72700;71600;;;;;;;;;;;;;;;;;;;;;;;;;;;;;
France;Données consolidées;2024-01-16;18:00;2024-01-16T18:00:00+01:00;76914;76100;75100;99;539;8558;51289;1828;0;16665;-15;1121;-3059;52;161;1700;-3022;227;105;8;70;21;103;1417;5815;1223;7350;6288;3026;442;327;351
France;Données consolidées;2024-01-16;19:00;2024-01-16T19:00:00+01:00;80601;80000;79000;106;571;8493;51310;2743;0;16772;-15;1140;-425;51;364;1700;-3401;-664;900;15;70;21;135;1505;5625;1228;7385;6216;3171;448;335;356
France;Données consolidées;2024-01-16;19:15;2024-01-16T19:15:00+01:00;;79450;78450;;;;;;;;;;;;;;;;;;;;;;;;;;;;;
France;Données consolidées;2024-01-16;19:30;2024-01-16T19:30:00+01:00;80030;78900;77900;106;602;8581;51350;3128;0;16214;-15;1125;-958;52;364;1700;-3401;-664;424;14;70;21;138;1507;5707;1229;7374;6006;2834;448;326;350
France;Données consolidées;2024-01-16;20:15;2024-01-16T20:15:00+01:00;;76000;75000;;;;;;;;;;;;;;;;;;;;;;;;;;;;;
France;Données consolidées;2024-01-16;20:30;2024-01-16T20:30:00+01:00;76117;75100;74100;107;577;8392;51336;3854;0;13028;-15;1125;-2190;53;550;1700;-4156;-1674;1181;15;71;21;138;1445;5622;1187;6880;5474;674;449;323;352
France;Données consolidées;2024-01-16;21:15;2024-01-16T21:15:00+01:00;;72050;71000;;;;;;;;;;;;;;;;;;;;;;;;;;;;;
France;Données consolidées;2024-01-17;00:30;2024-01-17T00:30:00+01:00;68568;67300;66600;100;365;6284;51302;4706;0;9768;-1670;1132;-3310;44;735;2728;-3829;-2385;-460;12;67;21;130;1313;3684;1157;6023;3738;7;449;330;353
France;Données consolidées;2024-01-17;00:45;2024-01-17T00:45:00+01:00;;66550;65450;;;;;;;;;;;;;;;;;;;;;;;;;;;;;
France;Données consolidées;2024-01-17;01:00;2024-01-17T01:00:00+01:00;66101;65800;64300;100;364;5338;51241;4842;0;8535;-1815;1139;-3540;40;860;2728;-3829;-2385;-1079;13;66;21;125;1310;2752;1151;5831;2696;7;455;332;352
France;Données consolidées;2024-01-17;01:30;2024-01-17T01:30:00+01:00;66323;66300;65400;101;365;5342;51242;4993;0;8906;-1756;1144;-3911;40;860;2728;-3829;-2385;-1025;12;68;21;125;1310;2758;1148;5729;3170;7;459;331;354
France;Données consolidées;2024-01-17;02:00;2024-01-17T02:00:00+01:00;66077;66100;65400;102;365;4992;51290;5148;0;8675;-1756;1136;-3773;39;242;2728;-3829;-2385;-1036;13;69;21;125;1314;2404;1149;5696;2971;7;460;324;352
France;Données consolidées;2024-01-17;03:30;2024-01-17T03:30:00+01:00;63109;62700;61500;103;364;5320;50808;5332;0;8218;-1895;1125;-6164;41;-297;2728;-4283;-2385;-1992;12;70;21;123;1308;2748;1141;5755;2455;7;459;315;351
France;Données consolidées;2024-01-17;04:00;2024-01-17T04:00:00+01:00;62013;61900;60600;104;364;5247;50572;5332;0;7994;-1891;1123;-6724;41;-973;2728;-4283;-2385;-3100;12;70;21;118;1308;2677;1143;5787;2200;7;460;314;348
France;Données consolidées;2024-01-17;05:45;2024-01-17T05:45:00+01:00;;65000;62650;;;;;;;;;;;;;;;;;;;;;;;;;;;;;
France;Données consolidées;2024-01-17;06:00;2024-01-17T06:00:00+01:00;64470;65900;63400;104;346;5830;51066;5833;0;8516;-1169;1119;-7080;42;-355;2150;-4283;-2385;-1577;13;70;21;125;1320;3239;1146;5903;2607;7;449;321;348
France;Données consolidées;2024-01-17;07:15;2024-01-17T07:15:00+01:00;;72500;69400;;;;;;;;;;;;;;;;;;;;;;;;;;;;;
France;Données consolidées;2024-01-17;07:30;2024-01-17T07:30:00+01:00;72177;73700;70400;102;340;7273;51051;6673;0;11569;-16;1110;-5841;45;-95;2150;-3943;-2385;-1257;12;69;21;127;1357;4644;1146;6700;4626;243;444;320;345
France;Données consolidées;2024-01-17;08:45;2024-01-17T08:45:00+01:00;;77100;73150;;;;;;;;;;;;;;;;;;;;;;;;;;;;;
France;Données consolidées;2024-01-17;09:15;2024-01-17T09:15:00+01:00;;77250;73500;;;;;;;;;;;;;;;;;;;;;;;;;;;;;
France;Données consolidées;2024-01-17;11:15;2024-01-17T11:15:00+01:00;;76950;74000;;;;;;;;;;;;;;;;;;;;;;;;;;;;;
France;Données consolidées;2024-01-17;16:30;2024-01-17T16:30:00+01:00;69964;68700;67400;102;336;7013;50660;10295;840;10304;-226;1131;-10343;42;-3014;2250;-3955;-2064;-3362;14;66;21;141;1360;4354;1159;6826;3404;74;443;334;353
France;Données consolidées;2024-01-17;16:45;2024-01-17T16:45:00+01:00;;68950;67200;;;;;;;;;;;;;;;;;;;;;;;;;;;;;
France;Données consolidées;2024-01-17;18:15;2024-01-17T18:15:00+01:00;;74250;71050;;;;;;;;;;;;;;;;;;;;;;;;;;;;;
France;Données consolidées;2024-01-17;19:00;2024-01-17T19:00:00+01:00;75214;76500;73300;102;338;8139;50630;8975;0;16114;-15;1144;-10115;44;-2984;1900;-4315;-2385;-2333;14;66;21;144;1369;5460;1167;7703;5400;3011;452;333;358
France;Données consolidées;2024-01-17;19:45;2024-01-17T19:45:00+01:00;;74400;71300;;;;;;;;;;;;;;;;;;;;;;;;;;;;;
France;Données consolidées;2024-01-17;21:00;2024-01-17T21:00:00+01:00;67970;69100;66100;106;292;7961;50616;6916;0;11979;-16;1132;-10910;47;-2954;1900;-4325;-2185;-4169;14;71;21;141;1356;5317;1147;7292;4314;373;451;328;353
France;Données consolidées;2024-01-17;22:15;2024-01-17T22:15:00+01:00;;66450;63500;;;;;;;;;;;;;;;;;;;;;;;;;;;;;
France;Données consolidées;2024-01-17;23:15;2024-01-17T23:15:00+01:00;;67800;64900;;;;;;;;;;;;;;;;;;;;;;;;;;;;;
France;Données consolidées;2024-01-17;23:30;2024-01-17T23:30:00+01:00;65096;67300;64400;107;287;8006;50706;6438;0;9943;-193;1166;-11261;48;-1931;1900;-3665;-2385;-4649;14;72;21;101;1274;5501;1130;6796;3095;52;472;339;354
France;Données consolidées;2024-01-18;00:00;2024-01-18T00:00:00+01:00;64484;63000;62600;110;203;7557;50703;6614;0;9503;-393;1158;-10867;46;-2022;2400;-3800;-2385;-6045;14;75;21;101;1277;5052;1128;6789;2658;56;472;333;353
France;Données consolidées;2024-01-18;01:15;2024-01-18T01:15:00+01:00;;60200;59950;;;;;;;;;;;;;;;;;;;;;;;;;;;;;
France;Données consolidées;2024-01-18;02:00;2024-01-18T02:00:00+01:00;61310;60900;60400;108;14;5241;50274;7519;0;9529;-326;1165;-12106;33;-2561;2400;-3669;-2385;-6650;14;73;21;97;1255;2765;1124;6571;2858;101;482;334;348
France;Données consolidées;2024-01-18;02:30;2024-01-18T02:30:00+01:00;61222;59700;59000;110;14;5238;50571;7873;0;9423;-443;1169;-12626;33;-2561;2400;-3669;-2385;-6765;14;75;21;96;1239;2792;1110;6564;2735;123;480;339;349
France;Données consolidées;2024-01-18;03:30;2024-01-18T03:30:00+01:00;59082;57500;56700;108;13;4684;50638;7809;0;9304;-1035;1166;-13490;31;-2790;2400;-3881;-2385;-6918;14;73;21;97;1247;2227;1113;6546;2750;8;480;338;349
France;Données consolidées;2024-01-18;04:15;2024-01-18T04:15:00+01:00;;56500;55750;;;;;;;;;;;;;;;;;;;;;;;;;;;;;
France;Données consolidées;2024-01-18;04:30;2024-01-18T04:30:00+01:00;57790;56500;55400;108;0;4501;50464;8390;0;8560;-1819;1161;-13471;30;-2863;2350;-3884;-2385;-7196;14;73;21;93;1242;2050;1116;6566;1987;8;475;335;350
France;Données consolidées;2024-01-18;05:00;2024-01-18T05:00:00+01:00;57924;56800;56000;109;1;4671;50515;8711;0;8654;-2116;1161;-13668;31;-2983;2350;-3884;-2385;-5640;14;74;21;93;1222;2238;1119;6578;2068;8;476;338;348
France;Données consolidées;2024-01-18;05:15;2024-01-18T05:15:00+01:00;;57800;56950;;;;;;;;;;;;;;;;;;;;;;;;;;;;;
France;Données consolidées;2024-01-18;05:30;2024-01-18T05:30:00+01:00;59745;58800;57900;107;0;4777;50634;8995;0;8567;-1917;1155;-12485;31;-2983;2350;-3884;-2385;-5401;14;72;21;93;1204;2360;1120;6632;1927;7;471;338;345
France;Données consolidées;2024-01-18;07:00;2024-01-18T07:00:00+01:00;67234;66300;66100;107;0;6838;50885;8394;0;10459;-16;1127;-10451;38;-2400;2000;-3632;-2109;-3480;14;72;21;102;1262;4355;1119;6949;3279;231;457;334;335
France;Données consolidées;2024-01-18;09:45;2024-01-18T09:45:00+01:00;;71900;72000;;;;;;;;;;;;;;;;;;;;;;;;;;;;;
France;Données consolidées;2024-01-18;14:15;2024-01-18T14:15:00+01:00;;67250;68400;;;;;;;;;;;;;;;;;;;;;;;;;;;;;
France;Données consolidées;2024-01-18;16:45;2024-01-18T16:45:00+01:00;;66500;66650;;;;;;;;;;;;;;;;;;;;;;;;;;;;;
France;Données consolidées;2024-01-18;17:30;2024-01-18T17:30:00+01:00;70420;68400;69000;108;0;8647;51270;4067;75;13964;-15;1129;-8738;46;-1716;2300;-3689;-1257;-4048;14;75;18;150;1315;6016;1166;7319;4582;2064;472;322;335
France;Données consolidées;2024-01-18;18:00;2024-01-18T18:00:00+01:00;73301;71400;72200;108;0;8672;51295;4080;0;15491;-15;1122;-7370;45;-609;374;-3386;-1022;-1609;14;75;19;150;1317;6037;1168;7459;5093;2939;470;315;336
France;Données consolidées;2024-01-18;19:45;2024-01-18T19:45:00+01:00;;73250;73550;;;;;;;;;;;;;;;;;;;;;;;;;;;;;
France;Données consolidées;2024-01-18;23:00;2024-01-18T23:00:00+01:00;70932;69000;68500;104;0;8217;51414;3958;0;9895;-15;1145;-3682;47;-745;-93;-3177;-2385;3079;14;70;21;148;1261;5668;1140;6766;2819;311;491;322;332
France;Données consolidées;2024-01-19;00:00;2024-01-19T00:00:00+01:00;69836;66700;68500;105;2;8001;50452;3415;0;9382;-15;1157;-2549;47;384;-732;-3690;-2385;3980;13;70;21;141;1260;5458;1141;6418;2631;333;503;330;324
France;Données consolidées;2024-01-19;04:00;2024-01-19T04:00:00+01:00;64770;61200;64000;108;0;5438;50344;1951;0;8372;-1708;1173;-807;38;488;2400;-3569;-2385;2092;13;74;21;110;1221;2972;1134;6018;2346;7;509;338;326
France;Données consolidées;2024-01-19;05:15;2024-01-19T05:15:00+01:00;;62400;65800;;;;;;;;;;;;;;;;;;;;;;;;;;;;;
France;Données consolidées;2024-01-19;06:30;2024-01-19T06:30:00+01:00;72868;68400;72200;106;0;7095;50405;1952;0;9313;-738;1152;3653;45;1817;1650;-3802;-2385;5374;13;72;20;148;1275;4524;1149;6604;2702;7;494;335;322
France;Données consolidées;2024-01-19;06:45;2024-01-19T06:45:00+01:00;;69800;73950;;;;;;;;;;;;;;;;;;;;;;;;;;;;;
France;Données consolidées;2024-01-19;08:15;2024-01-19T08:15:00+01:00;;76150;80700;;;;;;;;;;;;;;;;;;;;;;;;;;;;;
France;Données consolidées;2024-01-19;08:30;2024-01-19T08:30:00+01:00;81777;76400;81200;109;0;8874;50278;1824;25;15757;-15;1144;3871;48;1998;1400;-3395;609;2976;13;74;21;151;1389;6110;1225;6955;5308;3493;495;327;321
France;Données consolidées;2024-01-19;08:45;2024-01-19T08:45:00+01:00;;76450;81450;;;;;;;;;;;;;;;;;;;;;;;;;;;;;
France;Données consolidées;2024-01-19;10:30;2024-01-19T10:30:00+01:00;81802;75600;80600;1272;0;8902;50389;1374;3119;14323;-14;1137;1418;58;402;1400;-3817;692;3285;1182;69;21;155;1432;6097;1217;6943;4861;2519;493;321;323
France;Données consolidées;2024-01-19;15:00;2024-01-19T15:00:00+01:00;73504;68800;72200;108;0;8465;51071;1677;4525;8600;-729;1136;-1257;48;1244;1700;-4092;-2385;1489;13;74;21;155;1375;5696;1239;6306;2287;7;480;322;334
France;Données consolidées;2024-01-19;15:30;2024-01-19T15:30:00+01:00;72970;68200;71200;107;0;8566;51145;1814;3823;8495;-496;1121;-1498;49;1244;1700;-4092;-2385;1413;13;73;21;155;1340;5833;1238;6066;2422;7;481;303;336
France;Données consolidées;2024-01-19;19:45;2024-01-19T19:45:00+01:00;;75400;78000;;;;;;;;;;;;;;;;;;;;;;;;;;;;;
France;Données consolidées;2024-01-19;20:30;2024-01-19T20:30:00+01:00;77532;73000;75700;104;1;8888;51332;3216;0;13013;-15;1168;-73;48;1440;-355;-4019;-1306;4548;13;73;18;151;1329;6247;1160;7124;4391;1498;503;336;329
France;Données consolidées;2024-01-19;21:00;2024-01-19T21:00:00+01:00;75665;71800;74500;108;0;8697;51357;3328;0;11067;-17;1160;73;49;1099;-209;-3876;-2384;4779;13;73;21;151;1325;6074;1147;6910;3484;673;505;326;328
France;Données consolidées;2024-01-20;00:00;2024-01-20T00:00:00+01:00;74094;72900;73200;109;2;8135;48935;3482;0;9981;-16;1163;2406;48;659;1800;-3191;-3200;5736;13;75;21;125;1278;5616;1116;6613;2983;384;506;330;326
France;Données consolidées;2024-01-20;00:15;2024-01-20T00:15:00+01:00;;72200;72450;;;;;;;;;;;;;;;;;;;;;;;;;;;;;
France;Données consolidées;2024-01-20;00:45;2024-01-20T00:45:00+01:00;;70600;70600;;;;;;;;;;;;;;;;;;;;;;;;;;;;;
France;Données consolidées;2024-01-20;01:00;2024-01-20T01:00:00+01:00;70889;69700;69500;108;1;7222;48379;3445;0;9359;-559;1162;1880;46;633;1800;-3074;-2818;6811;13;74;21;111;1278;4714;1119;6465;2657;237;506;328;328
France;Données consolidées;2024-01-20;02:00;2024-01-20T02:00:00+01:00;71342;71100;71100;108;2;6597;48301;3325;0;8958;-63;1158;3056;43;808;1800;-2889;-3200;7337;13;74;21;111;1260;4112;1114;6305;2492;161;510;325;323
France;Données consolidées;2024-01-20;02:15;2024-01-20T02:15:00+01:00;;70550;70500;;;;;;;;;;;;;;;;;;;;;;;;;;;;;
France;Données consolidées;2024-01-20;02:45;2024-01-20T02:45:00+01:00;;69200;69200;;;;;;;;;;;;;;;;;;;;;;;;;;;;;
France;Données consolidées;2024-01-20;06:15;2024-01-20T06:15:00+01:00;;67800;68150;;;;;;;;;;;;;;;;;;;;;;;;;;;;;
France;Données consolidées;2024-01-20;06:30;2024-01-20T06:30:00+01:00;69664;68500;68900;107;2;5191;47837;2990;0;9200;-436;1158;3707;37;2274;1800;-3137;-3151;6051;13;73;21;146;1233;2701;1111;6337;2855;7;503;336;318
France;Données consolidées;2024-01-20;06:45;2024-01-20T06:45:00+01:00;;69100;69500;;;;;;;;;;;;;;;;;;;;;;;;;;;;;
France;Données consolidées;2024-01-20;07:30;2024-01-20T07:30:00+01:00;72717;71200;71500;108;2;6863;47916;2924;0;10459;-355;1158;3727;44;2690;1058;-3232;-2900;5839;13;74;21;146;1270;4327;1121;6574;3478;408;498;341;318
France;Données consolidées;2024-01-20;08:00;2024-01-20T08:00:00+01:00;73897;72400;73200;107;2;7357;47960;2903;0;11313;-354;1162;3534;45;2280;-1256;-3340;-1718;6238;13;73;21;146;1272;4810;1129;6708;3998;607;503;340;318
France;Données consolidées;2024-01-20;08:30;2024-01-20T08:30:00+01:00;75401;73800;74600;108;2;8260;47979;2870;56;12705;-17;1159;2349;48;2280;-1256;-3340;-1698;6114;13;73;21;151;1264;5712;1132;6907;4968;830;503;338;318
France;Données consolidées;2024-01-20;09:00;2024-01-20T09:00:00+01:00;77000;75100;75900;108;2;8668;47998;2801;545;13750;-15;1149;2076;49;2285;-1192;-3342;-423;5257;13;75;21;151;1263;6123;1131;6909;5161;1679;499;333;315
France;Données consolidées;2024-01-20;09:15;2024-01-20T09:15:00+01:00;;75600;76500;;;;;;;;;;;;;;;;;;;;;;;;;;;;;
France;Données consolidées;2024-01-20;10:00;2024-01-20T10:00:00+01:00;78620;76400;77800;107;2;8341;47933;2645;3168;13144;-16;1154;2252;46;786;458;-3434;-1315;4471;13;73;21;151;1262;5804;1124;6920;4779;1446;496;339;318
France;Données consolidées;2024-01-20;11:30;2024-01-20T11:30:00+01:00;77129;75200;76000;108;2;8443;47284;2136;7253;11378;-15;1163;-527;46;111;582;-3256;-1265;3769;13;73;21;151;1254;5925;1113;6857;4254;267;498;340;325
France;Données consolidées;2024-01-20;12:15;2024-01-20T12:15:00+01:00;;74400;75000;;;;;;;;;;;;;;;;;;;;;;;;;;;;;
France;Données consolidées;2024-01-20;13:30;2024-01-20T13:30:00+01:00;71982;69600;69900;106;2;6858;48184;1803;9629;9648;-993;1158;-4310;40;-1722;-655;-1966;-3200;3048;13;72;21;118;1249;4382;1109;6497;3082;69;501;328;328
France;Données consolidées;2024-01-20;14:00;2024-01-20T14:00:00+01:00;70280;68300;68700;106;2;6665;48204;1736;9441;8770;-1025;1168;-4689;39;-1344;-252;-2537;-3200;2494;13;72;21;118;1248;4190;1110;6483;2281;7;501;337;330
France;Données consolidées;2024-01-20;14:45;2024-01-20T14:45:00+01:00;;67150;67000;;;;;;;;;;;;;;;;;;;;;;;;;;;;;
France;Données consolidées;2024-01-20;15:30;2024-01-20T15:30:00+01:00;67840;65700;66000;106;2;7768;48175;1801;6466;9336;-687;1183;-6224;45;-1385;900;-3387;-2500;-614;14;72;21;118;1253;5287;1109;6388;2844;104;514;338;331
France;Données consolidées;2024-01-20;18:00;2024-01-20T18:00:00+01:00;72475;69300;71900;107;2;8447;48392;3933;8;15676;-14;1181;-5163;46;177;0;-3745;-1208;682;13;72;21;151;1257;5921;1118;6946;5523;3207;511;336;333
France;Données consolidées;2024-01-20;20:45;2024-01-20T20:45:00+01:00;;70250;72934;;;;;;;;;;;;;;;;;;;;;;;;;;;;;
France;Données consolidées;2024-01-21;00:00;2024-01-21T00:00:00+01:00;73992;72000;72000;106;3;5212;48380;10783;0;9224;-15;1154;-750;32;176;-781;-2504;-3200;4031;13;72;21;115;1233;2778;1086;6282;2792;150;488;338;328
France;Données consolidées;2024-01-21;00:15;2024-01-21T00:15:00+01:00;;71400;71450;;;;;;;;;;;;;;;;;;;;;;;;;;;;;
France;Données consolidées;2024-01-21;03:00;2024-01-21T03:00:00+01:00;68543;66400;66800;108;3;3387;48251;11902;0;8985;-639;1178;-4518;24;347;-1400;-3366;-3200;2551;13;74;21;110;1048;1144;1084;5870;2883;231;490;360;328
France;Données consolidées;2024-01-21;03:15;2024-01-21T03:15:00+01:00;;65950;66250;;;;;;;;;;;;;;;;;;;;;;;;;;;;;
France;Données consolidées;2024-01-21;03:30;2024-01-21T03:30:00+01:00;67357;65500;65700;106;2;3408;48261;11766;0;8429;-717;1190;-4988;25;347;-1400;-3366;-3200;2494;13;73;21;111;1046;1170;1082;5874;2311;243;499;365;327
France;Données consolidées;2024-01-21;05:00;2024-01-21T05:00:00+01:00;64685;62500;63200;107;2;2790;48495;11296;0;7994;-1734;1184;-5345;22;1049;-1400;-3405;-3172;1767;13;73;21;110;1044;553;1082;5685;2302;7;495;364;324
France;Données consolidées;2024-01-21;06:15;2024-01-21T06:15:00+01:00;;62950;63700;;;;;;;;;;;;;;;;;;;;;;;;;;;;;
France;Données consolidées;2024-01-21;06:30;2024-01-21T06:30:00+01:00;65466;63200;64000;107;2;2955;47988;11586;0;7861;-2638;1174;-3461;24;1115;-1400;-3401;-3133;3081;13;74;21;110;1053;706;1085;5614;2239;7;493;356;325
France;Données consolidées;2024-01-21;06:45;2024-01-21T06:45:00+01:00;;63550;64250;;;;;;;;;;;;;;;;;;;;;;;;;;;;;
France;Données consolidées;2024-01-21;08:30;2024-01-21T08:30:00+01:00;67804;65500;66200;107;2;2817;47875;12348;88;8839;-1415;1178;-3931;22;-90;-1465;-3215;-3200;4136;13;73;21;110;1056;565;1086;5668;2818;353;496;361;320
France;Données consolidées;2024-01-21;09:30;2024-01-21T09:30:00+01:00;69893;68100;68300;107;0;2836;47939;12427;1284;8901;-864;1160;-3791;21;-1972;-414;-3215;-3200;4778;13;73;21;109;1072;570;1085;5780;2385;736;483;354;323
France;Données consolidées;2024-01-21;11:15;2024-01-21T11:15:00+01:00;;69400;70300;;;;;;;;;;;;;;;;;;;;;;;;;;;;;
France;Données consolidées;2024-01-21;14:30;2024-01-21T14:30:00+01:00;65298;61200;62600;105;0;2388;47553;12271;5499;7046;-2891;1158;-7731;19;-2417;1400;-3262;-2716;-1029;14;70;21;109;1048;162;1068;5310;1730;7;465;365;327
France;Données consolidées;2024-01-21;15:00;2024-01-21T15:00:00+01:00;64514;60400;62300;104;0;2339;47648;12417;4949;7232;-2903;1136;-8303;19;-2413;1400;-3639;-3200;-1263;14;70;21;109;1050;110;1069;5349;1876;7;457;349;330
France;Données consolidées;2024-01-21;15:15;2024-01-21T15:15:00+01:00;;59950;61800;;;;;;;;;;;;;;;;;;;;;;;;;;;;;
France;Données consolidées;2024-01-21;16:30;2024-01-21T16:30:00+01:00;62330;58300;59700;104;0;2403;48054;13382;1979;7520;-2315;1190;-9891;20;-2413;1400;-3646;-3200;-2703;13;70;21;107;1047;174;1076;5485;2027;7;480;373;338
France;Données consolidées;2024-01-21;19:00;2024-01-21T19:00:00+01:00;71070;68200;69600;104;0;2442;49416;15405;0;11301;-14;1173;-8655;18;-2414;-2300;-3833;-3200;2100;13;71;21;145;1050;180;1068;6086;3262;1953;470;368;335
France;Données consolidées;2024-01-21;20:15;2024-01-21T20:15:00+01:00;;66250;67250;;;;;;;;;;;;;;;;;;;;;;;;;;;;;
France;Données consolidées;2024-01-21;20:30;2024-01-21T20:30:00+01:00;68713;65600;66400;104;0;2372;50077;16070;0;9588;-15;1166;-10543;18;-2614;-2300;-3833;-3200;1614;13;71;21;144;1063;113;1053;6266;2329;992;479;357;330
France;Données consolidées;2024-01-21;20:45;2024-01-21T20:45:00+01:00;;65100;66000;;;;;;;;;;;;;;;;;;;;;;;;;;;;;
France;Données consolidées;2024-01-22;00:15;2024-01-22T00:15:00+01:00;;62800;62950;;;;;;;;;;;;;;;;;;;;;;;;;;;;;
France;Données consolidées;2024-01-22;00:30;2024-01-22T00:30:00+01:00;64327;62100;62200;106;0;2325;49033;16478;0;7050;-2926;1164;-8792;19;-2026;-1700;-3257;-3200;1094;13;72;21;109;1018;151;1046;5421;1623;7;478;358;327
France;Données consolidées;2024-01-22;00:45;2024-01-22T00:45:00+01:00;;61300;61250;;;;;;;;;;;;;;;;;;;;;;;;;;;;;
France;Données consolidées;2024-01-22;01:15;2024-01-22T01:15:00+01:00;;60600;60450;;;;;;;;;;;;;;;;;;;;;;;;;;;;;
France;Données consolidées;2024-01-22;02:30;2024-01-22T02:30:00+01:00;61667;59700;59800;102;0;2352;46925;16811;0;6756;-3148;1160;-9190;20;-2515;-1600;-3257;-3200;1259;13;71;17;109;1023;176;1044;5300;1449;7;483;357;319
France;Données consolidées;2024-01-22;02:45;2024-01-22T02:45:00+01:00;;59000;58950;;;;;;;;;;;;;;;;;;;;;;;;;;;;;
France;Données consolidées;2024-01-22;03:00;2024-01-22T03:00:00+01:00;60338;58300;58100;103;0;2312;46373;16831;0;6442;-3146;1155;-9607;20;-2500;-1600;-3257;-3200;47;13;71;18;109;1022;136;1045;5244;1190;7;477;358;319
France;Données consolidées;2024-01-22;04:00;2024-01-22T04:00:00+01:00;57936;56300;56200;103;0;2352;45534;16843;0;6318;-3390;1160;-10874;20;-2289;-1600;-3257;-3200;-1264;13;71;18;109;1023;169;1051;5199;1112;7;482;357;320
France;Données consolidées;2024-01-22;05:00;2024-01-22T05:00:00+01:00;57727;57000;56900;105;0;2370;46038;16830;0;6344;-3409;1160;-11605;20;-1863;-1600;-3257;-3200;-902;13;71;21;109;1020;188;1053;5224;1113;7;484;356;320
France;Données consolidées;2024-01-22;05:30;2024-01-22T05:30:00+01:00;60082;58500;58500;105;0;2363;47497;16867;0;6432;-3177;1153;-11058;20;-1863;-1600;-3257;-3200;-1009;13;72;20;109;1013;188;1053;5266;1159;7;481;354;318
France;Données consolidées;2024-01-22;06:00;2024-01-22T06:00:00+01:00;61463;60400;60200;106;0;2367;48309;16820;0;6541;-2734;1153;-10993;19;-1283;-1229;-3257;-3200;-592;13;73;20;112;1028;175;1052;5370;1164;7;483;354;316
France;Données consolidées;2024-01-22;07:15;2024-01-22T07:15:00+01:00;;67750;67650;;;;;;;;;;;;;;;;;;;;;;;;;;;;;
France;Données consolidées;2024-01-22;08:15;2024-01-22T08:15:00+01:00;;70750;70650;;;;;;;;;;;;;;;;;;;;;;;;;;;;;
France;Données consolidées;2024-01-22;10:45;2024-01-22T10:45:00+01:00;;71500;70650;;;;;;;;;;;;;;;;;;;;;;;;;;;;;
France;Données consolidées;2024-01-22;11:30;2024-01-22T11:30:00+01:00;72110;71200;70300;104;0;2384;50447;16532;3196;8344;-510;1132;-9414;17;-2014;1750;-3387;-3200;-2448;13;72;20;146;1045;194;999;6031;2237;76;459;344;329
France;Données consolidées;2024-01-22;14:15;2024-01-22T14:15:00+01:00;;66800;66200;;;;;;;;;;;;;;;;;;;;;;;;;;;;;
France;Données consolidées;2024-01-22;14:30;2024-01-22T14:30:00+01:00;68509;66500;65900;102;1;2299;50398;15991;3003;8313;-1867;1144;-10782;17;-3014;1950;-3881;-3200;-2470;13;68;21;146;1020;107;1025;5623;2552;138;477;329;337
France;Données consolidées;2024-01-22;15:15;2024-01-22T15:15:00+01:00;;65500;64800;;;;;;;;;;;;;;;;;;;;;;;;;;;;;
France;Données consolidées;2024-01-22;16:15;2024-01-22T16:15:00+01:00;;64100;63300;;;;;;;;;;;;;;;;;;;;;;;;;;;;;
France;Données consolidées;2024-01-22;17:15;2024-01-22T17:15:00+01:00;;65400;64550;;;;;;;;;;;;;;;;;;;;;;;;;;;;;
France;Données consolidées;2024-01-22;17:45;2024-01-22T17:45:00+01:00;;67500;66600;;;;;;;;;;;;;;;;;;;;;;;;;;;;;
France;Données consolidées;2024-01-22;18:30;2024-01-22T18:30:00+01:00;71032;70700;69700;103;0;2689;49096;15116;0;12432;-71;1130;-9362;19;-3009;-864;-4178;-2736;1768;13;69;21;147;1107;376;1059;6747;4185;1501;473;314;343
France;Données consolidées;2024-01-22;19:30;2024-01-22T19:30:00+01:00;72409;71700;70600;102;0;2595;49156;15295;0;13935;-57;1129;-9641;18;-2964;-2011;-4178;-3200;2678;13;68;21;148;1046;333;1068;6729;4894;2312;475;308;345
France;Données consolidées;2024-01-22;20:30;2024-01-22T20:30:00+01:00;68402;67800;66600;102;0;2552;49170;14780;0;11732;-14;1162;-10963;19;-3014;-2150;-4178;-3200;2358;13;68;21;145;1027;330;1050;6371;3826;1536;472;344;345
France;Données consolidées;2024-01-23;02:30;2024-01-23T02:30:00+01:00;58955;59000;57500;104;0;2346;46628;12834;0;6738;-2775;1171;-7994;21;-2597;-1800;-3893;-3200;3498;13;70;21;110;1015;185;1036;5398;1333;7;487;349;335
France;Données consolidées;2024-01-23;03:45;2024-01-23T03:45:00+01:00;;56150;54150;;;;;;;;;;;;;;;;;;;;;;;;;;;;;
France;Données consolidées;2024-01-23;05:00;2024-01-23T05:00:00+01:00;55236;56100;53300;103;0;2289;45256;10883;0;6800;-2700;1176;-8464;22;-889;-1500;-3830;-3200;2059;13;69;21;110;1008;133;1038;5365;1428;7;485;362;329
France;Données consolidées;2024-01-23;06:45;2024-01-23T06:45:00+01:00;;64400;62300;;;;;;;;;;;;;;;;;;;;;;;;;;;;;
France;Données consolidées;2024-01-23;07:30;2024-01-23T07:30:00+01:00;68010;68600;66200;103;1;3385;47701;8969;0;11460;-68;1148;-4598;24;-1374;-442;-3861;-1855;3648;13;69;21;149;1084;1104;1048;6354;4479;627;468;358;322
France;Données consolidées;2024-01-23;08:45;2024-01-23T08:45:00+01:00;;70500;67850;;;;;;;;;;;;;;;;;;;;;;;;;;;;;
France;Données consolidées;2024-01-23;11:30;2024-01-23T11:30:00+01:00;68843;70100;66700;97;0;4191;48241;8837;4633;10417;-358;1121;-8234;26;-2778;1500;-3861;-3200;29;13;68;16;148;1084;1954;1006;6425;3662;330;468;335;318
France;Données consolidées;2024-01-23;12:45;2024-01-23T12:45:00+01:00;;67950;64650;;;;;;;;;;;;;;;;;;;;;;;;;;;;;
France;Données consolidées;2024-01-23;13:30;2024-01-23T13:30:00+01:00;66077;66100;63500;103;0;3744;48673;11304;5530;7790;-1731;1156;-10369;25;-2518;1500;-4276;-3200;-1556;13;69;21;147;1065;1517;1015;5856;1928;7;474;351;331
France;Données consolidées;2024-01-23;16:15;2024-01-23T16:15:00+01:00;;63000;60200;;;;;;;;;;;;;;;;;;;;;;;;;;;;;
France;Données consolidées;2024-01-23;16:30;2024-01-23T16:30:00+01:00;63241;62600;60000;105;0;3662;47981;15138;1550;7775;-661;1178;-13374;24;-2630;1307;-4485;-3200;-4325;13;71;21;148;1101;1380;1033;5870;1801;104;478;355;344
France;Données consolidées;2024-01-23;17:00;2024-01-23T17:00:00+01:00;63352;63100;60700;106;1;3712;48081;15731;739;8084;-660;1187;-13525;25;-2589;-618;-4418;-3067;-4122;13;72;21;148;1099;1428;1038;5925;1915;245;491;353;343
France;Données consolidées;2024-01-23;17:15;2024-01-23T17:15:00+01:00;;63650;61300;;;;;;;;;;;;;;;;;;;;;;;;;;;;;
France;Données consolidées;2024-01-23;18:45;2024-01-23T18:45:00+01:00;;69250;67350;;;;;;;;;;;;;;;;;;;;;;;;;;;;;
France;Données consolidées;2024-01-23;20:30;2024-01-23T20:30:00+01:00;65351;65200;64100;101;0;3816;48217;17230;0;8959;-831;1197;-13227;24;-2716;-1400;-4485;-3200;-1149;13;70;18;114;1097;1575;1031;6134;2549;276;483;366;348
France;Données consolidées;2024-01-23;21:45;2024-01-23T21:45:00+01:00;;60250;59700;;;;;;;;;;;;;;;;;;;;;;;;;;;;;
France;Données consolidées;2024-01-23;22:15;2024-01-23T22:15:00+01:00;;59600;59300;;;;;;;;;;;;;;;;;;;;;;;;;;;;;
France;Données consolidées;2024-01-23;23:15;2024-01-23T23:15:00+01:00;;61200;61200;;;;;;;;;;;;;;;;;;;;;;;;;;;;;
France;Données consolidées;2024-01-23;23:45;2024-01-23T23:45:00+01:00;;59300;59150;;;;;;;;;;;;;;;;;;;;;;;;;;;;;
France;Données consolidées;2024-01-24;01:45;2024-01-24T01:45:00+01:00;;54700;54050;;;;;;;;;;;;;;;;;;;;;;;;;;;;;
France;Données consolidées;2024-01-24;02:15;2024-01-24T02:15:00+01:00;;54350;53550;;;;;;;;;;;;;;;;;;;;;;;;;;;;;
France;Données consolidées;2024-01-24;12:30;2024-01-24T12:30:00+01:00;63349;63500;60700;102;420;2254;47686;13579;5088;7931;-2185;1179;-12598;23;-3014;-1195;-4010;-3200;-1087;13;71;19;111;1029;114;1000;5936;1989;6;490;360;328
France;Données consolidées;2024-01-24;14:00;2024-01-24T14:00:00+01:00;60269;60700;58700;106;420;2263;46625;12475;5330;7601;-2240;1164;-13370;24;-3014;-502;-4010;-3200;-2498;13;72;21;111;1033;121;999;5791;1805;6;474;357;332
France;Données consolidées;2024-01-24;14:45;2024-01-24T14:45:00+01:00;;60450;58600;;;;;;;;;;;;;;;;;;;;;;;;;;;;;
France;Données consolidées;2024-01-24;16:15;2024-01-24T16:15:00+01:00;;57600;56050;;;;;;;;;;;;;;;;;;;;;;;;;;;;;
France;Données consolidées;2024-01-24;18:15;2024-01-24T18:15:00+01:00;;62750;60900;;;;;;;;;;;;;;;;;;;;;;;;;;;;;
France;Données consolidées;2024-01-24;21:45;2024-01-24T21:45:00+01:00;;57600;55950;;;;;;;;;;;;;;;;;;;;;;;;;;;;;
France;Données consolidées;2024-01-24;22:00;2024-01-24T22:00:00+01:00;55973;57100;55500;105;304;2329;48999;6335;0;9092;-15;1208;-12254;25;-3014;-1511;-3844;-3200;840;14;70;21;145;1043;118;1024;6482;2214;395;505;356;346
France;Données consolidées;2024-01-24;22:30;2024-01-24T22:30:00+01:00;56309;58900;57300;106;304;2364;48801;6042;0;8761;-15;1202;-11134;25;-3014;-1511;-3844;-3200;1185;14;71;21;144;1047;146;1027;6309;2099;353;498;362;342
France;Données consolidées;2024-01-24;23:15;2024-01-24T23:15:00+01:00;;59250;57750;;;;;;;;;;;;;;;;;;;;;;;;;;;;;
France;Données consolidées;2024-01-24;23:45;2024-01-24T23:45:00+01:00;;56950;55850;;;;;;;;;;;;;;;;;;;;;;;;;;;;;
France;Données consolidées;2024-01-25;00:00;2024-01-25T00:00:00+01:00;56365;55400;54700;107;302;2273;48587;5722;0;8417;-179;1204;-9972;25;-3014;-2498;-3581;-3200;2423;14;73;21;143;991;114;1025;6119;2078;219;508;353;343
France;Données consolidées;2024-01-25;00:45;2024-01-25T00:45:00+01:00;;53250;52450;;;;;;;;;;;;;;;;;;;;;;;;;;;;;
France;Données consolidées;2024-01-25;02:30;2024-01-25T02:30:00+01:00;52373;51800;50800;107;302;2268;47850;3812;0;8071;-2712;1219;-8439;28;-3014;-1404;-3444;-3200;1896;14;72;21;109;995;140;1024;5611;2453;6;524;351;344
France;Données consolidées;2024-01-25;03:00;2024-01-25T03:00:00+01:00;50961;50500;49700;103;302;2315;47937;3385;0;7772;-2991;1220;-8975;28;-3012;-1110;-3554;-3200;1427;14;68;21;109;995;187;1024;5488;2278;6;521;358;340
France;Données consolidées;2024-01-25;03:15;2024-01-25T03:15:00+01:00;;50000;49300;;;;;;;;;;;;;;;;;;;;;;;;;;;;;
France;Données consolidées;2024-01-25;03:30;2024-01-25T03:30:00+01:00;50056;49500;48900;105;302;2271;47982;3011;0;7656;-2987;1226;-9403;28;-3012;-1110;-3554;-3200;1067;14;70;21;109;995;141;1025;5430;2220;7;524;361;340
France;Données consolidées;2024-01-25;05:30;2024-01-25T05:30:00+01:00;50543;50400;49900;105;301;2880;48229;2328;0;8652;-1933;1202;-11121;31;-2993;-924;-3638;-3200;-658;11;72;21;109;1016;734;1021;5800;2845;6;513;354;334
France;Données consolidées;2024-01-25;12:45;2024-01-25T12:45:00+01:00;;59300;59550;;;;;;;;;;;;;;;;;;;;;;;;;;;;;
France;Données consolidées;2024-01-25;15:45;2024-01-25T15:45:00+01:00;;56200;55650;;;;;;;;;;;;;;;;;;;;;;;;;;;;;
France;Données consolidées;2024-01-25;17:30;2024-01-25T17:30:00+01:00;57489;57700;55900;91;414;4219;48294;4112;302;11918;-15;1199;-12952;35;-2964;299;-3680;-3200;-3371;0;72;21;147;1080;1934;1058;6685;4372;862;503;348;347
France;Données consolidées;2024-01-25;20:45;2024-01-25T20:45:00+01:00;;58500;57800;;;;;;;;;;;;;;;;;;;;;;;;;;;;;
France;Données consolidées;2024-01-25;21:30;2024-01-25T21:30:00+01:00;57087;56600;55800;92;302;4069;48322;6218;0;12412;-71;1221;-15377;32;-1540;-2700;-3680;-3200;-3959;0;73;21;146;1089;1802;1032;6545;4403;1464;514;358;349
France;Données consolidées;2024-01-26;00:00;2024-01-26T00:00:00+01:00;56174;55200;54600;91;302;3293;48420;7199;0;9544;-29;1218;-13760;29;-403;-2340;-3508;-3200;-4193;0;72;21;145;1076;1042;1030;6311;2794;440;532;340;346
France;Données consolidées;2024-01-26;00:45;2024-01-26T00:45:00+01:00;;52650;51900;;;;;;;;;;;;;;;;;;;;;;;;;;;;;
France;Données consolidées;2024-01-26;03:00;2024-01-26T03:00:00+01:00;50715;49800;49000;91;302;2404;47283;8611;0;7469;-2001;1246;-14586;27;-1529;-2646;-3587;-3200;-4710;0;71;21;109;1076;187;1031;5650;1814;6;544;358;344
France;Données consolidées;2024-01-26;05:30;2024-01-26T05:30:00+01:00;50739;50400;49300;88;303;2362;46163;11199;1;6919;-3324;1235;-14116;26;-646;-2772;-3587;-3200;-4411;0;68;21;110;1077;144;1031;5269;1645;5;526;368;341
France;Données consolidées;2024-01-26;05:45;2024-01-26T05:45:00+01:00;;51200;50300;;;;;;;;;;;;;;;;;;;;;;;;;;;;;
France;Données consolidées;2024-01-26;06:30;2024-01-26T06:30:00+01:00;55538;55200;53800;92;302;2400;47215;11923;0;7594;-2014;1228;-13106;25;-433;-1850;-3587;-3200;-3901;0;73;21;114;1088;168;1030;5603;1985;6;518;369;341
France;Données consolidées;2024-01-26;07:15;2024-01-26T07:15:00+01:00;;59600;57800;;;;;;;;;;;;;;;;;;;;;;;;;;;;;
France;Données consolidées;2024-01-26;07:30;2024-01-26T07:30:00+01:00;60865;60800;58600;91;401;2431;47797;12691;1;10221;-16;1217;-13881;24;-678;-2328;-3627;-3200;-3442;0;72;21;115;1109;176;1032;6218;2877;1126;512;363;342
France;Données consolidées;2024-01-26;08:00;2024-01-26T08:00:00+01:00;62391;62400;60600;91;395;2407;47845;12865;1;11248;-46;1203;-13527;24;-1906;-2500;-3627;-3200;-2308;0;72;21;116;1112;131;1048;6317;3417;1514;508;357;337
France;Données consolidées;2024-01-26;08:30;2024-01-26T08:30:00+01:00;62752;62800;61000;91;400;2486;48018;12695;65;11479;-70;1204;-13511;24;-1906;-2500;-3627;-3200;-2208;0;71;21;117;1111;212;1045;6433;3361;1686;510;355;338
France;Données consolidées;2024-01-26;11:00;2024-01-26T11:00:00+01:00;62713;62700;60300;90;465;2406;47697;11877;3081;8294;-337;1198;-11956;25;-3013;251;-3461;-3200;-2761;0;71;21;117;1082;172;1035;5812;2475;7;506;356;335
France;Données consolidées;2024-01-26;13:00;2024-01-26T13:00:00+01:00;60863;59200;58000;91;395;2457;47582;11201;4806;7687;-2024;1223;-12443;25;-3013;-292;-3955;-3200;-1686;0;72;21;117;1082;194;1063;5759;1920;7;512;374;337
France;Données consolidées;2024-01-26;13:15;2024-01-26T13:15:00+01:00;;58850;57450;;;;;;;;;;;;;;;;;;;;;;;;;;;;;
France;Données consolidées;2024-01-26;13:30;2024-01-26T13:30:00+01:00;59674;58500;56900;90;287;2413;47358;10429;4908;7870;-2452;1223;-12335;24;-3013;-292;-3955;-3200;-1704;0;71;21;110;1083;157;1062;5771;2092;7;512;374;336
France;Données consolidées;2024-01-26;13:45;2024-01-26T13:45:00+01:00;;58300;57150;;;;;;;;;;;;;;;;;;;;;;;;;;;;;
France;Données consolidées;2024-01-26;14:30;2024-01-26T14:30:00+01:00;58730;58000;56600;90;287;2369;47072;8900;4424;7356;-2653;1214;-10203;25;-1819;493;-3955;-3200;-1625;0;71;21;117;1085;109;1058;5650;1699;7;514;363;336
France;Données consolidées;2024-01-26;16:45;2024-01-26T16:45:00+01:00;;55500;54100;;;;;;;;;;;;;;;;;;;;;;;;;;;;;
France;Données consolidées;2024-01-26;17:45;2024-01-26T17:45:00+01:00;;58950;57500;;;;;;;;;;;;;;;;;;;;;;;;;;;;;
France;Données consolidées;2024-01-26;18:30;2024-01-26T18:30:00+01:00;62162;62000;61000;91;1;3322;48373;3426;0;15050;-14;1223;-9207;25;-2414;-2252;-4274;-957;572;0;72;21;146;1108;994;1073;6772;5260;3017;511;371;341
France;Données consolidées;2024-01-26;18:45;2024-01-26T18:45:00+01:00;;62400;61250;;;;;;;;;;;;;;;;;;;;;;;;;;;;;
France;Données consolidées;2024-01-26;20:00;2024-01-26T20:00:00+01:00;62210;61100;59700;92;1;3348;48468;2788;0;14841;-14;1226;-8432;25;-2732;-2938;-4318;-995;1887;0;73;21;149;1109;1011;1079;6985;4961;2895;509;376;340
France;Données consolidées;2024-01-26;21:45;2024-01-26T21:45:00+01:00;;57100;55450;;;;;;;;;;;;;;;;;;;;;;;;;;;;;
France;Données consolidées;2024-01-27;00:15;2024-01-27T00:15:00+01:00;;55000;56550;;;;;;;;;;;;;;;;;;;;;;;;;;;;;
France;Données consolidées;2024-01-27;01:00;2024-01-27T01:00:00+01:00;54937;52200;53800;93;4;2487;47685;1920;0;8700;-526;1242;-6565;24;-20;-2189;-3815;-3200;2007;0;74;21;110;1076;247;1053;5966;2483;251;522;380;340
France;Données consolidées;2024-01-27;01:45;2024-01-27T01:45:00+01:00;;52850;54400;;;;;;;;;;;;;;;;;;;;;;;;;;;;;
France;Données consolidées;2024-01-27;02:00;2024-01-27T02:00:00+01:00;54707;52800;54400;93;3;2345;47471;1983;0;9102;-524;1242;-6916;23;-668;-1570;-3815;-3199;1707;0;74;21;110;1078;106;1050;5980;2823;299;524;378;341
France;Données consolidées;2024-01-27;03:15;2024-01-27T03:15:00+01:00;;49750;51550;;;;;;;;;;;;;;;;;;;;;;;;;;;;;
France;Données consolidées;2024-01-27;05:15;2024-01-27T05:15:00+01:00;;49150;50050;;;;;;;;;;;;;;;;;;;;;;;;;;;;;
France;Données consolidées;2024-01-27;05:45;2024-01-27T05:45:00+01:00;;49950;51100;;;;;;;;;;;;;;;;;;;;;;;;;;;;;
France;Données consolidées;2024-01-27;06:15;2024-01-27T06:15:00+01:00;;51000;52100;;;;;;;;;;;;;;;;;;;;;;;;;;;;;
France;Données consolidées;2024-01-27;08:45;2024-01-27T08:45:00+01:00;;57000;58050;;;;;;;;;;;;;;;;;;;;;;;;;;;;;
France;Données consolidées;2024-01-27;09:15;2024-01-27T09:15:00+01:00;;58200;59000;;;;;;;;;;;;;;;;;;;;;;;;;;;;;
France;Données consolidées;2024-01-27;10:00;2024-01-27T10:00:00+01:00;61702;59500;60000;93;3;2489;48256;3533;3130;10443;-70;1232;-7305;21;-2964;2200;-3892;-3196;220;0;74;21;147;1096;207;1039;6091;3095;1258;516;373;343
France;Données consolidées;2024-01-27;10:30;2024-01-27T10:30:00+01:00;61605;59300;60100;93;3;2434;48124;3329;4401;9478;-14;1230;-7368;21;-2964;2200;-3892;-3196;247;0;74;21;147;1095;154;1039;5812;2879;787;511;376;342
France;Données consolidées;2024-01-27;11:15;2024-01-27T11:15:00+01:00;;58800;59150;;;;;;;;;;;;;;;;;;;;;;;;;;;;;
France;Données consolidées;2024-01-27;11:30;2024-01-27T11:30:00+01:00;60978;58600;58900;93;3;2454;48253;2342;6598;8527;-225;1242;-8206;21;-2959;1503;-3892;-3200;637;0;74;21;147;1094;171;1043;5819;2555;153;521;375;346
France;Données consolidées;2024-01-27;13:30;2024-01-27T13:30:00+01:00;57779;55200;54900;92;12;2432;47368;1070;8788;8023;-1293;1243;-9852;21;-3013;960;-3411;-2967;-1999;0;73;21;114;1092;189;1038;5791;2226;7;520;377;346
France;Données consolidées;2024-01-27;15:30;2024-01-27T15:30:00+01:00;54616;52400;52600;91;12;2627;47618;918;6039;9310;-15;1256;-13140;22;-2741;2200;-4572;-3196;-5396;0;72;20;112;1087;394;1034;6030;2904;376;528;380;349
France;Données consolidées;2024-01-27;16:00;2024-01-27T16:00:00+01:00;53553;51800;52100;90;11;2783;48186;976;4506;9412;-15;1262;-13550;24;-2644;2196;-4586;-3200;-6236;0;74;18;114;1088;542;1039;6043;2732;638;533;381;348
France;Données consolidées;2024-01-27;16:30;2024-01-27T16:30:00+01:00;52882;51500;52000;89;12;3239;48436;1147;2884;10112;-15;1268;-14193;26;-2644;2196;-4586;-3200;-6427;0;73;18;146;1088;965;1040;6100;2774;1238;536;381;351
France;Données consolidées;2024-01-27;17:45;2024-01-27T17:45:00+01:00;;55400;56250;;;;;;;;;;;;;;;;;;;;;;;;;;;;;
France;Données consolidées;2024-01-27;19:00;2024-01-27T19:00:00+01:00;61528;59900;61100;92;12;5066;48478;4456;0;15426;-14;1241;-13127;32;-2691;-1991;-4314;-336;-3813;0;73;21;149;1108;2765;1044;6981;5624;2821;511;383;346
France;Données consolidées;2024-01-27;21:30;2024-01-27T21:30:00+01:00;57390;55900;56600;92;11;4811;48619;6972;0;11029;-70;1249;-15220;32;-1429;-2782;-4567;-3200;-3069;0;73;21;148;1104;2517;1042;6611;3480;938;519;385;344
France;Données consolidées;2024-01-28;00:00;2024-01-28T00:00:00+01:00;58961;57900;57500;92;11;4174;47788;7323;0;9798;-15;1227;-11329;29;-24;1403;-4212;-3200;-4805;0;72;21;148;1091;1887;1049;6193;3015;590;522;357;348
France;Données consolidées;2024-01-28;00:15;2024-01-28T00:15:00+01:00;;57100;56950;;;;;;;;;;;;;;;;;;;;;;;;;;;;;
France;Données consolidées;2024-01-28;01:45;2024-01-28T01:45:00+01:00;;55100;55600;;;;;;;;;;;;;;;;;;;;;;;;;;;;;
France;Données consolidées;2024-01-28;03:30;2024-01-28T03:30:00+01:00;53447;51200;51900;92;11;2356;47122;7419;0;8473;-1859;1230;-11290;22;-510;1738;-4289;-3200;-5459;0;72;21;110;1076;138;1032;5644;2490;339;513;372;344
France;Données consolidées;2024-01-28;03:45;2024-01-28T03:45:00+01:00;;50800;51500;;;;;;;;;;;;;;;;;;;;;;;;;;;;;
France;Données consolidées;2024-01-28;04:45;2024-01-28T04:45:00+01:00;;49700;50250;;;;;;;;;;;;;;;;;;;;;;;;;;;;;
France;Données consolidées;2024-01-28;06:15;2024-01-28T06:15:00+01:00;;50050;51800;;;;;;;;;;;;;;;;;;;;;;;;;;;;;
France;Données consolidées;2024-01-28;08:15;2024-01-28T08:15:00+01:00;;52300;54700;;;;;;;;;;;;;;;;;;;;;;;;;;;;;
France;Données consolidées;2024-01-28;10:15;2024-01-28T10:15:00+01:00;;56450;57900;;;;;;;;;;;;;;;;;;;;;;;;;;;;;
France;Données consolidées;2024-01-28;10:30;2024-01-28T10:30:00+01:00;60004;56800;58000;93;11;2394;46263;8822;4625;7702;-2178;1228;-8847;21;-1745;1659;-4450;-3200;-934;0;73;21;110;1090;156;1038;5389;2305;7;503;385;340
France;Données consolidées;2024-01-28;13:30;2024-01-28T13:30:00+01:00;56648;51800;53500;93;12;2442;46878;5391;7976;7632;-2642;1235;-12264;21;-1621;1640;-3570;-2188;-6622;0;73;21;107;1084;221;1029;5519;2107;6;503;386;347
France;Données consolidées;2024-01-28;15:00;2024-01-28T15:00:00+01:00;53490;49400;51000;93;12;2366;46533;4780;6129;7078;-2428;1248;-12214;22;-2089;1476;-3757;-3200;-5820;0;73;21;106;1070;183;1008;5386;1686;6;517;383;348
France;Données consolidées;2024-01-28;15:15;2024-01-28T15:15:00+01:00;;49200;50800;;;;;;;;;;;;;;;;;;;;;;;;;;;;;
France;Données consolidées;2024-01-28;15:30;2024-01-28T15:30:00+01:00;52833;49000;50600;92;12;2339;47108;4794;5002;7391;-2184;1241;-12871;21;-2089;1476;-3757;-3200;-5854;0;73;21;108;1074;144;1012;5440;1945;6;513;381;347
France;Données consolidées;2024-01-28;17:00;2024-01-28T17:00:00+01:00;51349;48900;50400;91;9;2424;47942;5740;1195;8730;-1924;1236;-13989;22;-3014;2625;-4606;-2700;-4892;0;72;21;137;1076;191;1019;5623;3101;7;511;380;345
France;Données consolidées;2024-01-28;17:45;2024-01-28T17:45:00+01:00;;52250;53650;;;;;;;;;;;;;;;;;;;;;;;;;;;;;
France;Données consolidées;2024-01-28;19:15;2024-01-28T19:15:00+01:00;;58650;59850;;;;;;;;;;;;;;;;;;;;;;;;;;;;;
France;Données consolidées;2024-01-28;19:45;2024-01-28T19:45:00+01:00;;58050;59250;;;;;;;;;;;;;;;;;;;;;;;;;;;;;
France;Données consolidées;2024-01-28;23:15;2024-01-28T23:15:00+01:00;;55350;56550;;;;;;;;;;;;;;;;;;;;;;;;;;;;;
France;Données consolidées;2024-01-29;01:30;2024-01-29T01:30:00+01:00;53948;52800;53400;92;0;2295;47311;8364;0;7899;-2023;1217;-11107;21;-3014;571;-4115;-3200;-1292;0;73;21;109;1083;96;1007;5579;2313;7;502;376;339
France;Données consolidées;2024-01-29;03:00;2024-01-29T03:00:00+01:00;52540;50700;51200;92;0;2336;47334;7528;0;7641;-2921;1209;-10577;22;-3014;907;-4265;-3200;-2660;0;73;21;109;1083;133;1011;5525;2110;6;500;374;335
France;Données consolidées;2024-01-29;04:00;2024-01-29T04:00:00+01:00;50811;49300;49400;91;105;2368;47312;7248;0;7543;-2928;1221;-12054;24;-3014;1594;-4338;-3200;-3410;0;72;21;109;1084;162;1013;5518;2018;6;504;379;337
France;Données consolidées;2024-01-29;04:45;2024-01-29T04:45:00+01:00;;49800;50200;;;;;;;;;;;;;;;;;;;;;;;;;;;;;
France;Données consolidées;2024-01-29;05:45;2024-01-29T05:45:00+01:00;;53300;53550;;;;;;;;;;;;;;;;;;;;;;;;;;;;;
France;Données consolidées;2024-01-29;06:00;2024-01-29T06:00:00+01:00;55135;54300;54700;93;377;2788;47593;6854;0;8803;-566;1214;-11924;29;-1987;1683;-4338;-2750;-3283;0;73;21;113;1107;554;1015;5533;3076;195;494;381;339
France;Données consolidées;2024-01-29;06:15;2024-01-29T06:15:00+01:00;;55950;56350;;;;;;;;;;;;;;;;;;;;;;;;;;;;;
France;Données consolidées;2024-01-29;06:45;2024-01-29T06:45:00+01:00;;59200;59800;;;;;;;;;;;;;;;;;;;;;;;;;;;;;
France;Données consolidées;2024-01-29;08:45;2024-01-29T08:45:00+01:00;;66150;66200;;;;;;;;;;;;;;;;;;;;;;;;;;;;;
France;Données consolidées;2024-01-29;09:15;2024-01-29T09:15:00+01:00;;66250;66050;;;;;;;;;;;;;;;;;;;;;;;;;;;;;
France;Données consolidées;2024-01-29;10:15;2024-01-29T10:15:00+01:00;;65650;65000;;;;;;;;;;;;;;;;;;;;;;;;;;;;;
France;Données consolidées;2024-01-29;11:45;2024-01-29T11:45:00+01:00;;64950;62800;;;;;;;;;;;;;;;;;;;;;;;;;;;;;
France;Données consolidées;2024-01-29;13:00;2024-01-29T13:00:00+01:00;61737;62400;59600;85;438;3451;47691;4620;8019;9681;-848;1194;-12511;30;-3013;702;-4485;-3070;-3437;0;65;21;144;1099;1179;1029;6220;3170;290;477;377;339
France;Données consolidées;2024-01-29;13:45;2024-01-29T13:45:00+01:00;;60750;58300;;;;;;;;;;;;;;;;;;;;;;;;;;;;;
France;Données consolidées;2024-01-29;15:15;2024-01-29T15:15:00+01:00;;59950;57350;;;;;;;;;;;;;;;;;;;;;;;;;;;;;
France;Données consolidées;2024-01-29;16:45;2024-01-29T16:45:00+01:00;;59000;55850;;;;;;;;;;;;;;;;;;;;;;;;;;;;;
France;Données consolidées;2024-01-29;17:30;2024-01-29T17:30:00+01:00;57994;60300;57300;85;438;5570;46975;5597;354;12111;-15;1218;-14248;41;-3014;416;-4341;-2538;-4406;0;66;21;142;1096;3285;1047;6545;4455;1111;481;396;341
France;Données consolidées;2024-01-29;18:15;2024-01-29T18:15:00+01:00;;63850;61000;;;;;;;;;;;;;;;;;;;;;;;;;;;;;
France;Données consolidées;2024-01-29;18:45;2024-01-29T18:45:00+01:00;;65750;63000;;;;;;;;;;;;;;;;;;;;;;;;;;;;;
France;Données consolidées;2024-01-29;20:15;2024-01-29T20:15:00+01:00;;62650;60400;;;;;;;;;;;;;;;;;;;;;;;;;;;;;
France;Données consolidées;2024-01-29;20:45;2024-01-29T20:45:00+01:00;;60550;58450;;;;;;;;;;;;;;;;;;;;;;;;;;;;;
France;Données consolidées;2024-01-29;21:00;2024-01-29T21:00:00+01:00;59966;59500;57500;88;315;5406;47404;9139;1;12718;-15;1226;-16226;37;-1947;-3098;-4485;-3200;-4044;0;69;21;146;1104;3112;1043;6747;5244;726;493;391;342
France;Données consolidées;2024-01-29;21:15;2024-01-29T21:15:00+01:00;;58700;56800;;;;;;;;;;;;;;;;;;;;;;;;;;;;;
France;Données consolidées;2024-01-29;21:45;2024-01-29T21:45:00+01:00;;57200;55500;;;;;;;;;;;;;;;;;;;;;;;;;;;;;
France;Données consolidées;2024-01-29;22:15;2024-01-29T22:15:00+01:00;;56850;55300;;;;;;;;;;;;;;;;;;;;;;;;;;;;;
France;Données consolidées;2024-01-30;00:00;2024-01-30T00:00:00+01:00;57292;55700;55700;89;316;5794;47502;8324;0;9772;-430;1214;-15198;40;-1452;-1638;-4345;-3193;-3412;0;69;21;144;1090;3525;1035;5990;3232;550;476;398;340
France;Données consolidées;2024-01-30;01:30;2024-01-30T01:30:00+01:00;53726;53100;52900;88;315;3688;47840;7642;0;8532;-551;1221;-14941;32;-2058;-1533;-4345;-3200;-3653;0;69;21;139;1079;1435;1034;5983;2447;103;488;395;337
France;Données consolidées;2024-01-30;02:15;2024-01-30T02:15:00+01:00;;52850;52550;;;;;;;;;;;;;;;;;;;;;;;;;;;;;
France;Données consolidées;2024-01-30;04:00;2024-01-30T04:00:00+01:00;50495;49200;49400;89;315;3879;47828;6594;0;8163;-527;1217;-16956;33;-2022;-2681;-4341;-3200;-4161;0;70;21;135;1074;1638;1033;5772;2173;218;487;394;336
France;Données consolidées;2024-01-30;08:00;2024-01-30T08:00:00+01:00;65291;63900;63600;90;409;7138;47951;6877;3;12521;-15;1197;-10773;46;391;-1656;-4355;-3155;-2790;0;70;21;147;1109;4825;1058;6600;4028;1894;473;391;332
France;Données consolidées;2024-01-30;09:15;2024-01-30T09:15:00+01:00;;64300;63500;;;;;;;;;;;;;;;;;;;;;;;;;;;;;
France;Données consolidées;2024-01-30;10:15;2024-01-30T10:15:00+01:00;;63900;63100;;;;;;;;;;;;;;;;;;;;;;;;;;;;;
France;Données consolidées;2024-01-30;11:15;2024-01-30T11:15:00+01:00;;62750;62000;;;;;;;;;;;;;;;;;;;;;;;;;;;;;
France;Données consolidées;2024-01-30;12:00;2024-01-30T12:00:00+01:00;63811;62500;62200;166;439;4218;47994;4604;7137;7909;-182;1189;-9553;34;-2535;1689;-4422;-3200;-2617;78;69;20;144;1079;1963;1031;5583;2263;63;464;396;329
France;Données consolidées;2024-01-30;12:15;2024-01-30T12:15:00+01:00;;61850;61550;;;;;;;;;;;;;;;;;;;;;;;;;;;;;
France;Données consolidées;2024-01-30;12:30;2024-01-30T12:30:00+01:00;62791;61200;60900;129;439;4184;47977;4505;7569;8254;-182;1192;-11175;34;-2535;1689;-4422;-3200;-3034;40;69;20;144;1077;1925;1038;5589;2562;103;468;395;330
France;Données consolidées;2024-01-30;13:30;2024-01-30T13:30:00+01:00;60845;59400;59100;129;438;4405;47926;4158;7553;8250;-758;1184;-12338;35;-2747;2078;-3991;-3115;-4648;41;69;20;141;1074;2145;1045;5725;2422;102;460;398;325
France;Données consolidées;2024-01-30;15:15;2024-01-30T15:15:00+01:00;;58600;57850;;;;;;;;;;;;;;;;;;;;;;;;;;;;;
France;Données consolidées;2024-01-30;17:30;2024-01-30T17:30:00+01:00;58378;58100;57600;85;438;6272;47858;1893;521;13299;-15;1230;-13104;45;-2479;1482;-4448;-3200;-4184;0;67;20;145;1092;3975;1060;6637;5037;1625;489;401;339
France;Données consolidées;2024-01-30;18:15;2024-01-30T18:15:00+01:00;;61600;61300;;;;;;;;;;;;;;;;;;;;;;;;;;;;;
France;Données consolidées;2024-01-30;19:00;2024-01-30T19:00:00+01:00;65909;64500;64500;85;312;6756;48028;1412;0;17181;-18;1232;-8980;43;-2308;-2700;-4145;736;-144;0;67;20;142;1112;4432;1070;7048;6213;3920;487;407;338
France;Données consolidées;2024-01-30;19:15;2024-01-30T19:15:00+01:00;;64100;64250;;;;;;;;;;;;;;;;;;;;;;;;;;;;;
France;Données consolidées;2024-01-30;23:15;2024-01-30T23:15:00+01:00;;58100;59000;;;;;;;;;;;;;;;;;;;;;;;;;;;;;
France;Données consolidées;2024-01-31;01:15;2024-01-31T01:15:00+01:00;;54100;54450;;;;;;;;;;;;;;;;;;;;;;;;;;;;;
France;Données consolidées;2024-01-31;04:15;2024-01-31T04:15:00+01:00;;51100;51200;;;;;;;;;;;;;;;;;;;;;;;;;;;;;
France;Données consolidées;2024-01-31;05:15;2024-01-31T05:15:00+01:00;;52800;52950;;;;;;;;;;;;;;;;;;;;;;;;;;;;;
France;Données consolidées;2024-01-31;06:00;2024-01-31T06:00:00+01:00;55911;56200;55900;86;314;5906;48318;730;0;9059;-15;1204;-9585;45;2352;1985;-4100;-2900;-5658;0;68;20;147;1100;3622;1037;6269;2599;191;482;392;329
France;Données consolidées;2024-01-31;07:00;2024-01-31T07:00:00+01:00;62181;61800;61700;86;314;7522;48360;771;0;12637;-15;1197;-8592;50;2235;395;-4071;-2971;-3409;0;68;20;150;1121;5211;1039;6467;4451;1719;472;392;332
France;Données consolidées;2024-01-31;09:15;2024-01-31T09:15:00+01:00;;66700;66950;;;;;;;;;;;;;;;;;;;;;;;;;;;;;
France;Données consolidées;2024-01-31;09:30;2024-01-31T09:30:00+01:00;68171;66800;66900;89;436;7791;47993;1200;1735;15679;-14;1182;-7807;49;1300;2018;-3927;-3200;-3784;0;71;20;149;1143;5437;1062;6631;5732;3316;469;384;328
France;Données consolidées;2024-01-31;11:15;2024-01-31T11:15:00+01:00;;65100;64750;;;;;;;;;;;;;;;;;;;;;;;;;;;;;
France;Données consolidées;2024-01-31;11:30;2024-01-31T11:30:00+01:00;65759;65000;64500;88;437;6954;47711;1078;6424;10262;-74;1172;-8197;46;1037;2350;-3927;-2953;-4605;0;70;20;149;1137;4625;1042;6280;3332;650;471;378;323
France;Données consolidées;2024-01-31;11:45;2024-01-31T11:45:00+01:00;;65000;64300;;;;;;;;;;;;;;;;;;;;;;;;;;;;;
France;Données consolidées;2024-01-31;12:15;2024-01-31T12:15:00+01:00;;64100;63250;;;;;;;;;;;;;;;;;;;;;;;;;;;;;
France;Données consolidées;2024-01-31;14:45;2024-01-31T14:45:00+01:00;;60600;60050;;;;;;;;;;;;;;;;;;;;;;;;;;;;;
France;Données consolidées;2024-01-31;17:15;2024-01-31T17:15:00+01:00;;57650;57350;;;;;;;;;;;;;;;;;;;;;;;;;;;;;
France;Données consolidées;2024-01-31;18:15;2024-01-31T18:15:00+01:00;;62250;61950;;;;;;;;;;;;;;;;;;;;;;;;;;;;;
France;Données consolidées;2024-01-31;19:45;2024-01-31T19:45:00+01:00;;64200;63900;;;;;;;;;;;;;;;;;;;;;;;;;;;;;
France;Données consolidées;2024-01-31;20:30;2024-01-31T20:30:00+01:00;63548;61400;61100;95;315;4789;47799;6061;0;11554;-15;1233;-8173;36;-1099;-2900;-4287;-2957;3188;6;69;20;114;1108;2515;1051;6390;4134;1029;481;402;349
France;Données consolidées;2024-01-31;21:30;2024-01-31T21:30:00+01:00;59922;58200;57900;95;315;2958;47805;7029;0;9187;-51;1251;-8567;28;-2113;-2900;-4059;-3200;3776;6;69;20;115;1092;708;1044;5805;3087;295;496;408;347
France;Données consolidées;2024-01-01;00:15;2024-01-01T00:15:00+01:00;;54300;53400;;;;;;;;;;;;;;;;;;;;;;;;;;;;;
France;Données consolidées;2024-01-01;01:45;2024-01-01T01:45:00+01:00;;52650;51850;;;;;;;;;;;;;;;;;;;;;;;;;;;;;
France;Données consolidées;2024-01-01;02:45;2024-01-01T02:45:00+01:00;;50650;50100;;;;;;;;;;;;;;;;;;;;;;;;;;;;;
France;Données consolidées;2024-01-01;06:15;2024-01-01T06:15:00+01:00;;45500;46450;;;;;;;;;;;;;;;;;;;;;;;;;;;;;
France;Données consolidées;2024-01-01;07:45;2024-01-01T07:45:00+01:00;;45150;46800;;;;;;;;;;;;;;;;;;;;;;;;;;;;;
France;Données consolidées;2024-01-01;08:15;2024-01-01T08:15:00+01:00;;45300;46750;;;;;;;;;;;;;;;;;;;;;;;;;;;;;
France;Données consolidées;2024-01-01;09:00;2024-01-01T09:00:00+01:00;48501;45300;47000;93;18;1987;34956;12359;197;5719;-2771;1193;-5137;24;-2622;-2913;-908;-1388;1163;14;62;17;100;779;151;957;4919;795;6;496;357;340
France;Données consolidées;2024-01-01;09:45;2024-01-01T09:45:00+01:00;;46500;48050;;;;;;;;;;;;;;;;;;;;;;;;;;;;;
France;Données consolidées;2024-01-01;11:45;2024-01-01T11:45:00+01:00;;51450;50500;;;;;;;;;;;;;;;;;;;;;;;;;;;;;
France;Données consolidées;2024-01-01;12:15;2024-01-01T12:15:00+01:00;;51300;50850;;;;;;;;;;;;;;;;;;;;;;;;;;;;;
France;Données consolidées;2024-01-01;12:45;2024-01-01T12:45:00+01:00;;50600;50800;;;;;;;;;;;;;;;;;;;;;;;;;;;;;
France;Données consolidées;2024-01-01;13:00;2024-01-01T13:00:00+01:00;52355;50400;50800;93;19;2037;37200;10480;5501;5901;-2219;1181;-7739;21;-3014;-1757;-1803;-1649;-230;14;61;18;100;777;192;968;4836;990;75;487;347;347
France;Données consolidées;2024-01-01;13:30;2024-01-01T13:30:00+01:00;51190;49600;48900;92;18;2036;36860;10263;5316;6130;-2170;1189;-8444;22;-3014;-1757;-1803;-1649;-588;14;60;18;100;776;193;967;4962;1162;6;492;351;346
France;Données consolidées;2024-01-01;13:45;2024-01-01T13:45:00+01:00;;49200;48750;;;;;;;;;;;;;;;;;;;;;;;;;;;;;
France;Données consolidées;2024-01-01;15:15;2024-01-01T15:15:00+01:00;;47900;47700;;;;;;;;;;;;;;;;;;;;;;;;;;;;;
France;Données consolidées;2024-01-01;15:30;2024-01-01T15:30:00+01:00;49643;47800;47600;90;18;2030;38548;9060;3040;7170;-423;1194;-10988;21;-3013;1526;-2438;-3200;-5387;14;58;18;99;777;191;963;5382;1782;6;493;353;348
France;Données consolidées;2024-01-01;19:30;2024-01-01T19:30:00+01:00;56973;53800;53600;89;18;2000;44340;14402;1;11243;-22;1203;-16200;17;-3014;-2800;-2186;-3200;-4743;15;60;15;96;770;171;964;6035;3045;2162;500;353;350
France;Données consolidées;2024-01-01;20:15;2024-01-01T20:15:00+01:00;;52550;52350;;;;;;;;;;;;;;;;;;;;;;;;;;;;;
France;Données consolidées;2024-01-01;23:00;2024-01-01T23:00:00+01:00;55158;53000;52800;90;17;1993;42922;16986;0;8511;-431;1188;-16015;18;-2075;-2800;-2337;-3200;-4141;15;61;15;98;798;139;958;5394;2041;1076;491;353;344
France;Données consolidées;2024-01-02;00:00;2024-01-02T00:00:00+01:00;53780;50400;52400;91;15;2116;41048;17163;0;6962;-433;1194;-14263;19;-1912;-2450;-2309;-3200;-4875;14;62;15;98;885;176;957;5290;1666;6;495;354;344
France;Données consolidées;2024-01-02;00:30;2024-01-02T00:30:00+01:00;52716;48800;50800;91;17;2092;41218;17293;0;6870;-1005;1191;-14933;19;-1912;-2450;-2309;-3200;-4986;14;62;15;93;885;157;957;5158;1706;6;496;351;344
France;Données consolidées;2024-01-02;00:45;2024-01-02T00:45:00+01:00;;48000;50150;;;;;;;;;;;;;;;;;;;;;;;;;;;;;
France;Données consolidées;2024-01-02;01:45;2024-01-02T01:45:00+01:00;;48100;49450;;;;;;;;;;;;;;;;;;;;;;;;;;;;;
France;Données consolidées;2024-01-02;02:00;2024-01-02T02:00:00+01:00;50051;48100;49500;90;17;2035;41053;17498;0;6831;-2995;1158;-15529;19;-1518;-2450;-2495;-3200;-4014;14;61;15;93;882;100;961;5092;1733;6;474;350;334
France;Données consolidées;2024-01-02;02:15;2024-01-02T02:15:00+01:00;;47500;49050;;;;;;;;;;;;;;;;;;;;;;;;;;;;;
France;Données consolidées;2024-01-02;02:30;2024-01-02T02:30:00+01:00;49932;46900;48600;91;17;2088;40286;17317;0;6134;-3037;1174;-14026;20;-1518;-2450;-2495;-3200;-4014;15;62;15;93;879;153;962;5030;1098;6;491;346;337
France;Données consolidées;2024-01-02;03:00;2024-01-02T03:00:00+01:00;48407;45900;47200;93;18;2076;39042;17309;0;6019;-3034;1184;-14190;21;-1746;-2450;-2380;-3200;-4443;14;64;15;93;885;136;962;4997;1016;6;498;343;343
France;Données consolidées;2024-01-02;03:15;2024-01-02T03:15:00+01:00;;45500;46600;;;;;;;;;;;;;;;;;;;;;;;;;;;;;
France;Données consolidées;2024-01-02;05:00;2024-01-02T05:00:00+01:00;46559;44200;45900;93;18;2127;37621;17234;0;5913;-2859;1194;-14680;21;-1724;-2775;-2553;-3200;-5173;14;64;15;93;883;192;958;4870;1037;5;497;355;341
France;Données consolidées;2024-01-02;06:15;2024-01-02T06:15:00+01:00;;47150;49300;;;;;;;;;;;;;;;;;;;;;;;;;;;;;
France;Données consolidées;2024-01-02;07:45;2024-01-02T07:45:00+01:00;;52150;54350;;;;;;;;;;;;;;;;;;;;;;;;;;;;;
France;Données consolidées;2024-01-02;08:15;2024-01-02T08:15:00+01:00;;52950;55600;;;;;;;;;;;;;;;;;;;;;;;;;;;;;
France;Données consolidées;2024-01-02;09:45;2024-01-02T09:45:00+01:00;;55500;58200;;;;;;;;;;;;;;;;;;;;;;;;;;;;;
France;Données consolidées;2024-01-02;11:00;2024-01-02T11:00:00+01:00;61098;57300;59700;99;16;2222;45560;17628;1370;10216;-68;1170;-17008;17;-3014;-161;-3022;-3200;-8513;16;62;21;92;976;128;1025;5962;2662;1592;476;360;333
France;Données consolidées;2024-01-02;12:15;2024-01-02T12:15:00+01:00;;59400;61550;;;;;;;;;;;;;;;;;;;;;;;;;;;;;
France;Données consolidées;2024-01-02;16:00;2024-01-02T16:00:00+01:00;59480;54200;57900;96;16;2204;46052;17811;560;9096;-342;1199;-17094;18;-3014;-1396;-3301;-3200;-6194;14;61;20;99;973;110;1022;5853;2616;626;480;369;349
France;Données consolidées;2024-01-02;17:15;2024-01-02T17:15:00+01:00;;55500;58600;;;;;;;;;;;;;;;;;;;;;;;;;;;;;
France;Données consolidées;2024-01-02;19:45;2024-01-02T19:45:00+01:00;;57950;59800;;;;;;;;;;;;;;;;;;;;;;;;;;;;;
France;Données consolidées;2024-01-02;20:15;2024-01-02T20:15:00+01:00;;56350;57950;;;;;;;;;;;;;;;;;;;;;;;;;;;;;
France;Données consolidées;2024-01-02;20:30;2024-01-02T20:30:00+01:00;60076;55500;57000;96;11;2257;46522;17316;0;10944;-22;1204;-18148;18;-3014;-2653;-3413;-3150;-5669;14;60;21;92;1004;113;1048;6370;3090;1484;486;372;346
France;Données consolidées;2024-01-02;21:15;2024-01-02T21:15:00+01:00;;53500;54650;;;;;;;;;;;;;;;;;;;;;;;;;;;;;
France;Données consolidées;2024-01-02;22:15;2024-01-02T22:15:00+01:00;;52100;53000;;;;;;;;;;;;;;;;;;;;;;;;;;;;;
France;Données consolidées;2024-01-02;22:30;2024-01-02T22:30:00+01:00;55793;52300;53300;97;11;2231;44756;17324;0;7476;-2058;1212;-15128;19;-3014;-2600;-1487;-3200;-3447;14;62;21;93;1004;89;1046;5611;1859;5;500;366;346
France;Données consolidées;2024-01-02;23:30;2024-01-02T23:30:00+01:00;55936;52700;54500;96;11;2231;43408;17385;0;7245;-2473;1214;-13081;20;-3014;-2600;-2839;-3200;-712;14;61;21;93;1003;94;1041;5541;1698;6;503;368;343
France;Données consolidées;2024-01-03;00:45;2024-01-03T00:45:00+01:00;;50750;51300;;;;;;;;;;;;;;;;;;;;;;;;;;;;;
France;Données consolidées;2024-01-03;02:15;2024-01-03T02:15:00+01:00;;49550;50050;;;;;;;;;;;;;;;;;;;;;;;;;;;;;
France;Données consolidées;2024-01-03;03:30;2024-01-03T03:30:00+01:00;48155;46700;47000;95;11;2248;41993;10298;0;6511;-2853;1213;-11253;23;-2915;-2338;-2658;-3072;-859;12;62;21;93;1001;132;1022;5235;1271;5;512;362;338
France;Données consolidées;2024-01-03;06:30;2024-01-03T06:30:00+01:00;53182;51800;52000;95;11;2232;43912;16834;1;6726;-1745;1184;-15978;20;-2449;-2500;-3641;-3199;-4224;12;62;21;98;1001;108;1025;5384;1337;5;491;359;334
France;Données consolidées;2024-01-03;07:45;2024-01-03T07:45:00+01:00;;56300;56450;;;;;;;;;;;;;;;;;;;;;;;;;;;;;
France;Données consolidées;2024-01-03;10:00;2024-01-03T10:00:00+01:00;61496;60300;59900;99;13;2305;46774;16916;1164;8509;-468;1166;-14871;18;-3014;-3028;-3235;-2879;-3828;14;64;21;98;1036;136;1035;5914;2456;139;492;345;329
France;Données consolidées;2024-01-03;11:15;2024-01-03T11:15:00+01:00;;60850;60600;;;;;;;;;;;;;;;;;;;;;;;;;;;;;
France;Données consolidées;2024-01-03;12:30;2024-01-03T12:30:00+01:00;62667;61500;60800;95;13;2384;46728;17365;3455;8541;-594;1168;-16389;18;-3014;-3137;-3751;-3100;-3599;14;62;20;99;1043;212;1030;5885;2328;328;492;340;335
France;Données consolidées;2024-01-03;15:45;2024-01-03T15:45:00+01:00;;56950;57200;;;;;;;;;;;;;;;;;;;;;;;;;;;;;
France;Données consolidées;2024-01-03;16:00;2024-01-03T16:00:00+01:00;59124;56700;56800;98;17;2280;46957;17732;1282;9947;-220;1211;-20074;18;-3014;-3330;-3879;-3100;-6245;14;63;21;88;1051;105;1036;6137;3241;569;500;367;344
France;Données consolidées;2024-01-03;16:45;2024-01-03T16:45:00+01:00;;57050;57100;;;;;;;;;;;;;;;;;;;;;;;;;;;;;
France;Données consolidées;2024-01-03;18:45;2024-01-03T18:45:00+01:00;;62300;62950;;;;;;;;;;;;;;;;;;;;;;;;;;;;;
France;Données consolidées;2024-01-03;19:30;2024-01-03T19:30:00+01:00;64440;62000;62800;105;17;2293;47127;17866;0;13203;-23;1194;-17238;17;-3014;-3300;-3840;-3200;-4304;14;70;21;91;1034;128;1039;6832;3841;2530;492;356;345
France;Données consolidées;2024-01-03;21:00;2024-01-03T21:00:00+01:00;59239;56700;57900;106;16;2312;47101;17645;0;10751;-22;1203;-19769;18;-3014;-3200;-3469;-3200;-7076;14;71;21;90;1035;148;1040;6586;3238;927;492;364;346
France;Données consolidées;2024-01-03;21:15;2024-01-03T21:15:00+01:00;;55950;57250;;;;;;;;;;;;;;;;;;;;;;;;;;;;;
France;Données consolidées;2024-01-03;21:45;2024-01-03T21:45:00+01:00;;54600;56050;;;;;;;;;;;;;;;;;;;;;;;;;;;;;
France;Données consolidées;2024-01-03;23:00;2024-01-03T23:00:00+01:00;58007;56800;57500;106;16;2279;46273;16607;0;9924;-42;1214;-18265;18;-2569;-2900;-3222;-3200;-4850;14;71;21;91;1035;123;1030;6186;3144;595;500;370;344
France;Données consolidées;2024-01-03;23:45;2024-01-03T23:45:00+01:00;;55900;56050;;;;;;;;;;;;;;;;;;;;;;;;;;;;;
France;Données consolidées;2024-01-04;00:45;2024-01-04T00:45:00+01:00;;52850;52250;;;;;;;;;;;;;;;;;;;;;;;;;;;;;
France;Données consolidées;2024-01-04;02:30;2024-01-04T02:30:00+01:00;52239;51300;50600;106;16;2323;44687;14863;0;7259;-2077;1178;-16009;21;-2331;-2800;-2066;-3200;-5507;14;70;21;84;1024;185;1030;5568;1686;5;501;336;340
France;Données consolidées;2024-01-04;03:15;2024-01-04T03:15:00+01:00;;49500;48700;;;;;;;;;;;;;;;;;;;;;;;;;;;;;
France;Données consolidées;2024-01-04;03:45;2024-01-04T03:45:00+01:00;;48700;47800;;;;;;;;;;;;;;;;;;;;;;;;;;;;;
France;Données consolidées;2024-01-04;04:30;2024-01-04T04:30:00+01:00;48824;47800;47200;107;16;2308;44536;13675;0;6751;-2468;1147;-17152;21;-2294;-3515;-2098;-3155;-6504;14;72;21;84;1026;161;1036;5446;1300;5;498;315;334
France;Données consolidées;2024-01-04;07:00;2024-01-04T07:00:00+01:00;56141;56400;55000;105;17;2914;46505;11239;0;9545;-23;1154;-15216;23;-2140;-2407;-3426;-2599;-3725;14;70;21;89;1051;740;1034;6014;3094;437;479;338;337
France;Données consolidées;2024-01-04;07:15;2024-01-04T07:15:00+01:00;;57300;56100;;;;;;;;;;;;;;;;;;;;;;;;;;;;;
France;Données consolidées;2024-01-04;09:30;2024-01-04T09:30:00+01:00;62537;62400;61000;105;17;4370;46576;9760;1188;12457;-23;1126;-12916;28;-1890;-2223;-1898;-3062;-4561;14;70;21;92;1112;2131;1035;6307;4228;1922;465;328;332
France;Données consolidées;2024-01-04;10:45;2024-01-04T10:45:00+01:00;;63150;61000;;;;;;;;;;;;;;;;;;;;;;;;;;;;;
France;Données consolidées;2024-01-04;11:15;2024-01-04T11:15:00+01:00;;63350;61100;;;;;;;;;;;;;;;;;;;;;;;;;;;;;
France;Données consolidées;2024-01-04;11:30;2024-01-04T11:30:00+01:00;62314;63500;61200;104;17;4778;46650;8577;4930;10682;-207;1104;-14190;29;-2089;-3561;-1871;-2795;-3661;14;68;22;90;1135;2531;1022;6399;3617;665;440;328;336
France;Données consolidées;2024-01-04;13:30;2024-01-04T13:30:00+01:00;60092;61200;58600;104;17;4963;46708;8542;5200;11283;-78;1168;-17716;30;-2855;-3397;-1137;-2864;-7399;14;69;21;93;1077;2756;1036;6291;3517;1475;471;354;342
France;Données consolidées;2024-01-04;14:30;2024-01-04T14:30:00+01:00;59603;61600;58300;105;16;5012;46693;8637;4215;11134;-79;1177;-17220;31;-2939;-3153;-2198;-2490;-6204;14;70;21;93;1095;2795;1029;6239;3591;1305;476;358;343
France;Données consolidées;2024-01-04;14:45;2024-01-04T14:45:00+01:00;;61250;58050;;;;;;;;;;;;;;;;;;;;;;;;;;;;;
France;Données consolidées;2024-01-04;16:15;2024-01-04T16:15:00+01:00;;58850;56150;;;;;;;;;;;;;;;;;;;;;;;;;;;;;
France;Données consolidées;2024-01-04;16:45;2024-01-04T16:45:00+01:00;;58700;56200;;;;;;;;;;;;;;;;;;;;;;;;;;;;;
France;Données consolidées;2024-01-04;17:00;2024-01-04T17:00:00+01:00;58317;58800;56400;107;15;4737;45927;10991;260;13411;-23;1197;-18214;30;-3014;-3061;-4231;-3200;-4689;15;71;21;93;1090;2499;1054;6764;4199;2448;486;360;351
France;Données consolidées;2024-01-04;17:45;2024-01-04T17:45:00+01:00;;61650;59650;;;;;;;;;;;;;;;;;;;;;;;;;;;;;
France;Données consolidées;2024-01-04;18:15;2024-01-04T18:15:00+01:00;;63000;61250;;;;;;;;;;;;;;;;;;;;;;;;;;;;;
France;Données consolidées;2024-01-04;20:00;2024-01-04T20:00:00+01:00;63548;62000;60800;107;16;5150;46241;13874;0;14516;-23;1204;-17415;30;-3014;-2931;-4190;-3000;-5803;15;71;21;93;1110;2886;1061;7058;4826;2632;490;360;353
France;Données consolidées;2024-01-04;21:00;2024-01-04T21:00:00+01:00;59551;58200;57200;106;16;4979;46431;14087;0;12333;-22;1223;-19480;30;-2901;-3378;-3928;-3200;-5350;15;70;21;93;1092;2738;1056;6706;4090;1537;509;362;352
France;Données consolidées;2024-01-04;22:00;2024-01-04T22:00:00+01:00;56833;55900;55000;109;16;4479;46304;13535;0;10069;-22;1227;-18761;29;-2713;-3078;-3942;-3200;-5636;15;73;21;90;1060;2277;1052;6252;3043;773;514;362;352
France;Données consolidées;2024-01-04;22:15;2024-01-04T22:15:00+01:00;;56100;55250;;;;;;;;;;;;;;;;;;;;;;;;;;;;;
France;Données consolidées;2024-01-05;00:30;2024-01-05T00:30:00+01:00;55622;53500;53600;107;16;4211;46840;12411;0;9245;-273;1268;-18086;28;-2745;-2554;-3858;-3200;-5325;15;71;21;85;1060;2016;1049;6013;2986;245;534;383;351
France;Données consolidées;2024-01-05;00:45;2024-01-05T00:45:00+01:00;;52600;52600;;;;;;;;;;;;;;;;;;;;;;;;;;;;;
France;Données consolidées;2024-01-05;01:00;2024-01-05T01:00:00+01:00;53321;51700;51600;108;15;3393;46895;12250;0;9094;-1743;1252;-17834;25;-2615;-1589;-3380;-3200;-6020;14;72;21;85;1060;1195;1052;5914;2890;290;530;371;351
France;Données consolidées;2024-01-05;02:00;2024-01-05T02:00:00+01:00;52944;52400;52200;107;16;3237;47013;11747;0;8547;-2311;1255;-16561;25;-2421;-582;-3715;-3200;-6148;13;73;21;85;1061;1047;1043;5819;2563;165;529;376;349
France;Données consolidées;2024-01-05;02:15;2024-01-05T02:15:00+01:00;;51700;51500;;;;;;;;;;;;;;;;;;;;;;;;;;;;;
France;Données consolidées;2024-01-05;04:00;2024-01-05T04:00:00+01:00;49686;48200;48200;106;16;2970;45485;11044;0;8050;-3030;1234;-16081;25;-2279;-1376;-3859;-3120;-5810;13;72;21;92;1063;756;1059;5684;2361;5;511;377;345
France;Données consolidées;2024-01-05;04:30;2024-01-05T04:30:00+01:00;49477;48100;47900;106;16;2979;45712;10814;0;7869;-2926;1204;-16201;25;-2279;-1376;-3859;-3120;-5866;13;72;21;95;1062;762;1060;5547;2317;5;507;353;343
France;Données consolidées;2024-01-05;05:15;2024-01-05T05:15:00+01:00;;48650;49300;;;;;;;;;;;;;;;;;;;;;;;;;;;;;
France;Données consolidées;2024-01-05;05:45;2024-01-05T05:45:00+01:00;;50200;50900;;;;;;;;;;;;;;;;;;;;;;;;;;;;;
France;Données consolidées;2024-01-05;07:15;2024-01-05T07:15:00+01:00;;56200;57050;;;;;;;;;;;;;;;;;;;;;;;;;;;;;
France;Données consolidées;2024-01-05;07:45;2024-01-05T07:45:00+01:00;;58050;58850;;;;;;;;;;;;;;;;;;;;;;;;;;;;;
France;Données consolidées;2024-01-05;08:15;2024-01-05T08:15:00+01:00;;59350;60500;;;;;;;;;;;;;;;;;;;;;;;;;;;;;
France;Données consolidées;2024-01-05;08:30;2024-01-05T08:30:00+01:00;62435;59700;61200;98;16;4934;47565;7975;1;10085;-249;1192;-9079;33;-1070;1545;-3924;-3200;-3947;7;70;21;104;1150;2591;1089;6246;3735;104;484;370;337
France;Données consolidées;2024-01-05;08:45;2024-01-05T08:45:00+01:00;;60000;61350;;;;;;;;;;;;;;;;;;;;;;;;;;;;;
France;Données consolidées;2024-01-05;10:15;2024-01-05T10:15:00+01:00;;61500;63000;;;;;;;;;;;;;;;;;;;;;;;;;;;;;
France;Données consolidées;2024-01-05;12:00;2024-01-05T12:00:00+01:00;65077;62500;63600;98;16;5538;47556;6562;2809;9929;-44;1194;-8480;35;-2930;2900;-3817;-3109;-2941;8;68;21;101;1167;3171;1100;6453;3470;6;477;373;344
France;Données consolidées;2024-01-05;12:15;2024-01-05T12:15:00+01:00;;61700;63100;;;;;;;;;;;;;;;;;;;;;;;;;;;;;
France;Données consolidées;2024-01-05;12:30;2024-01-05T12:30:00+01:00;64523;60900;62600;98;16;5530;47554;6660;3247;10517;-55;1202;-10152;34;-2930;2900;-3817;-3109;-3110;8;68;21;96;1165;3170;1099;6384;3712;421;483;372;347
France;Données consolidées;2024-01-05;13:45;2024-01-05T13:45:00+01:00;;58900;60550;;;;;;;;;;;;;;;;;;;;;;;;;;;;;
France;Données consolidées;2024-01-05;14:15;2024-01-05T14:15:00+01:00;;59150;60550;;;;;;;;;;;;;;;;;;;;;;;;;;;;;
France;Données consolidées;2024-01-05;16:15;2024-01-05T16:15:00+01:00;;56250;58500;;;;;;;;;;;;;;;;;;;;;;;;;;;;;
France;Données consolidées;2024-01-05;19:30;2024-01-05T19:30:00+01:00;65282;61500;63700;99;17;5875;47574;5013;0;15309;-23;1215;-9698;36;-2843;2913;-4337;-2298;-2558;8;70;21;103;1158;3490;1123;7208;4986;3116;494;367;353
France;Données consolidées;2024-01-05;20:15;2024-01-05T20:15:00+01:00;;58800;61400;;;;;;;;;;;;;;;;;;;;;;;;;;;;;
France;Données consolidées;2024-01-05;22:30;2024-01-05T22:30:00+01:00;58976;55000;58000;99;15;5742;47643;5315;0;9824;-23;1238;-10779;38;-2971;2913;-3943;-2738;-2440;8;70;21;101;1135;3425;1082;6522;3036;265;517;372;348
France;Données consolidées;2024-01-05;23:45;2024-01-05T23:45:00+01:00;;57400;58450;;;;;;;;;;;;;;;;;;;;;;;;;;;;;
France;Données consolidées;2024-01-06;00:15;2024-01-06T00:15:00+01:00;;57450;57000;;;;;;;;;;;;;;;;;;;;;;;;;;;;;
France;Données consolidées;2024-01-06;01:00;2024-01-06T01:00:00+01:00;55453;54200;54500;100;13;2853;46941;4992;0;9093;-566;1220;-9093;25;-3014;3500;-1832;-3200;-4371;8;71;21;96;1073;605;1078;5972;3017;104;507;372;340
France;Données consolidées;2024-01-06;01:15;2024-01-06T01:15:00+01:00;;54350;54650;;;;;;;;;;;;;;;;;;;;;;;;;;;;;
France;Données consolidées;2024-01-06;04:00;2024-01-06T04:00:00+01:00;51161;49200;50100;100;13;2743;45893;4980;0;8016;-831;1217;-10864;25;-2969;3641;-1904;-3200;-7563;6;71;23;96;1065;512;1071;5893;2019;103;504;371;342
France;Données consolidées;2024-01-06;04:15;2024-01-06T04:15:00+01:00;;49000;49800;;;;;;;;;;;;;;;;;;;;;;;;;;;;;
France;Données consolidées;2024-01-06;04:30;2024-01-06T04:30:00+01:00;50536;48800;49500;98;14;2779;46131;4999;0;8456;-1071;1215;-11979;25;-2969;3641;-1904;-3200;-7604;6;70;21;96;1066;548;1068;5922;2381;153;498;375;342
France;Données consolidées;2024-01-06;05:00;2024-01-06T05:00:00+01:00;50184;48500;49200;98;13;2779;45996;5044;0;8082;-1091;1217;-11839;25;-3014;3648;-2280;-3200;-6570;6;71;21;96;1061;558;1064;5921;2059;102;499;375;342
France;Données consolidées;2024-01-06;05:15;2024-01-06T05:15:00+01:00;;48900;49500;;;;;;;;;;;;;;;;;;;;;;;;;;;;;
France;Données consolidées;2024-01-06;05:30;2024-01-06T05:30:00+01:00;50837;49300;49800;100;13;2736;46375;5139;0;8117;-1372;1214;-11380;25;-3014;3648;-2280;-3200;-6481;6;72;21;96;1063;515;1062;5947;2165;5;498;377;340
France;Données consolidées;2024-01-06;06:00;2024-01-06T06:00:00+01:00;51216;50400;50500;98;13;2609;47185;5241;0;7824;-1200;1224;-11670;24;-2727;3241;-2203;-3142;-6495;6;71;21;99;1065;375;1070;5954;1864;5;504;381;338
France;Données consolidées;2024-01-06;09:00;2024-01-06T09:00:00+01:00;57357;56000;56500;104;13;4537;47457;5579;193;9719;-460;1223;-10909;32;-2549;3176;-2996;-2528;-5660;12;71;21;101;1103;2273;1060;6320;3105;293;503;376;344
France;Données consolidées;2024-01-06;09:15;2024-01-06T09:15:00+01:00;;56700;57250;;;;;;;;;;;;;;;;;;;;;;;;;;;;;
France;Données consolidées;2024-01-06;09:45;2024-01-06T09:45:00+01:00;;57950;58450;;;;;;;;;;;;;;;;;;;;;;;;;;;;;
France;Données consolidées;2024-01-06;10:45;2024-01-06T10:45:00+01:00;;59150;59800;;;;;;;;;;;;;;;;;;;;;;;;;;;;;
France;Données consolidées;2024-01-06;12:15;2024-01-06T12:15:00+01:00;;60450;61050;;;;;;;;;;;;;;;;;;;;;;;;;;;;;
France;Données consolidées;2024-01-06;13:15;2024-01-06T13:15:00+01:00;;58500;59250;;;;;;;;;;;;;;;;;;;;;;;;;;;;;
France;Données consolidées;2024-01-06;13:45;2024-01-06T13:45:00+01:00;;57350;58150;;;;;;;;;;;;;;;;;;;;;;;;;;;;;
France;Données consolidées;2024-01-06;16:45;2024-01-06T16:45:00+01:00;;55550;56250;;;;;;;;;;;;;;;;;;;;;;;;;;;;;
France;Données consolidées;2024-01-06;19:15;2024-01-06T19:15:00+01:00;;60850;62400;;;;;;;;;;;;;;;;;;;;;;;;;;;;;
France;Données consolidées;2024-01-06;20:00;2024-01-06T20:00:00+01:00;63218;60100;61200;107;13;4824;47859;8046;0;12497;-23;1225;-11230;31;-3014;2123;-2381;-3200;-5759;15;70;21;102;1145;2468;1109;6857;4186;1455;504;376;345
France;Données consolidées;2024-01-06;22:30;2024-01-06T22:30:00+01:00;59250;57800;58200;108;12;3171;48233;7357;0;9847;-31;1233;-10579;25;-2671;2375;-2318;-2212;-4880;15;72;21;100;1133;840;1099;6295;3169;382;512;377;345
France;Données consolidées;2024-01-06;23:00;2024-01-06T23:00:00+01:00;60948;59300;59200;107;13;3517;48238;7374;0;10203;-31;1234;-9606;26;-2475;2516;-2387;-2665;-4376;15;70;21;100;1133;1185;1098;6233;3404;567;515;375;345
France;Données consolidées;2024-01-07;03:00;2024-01-07T03:00:00+01:00;54560;52000;53100;110;16;2683;47639;7288;0;7494;-1623;1231;-10171;24;-3014;2546;-1237;-3200;-6806;15;73;21;96;1067;417;1104;5679;1809;6;514;376;341
France;Données consolidées;2024-01-07;03:15;2024-01-07T03:15:00+01:00;;51600;52550;;;;;;;;;;;;;;;;;;;;;;;;;;;;;
France;Données consolidées;2024-01-07;03:45;2024-01-07T03:45:00+01:00;;50800;51500;;;;;;;;;;;;;;;;;;;;;;;;;;;;;
France;Données consolidées;2024-01-07;04:15;2024-01-07T04:15:00+01:00;;50100;50700;;;;;;;;;;;;;;;;;;;;;;;;;;;;;
France;Données consolidées;2024-01-07;05:15;2024-01-07T05:15:00+01:00;;50050;50350;;;;;;;;;;;;;;;;;;;;;;;;;;;;;
France;Données consolidées;2024-01-07;08:15;2024-01-07T08:15:00+01:00;;54750;55000;;;;;;;;;;;;;;;;;;;;;;;;;;;;;
France;Données consolidées;2024-01-07;08:45;2024-01-07T08:45:00+01:00;;55700;55850;;;;;;;;;;;;;;;;;;;;;;;;;;;;;
France;Données consolidées;2024-01-07;09:00;2024-01-07T09:00:00+01:00;57349;56300;56300;108;16;3211;48299;7263;235;9018;-1228;1193;-10664;26;-3014;3515;-2670;-3085;-5079;15;72;21;96;1104;903;1108;6027;2857;134;500;353;339
France;Données consolidées;2024-01-07;09:30;2024-01-07T09:30:00+01:00;59051;57900;57800;109;16;3346;48337;7214;776;9121;-1259;1188;-9701;26;-3014;3515;-2670;-3085;-5321;16;72;21;96;1149;992;1108;6168;2823;130;502;345;340
France;Données consolidées;2024-01-07;10:00;2024-01-07T10:00:00+01:00;60438;59400;59300;110;16;3391;48372;7182;1512;9376;-960;1191;-9660;26;-2964;3515;-3309;-3200;-4537;16;74;21;96;1152;1035;1109;6161;3060;156;504;349;338
France;Données consolidées;2024-01-07;10:15;2024-01-07T10:15:00+01:00;;60000;59950;;;;;;;;;;;;;;;;;;;;;;;;;;;;;
France;Données consolidées;2024-01-07;11:30;2024-01-07T11:30:00+01:00;63492;62000;62100;109;16;3326;49232;7299;3520;8640;-192;1182;-9535;24;-3014;3237;-3118;-3200;-4104;16;72;21;93;1144;993;1097;5955;2443;243;497;342;343
France;Données consolidées;2024-01-07;13:30;2024-01-07T13:30:00+01:00;63037;61900;61300;110;15;3023;49210;8331;3548;9055;-627;1176;-10689;23;-3014;3237;-2820;-2813;-4968;16;73;21;88;1233;600;1103;5711;2371;973;490;342;344
France;Données consolidées;2024-01-07;14:15;2024-01-07T14:15:00+01:00;;61600;60600;;;;;;;;;;;;;;;;;;;;;;;;;;;;;
France;Données consolidées;2024-01-07;15:30;2024-01-07T15:30:00+01:00;61398;61000;59900;109;15;3656;48505;8693;1767;8851;-78;1173;-11204;26;-3014;3191;-3042;-3200;-5671;16;72;21;96;1235;1229;1096;5755;2752;343;489;340;344
France;Données consolidées;2024-01-07;16:00;2024-01-07T16:00:00+01:00;60739;59800;59000;111;16;4002;48481;8835;1175;9005;-84;1184;-11884;28;-3014;3177;-4037;-3200;-5190;16;74;21;97;1233;1576;1096;5809;2801;396;496;344;343
France;Données consolidées;2024-01-07;20:00;2024-01-07T20:00:00+01:00;67730;66100;65800;109;15;5138;49353;11220;0;11686;-28;1186;-10849;31;-3014;-1281;-2306;-2720;-2455;16;72;21;104;1237;2681;1116;6564;3595;1528;483;360;343
France;Données consolidées;2024-01-07;20:30;2024-01-07T20:30:00+01:00;66493;64800;64500;109;15;5184;49379;11482;0;11709;-28;1180;-12431;31;-3014;-1281;-2306;-2720;-2313;16;72;21;104;1236;2729;1115;6526;3771;1413;480;358;342
France;Données consolidées;2024-01-07;23:30;2024-01-07T23:30:00+01:00;63612;63200;62700;109;14;4949;48729;11839;0;7735;-352;1139;-10429;32;-2562;-432;-2149;-2696;-1621;16;72;21;101;1249;2510;1090;5899;1830;6;469;335;334
France;Données consolidées;2024-01-08;01:00;2024-01-08T01:00:00+01:00;60339;58300;58800;109;14;3623;49013;11377;0;7677;-976;1175;-11573;26;-2966;-163;-1655;-3150;-3042;16;72;21;97;1233;1184;1109;5702;1970;6;488;354;332
France;Données consolidées;2024-01-08;02:45;2024-01-08T02:45:00+01:00;;57850;58300;;;;;;;;;;;;;;;;;;;;;;;;;;;;;
France;Données consolidées;2024-01-08;03:15;2024-01-08T03:15:00+01:00;;57100;57350;;;;;;;;;;;;;;;;;;;;;;;;;;;;;
France;Données consolidées;2024-01-08;03:30;2024-01-08T03:30:00+01:00;58825;56900;56900;110;15;4081;48324;11400;0;6950;-1712;1173;-11409;29;-2978;-351;-1042;-3199;-4392;16;73;21;97;1239;1631;1115;5345;1599;6;490;355;327
France;Données consolidées;2024-01-08;03:45;2024-01-08T03:45:00+01:00;;56700;56750;;;;;;;;;;;;;;;;;;;;;;;;;;;;;
France;Données consolidées;2024-01-08;05:45;2024-01-08T05:45:00+01:00;;60700;60850;;;;;;;;;;;;;;;;;;;;;;;;;;;;;
France;Données consolidées;2024-01-08;07:15;2024-01-08T07:15:00+01:00;;70850;69850;;;;;;;;;;;;;;;;;;;;;;;;;;;;;
France;Données consolidées;2024-01-08;08:15;2024-01-08T08:15:00+01:00;;75500;73700;;;;;;;;;;;;;;;;;;;;;;;;;;;;;
France;Données consolidées;2024-01-08;09:45;2024-01-08T09:45:00+01:00;;76950;76050;;;;;;;;;;;;;;;;;;;;;;;;;;;;;
France;Données consolidées;2024-01-08;10:45;2024-01-08T10:45:00+01:00;;76900;76800;;;;;;;;;;;;;;;;;;;;;;;;;;;;;
France;Données consolidées;2024-01-08;11:30;2024-01-08T11:30:00+01:00;78782;77200;77500;112;14;7593;49339;9961;2502;12394;-29;1110;-4168;40;-490;2450;-4485;-3200;1978;16;75;21;98;1486;4807;1202;6489;3937;1968;454;329;326
France;Données consolidées;2024-01-08;11:45;2024-01-08T11:45:00+01:00;;77450;77850;;;;;;;;;;;;;;;;;;;;;;;;;;;;;
France;Données consolidées;2024-01-08;13:00;2024-01-08T13:00:00+01:00;77719;75300;75900;111;15;7764;49353;10049;3159;10084;-31;1138;-3808;41;-915;808;-4485;-3200;3074;16;74;21;101;1503;4930;1230;6110;3695;278;471;332;335
France;Données consolidées;2024-01-08;14:15;2024-01-08T14:15:00+01:00;;74350;75550;;;;;;;;;;;;;;;;;;;;;;;;;;;;;
France;Données consolidées;2024-01-08;16:45;2024-01-08T16:45:00+01:00;;73050;73550;;;;;;;;;;;;;;;;;;;;;;;;;;;;;
France;Données consolidées;2024-01-08;17:45;2024-01-08T17:45:00+01:00;;76600;76850;;;;;;;;;;;;;;;;;;;;;;;;;;;;;
France;Données consolidées;2024-01-08;18:15;2024-01-08T18:15:00+01:00;;78200;78750;;;;;;;;;;;;;;;;;;;;;;;;;;;;;
France;Données consolidées;2024-01-08;21:00;2024-01-08T21:00:00+01:00;76546;72800;74000;109;17;8569;49413;7004;0;13073;-28;1144;-2659;46;945;-1850;-4111;-3200;5626;14;74;21;109;1586;5649;1225;7024;5648;401;454;348;343
France;Données consolidées;2024-01-08;21:45;2024-01-08T21:45:00+01:00;;70350;71400;;;;;;;;;;;;;;;;;;;;;;;;;;;;;
France;Données consolidées;2024-01-08;22:45;2024-01-08T22:45:00+01:00;;71050;72000;;;;;;;;;;;;;;;;;;;;;;;;;;;;;
France;Données consolidées;2024-01-08;23:30;2024-01-08T23:30:00+01:00;73195;71400;71900;110;18;8268;49377;5562;0;10157;-23;1137;-1308;47;2357;-1850;-4191;-3169;5171;14;75;21;106;1540;5432;1191;6320;3644;193;460;332;345
France;Données consolidées;2024-01-08;23:45;2024-01-08T23:45:00+01:00;;70650;71600;;;;;;;;;;;;;;;;;;;;;;;;;;;;;
France;Données consolidées;2024-01-09;00:45;2024-01-09T00:45:00+01:00;;67550;68500;;;;;;;;;;;;;;;;;;;;;;;;;;;;;
France;Données consolidées;2024-01-09;01:15;2024-01-09T01:15:00+01:00;;67000;68150;;;;;;;;;;;;;;;;;;;;;;;;;;;;;
France;Données consolidées;2024-01-09;05:15;2024-01-09T05:15:00+01:00;;64500;66700;;;;;;;;;;;;;;;;;;;;;;;;;;;;;
France;Données consolidées;2024-01-09;07:30;2024-01-09T07:30:00+01:00;80045;76900;78300;105;352;8287;50067;4776;0;14416;-78;1108;1103;49;2941;700;-3927;-1931;3468;13;71;21;109;1590;5331;1256;7074;5900;1442;453;324;331
France;Données consolidées;2024-01-09;07:45;2024-01-09T07:45:00+01:00;;77900;79350;;;;;;;;;;;;;;;;;;;;;;;;;;;;;
France;Données consolidées;2024-01-09;08:00;2024-01-09T08:00:00+01:00;82042;78900;80400;106;353;8549;50107;4849;0;15802;-27;1100;1305;49;1905;700;-4229;-939;4040;13;71;21;109;1551;5632;1257;7093;6243;2466;449;320;330
France;Données consolidées;2024-01-09;08:30;2024-01-09T08:30:00+01:00;82663;79100;81000;113;353;8615;50118;4736;10;16375;-27;1098;1374;49;1905;700;-4229;-939;4040;14;72;27;109;1582;5662;1263;7105;6228;3042;448;321;329
France;Données consolidées;2024-01-09;08:45;2024-01-09T08:45:00+01:00;;79350;81050;;;;;;;;;;;;;;;;;;;;;;;;;;;;;
France;Données consolidées;2024-01-09;09:30;2024-01-09T09:30:00+01:00;83364;80200;81600;107;355;8680;50089;4585;796;15946;-28;1101;1863;49;1552;-489;-3671;-299;4951;13;73;21;109;1600;5721;1251;7121;6106;2719;447;324;330
France;Données consolidées;2024-01-09;12:45;2024-01-09T12:45:00+01:00;;78550;80750;;;;;;;;;;;;;;;;;;;;;;;;;;;;;
France;Données consolidées;2024-01-09;13:15;2024-01-09T13:15:00+01:00;;77350;79700;;;;;;;;;;;;;;;;;;;;;;;;;;;;;
France;Données consolidées;2024-01-09;14:15;2024-01-09T14:15:00+01:00;;76800;78550;;;;;;;;;;;;;;;;;;;;;;;;;;;;;
France;Données consolidées;2024-01-09;14:30;2024-01-09T14:30:00+01:00;79775;76700;78300;106;572;8506;49934;4352;4079;10640;-194;1054;823;53;2228;0;-4406;-1852;4830;14;72;21;109;1597;5542;1258;6351;4184;106;417;308;329
France;Données consolidées;2024-01-09;15:00;2024-01-09T15:00:00+01:00;79409;75700;78300;106;572;8610;49979;4354;3521;11020;-22;1090;284;53;2282;677;-3975;-1319;2753;13;71;21;108;1618;5622;1261;6382;4365;273;426;329;334
France;Données consolidées;2024-01-09;15:15;2024-01-09T15:15:00+01:00;;75400;77750;;;;;;;;;;;;;;;;;;;;;;;;;;;;;
France;Données consolidées;2024-01-09;15:45;2024-01-09T15:45:00+01:00;;75000;76950;;;;;;;;;;;;;;;;;;;;;;;;;;;;;
France;Données consolidées;2024-01-09;18:00;2024-01-09T18:00:00+01:00;82254;78800;81100;106;19;8715;50081;3563;1;17333;-73;1112;1500;46;1341;950;-2324;-1429;4580;14;71;21;108;1666;5655;1285;7125;6355;3853;424;343;344
France;Données consolidées;2024-01-09;20:00;2024-01-09T20:00:00+01:00;83217;78500;81300;958;17;8942;50298;3687;0;14891;-63;1112;3497;56;1323;-1609;-2492;-653;5276;876;61;21;110;1741;5801;1290;7295;5512;2084;428;340;344
France;Données consolidées;2024-01-09;21:30;2024-01-09T21:30:00+01:00;76928;72600;75300;960;19;8743;50740;3177;0;11557;-29;1107;749;57;2012;-1900;-3940;919;4078;878;60;21;110;1599;5811;1222;6780;4388;390;430;333;344
France;Données consolidées;2024-01-10;00:00;2024-01-10T00:00:00+01:00;74685;74500;73000;365;17;8639;50862;2369;0;9919;-28;1128;1515;53;2583;-1321;-2902;-2201;4169;284;60;21;108;1577;5750;1205;6312;3431;176;436;349;343
France;Données consolidées;2024-01-10;00:30;2024-01-10T00:30:00+01:00;73583;73000;71800;325;18;8757;50939;2319;0;10171;-26;1125;72;52;2583;-1321;-2902;-2201;3765;244;60;21;103;1505;5956;1194;6163;3864;144;440;346;338
France;Données consolidées;2024-01-10;02:00;2024-01-10T02:00:00+01:00;71397;72600;70900;94;18;8521;50857;2391;0;9222;-581;1132;-168;50;2451;-88;-3069;-2711;3499;13;60;21;103;1495;5733;1189;5888;3228;106;446;346;340
France;Données consolidées;2024-01-10;02:15;2024-01-10T02:15:00+01:00;;71850;70400;;;;;;;;;;;;;;;;;;;;;;;;;;;;;
France;Données consolidées;2024-01-10;03:15;2024-01-10T03:15:00+01:00;;68950;68000;;;;;;;;;;;;;;;;;;;;;;;;;;;;;
France;Données consolidées;2024-01-10;06:30;2024-01-10T06:30:00+01:00;74577;74800;73400;94;18;8882;50851;2608;0;10932;-252;1084;450;50;3013;1139;-2564;-2160;1511;13;59;21;108;1544;6031;1199;6195;4526;211;423;327;335
France;Données consolidées;2024-01-10;06:45;2024-01-10T06:45:00+01:00;;76100;74850;;;;;;;;;;;;;;;;;;;;;;;;;;;;;
France;Données consolidées;2024-01-10;09:30;2024-01-10T09:30:00+01:00;83865;84000;82600;89;17;9133;50949;2350;360;17559;-23;1047;2481;47;1125;900;-1161;233;1871;13;58;18;111;1602;6153;1267;7060;6718;3781;413;308;325
France;Données consolidées;2024-01-10;10:15;2024-01-10T10:15:00+01:00;;84300;82650;;;;;;;;;;;;;;;;;;;;;;;;;;;;;
France;Données consolidées;2024-01-10;11:00;2024-01-10T11:00:00+01:00;84058;84000;82000;92;14;9038;50906;1834;1377;14661;-24;1039;5237;48;234;1100;-798;-2339;7308;14;61;18;110;1594;6073;1261;6818;5723;2120;411;308;320
France;Données consolidées;2024-01-10;17:00;2024-01-10T17:00:00+01:00;78964;78300;77800;103;12;9201;50892;2383;116;15725;-28;1104;-431;49;1064;800;-1024;-224;-76;14;68;21;111;1574;6238;1279;6967;6075;2683;436;320;347
France;Données consolidées;2024-01-10;19:00;2024-01-10T19:00:00+01:00;85752;85000;84400;763;10;9268;50803;3411;0;16811;-79;1103;3764;53;542;800;-555;912;1448;674;68;21;103;1709;6184;1272;7337;6478;2995;437;315;351
France;Données consolidées;2024-01-10;19:15;2024-01-10T19:15:00+01:00;;84450;83800;;;;;;;;;;;;;;;;;;;;;;;;;;;;;
France;Données consolidées;2024-01-10;21:30;2024-01-10T21:30:00+01:00;76430;76400;75400;746;9;8928;50779;4356;0;12081;-23;1109;-1454;54;879;644;-2650;-1562;1982;658;67;21;103;1593;5997;1235;6739;4610;732;443;322;344
France;Données consolidées;2024-01-10;21:45;2024-01-10T21:45:00+01:00;;75700;74650;;;;;;;;;;;;;;;;;;;;;;;;;;;;;
France;Données consolidées;2024-01-10;22:45;2024-01-10T22:45:00+01:00;;76600;75350;;;;;;;;;;;;;;;;;;;;;;;;;;;;;
France;Données consolidées;2024-01-10;23:45;2024-01-10T23:45:00+01:00;;75200;74100;;;;;;;;;;;;;;;;;;;;;;;;;;;;;
France;Données consolidées;2024-01-11;02:30;2024-01-11T02:30:00+01:00;71376;70100;69500;101;4;8760;50233;5303;0;10140;-785;1131;-3417;49;2230;1700;-3334;-2714;-1663;14;67;21;95;1458;5982;1226;6138;3994;9;450;343;338
France;Données consolidées;2024-01-11;07:30;2024-01-11T07:30:00+01:00;80911;79800;78800;104;351;8944;50128;6342;0;16056;-84;1090;-1919;49;2974;1000;-1105;-2042;-2341;14;69;21;103;1576;5990;1276;6941;6042;3073;424;339;326
France;Données consolidées;2024-01-11;09:00;2024-01-11T09:00:00+01:00;83381;83300;81400;577;595;9130;50134;7105;124;16239;-73;1088;-1444;56;667;1000;-874;-822;-987;489;68;21;101;1620;6163;1246;7062;6237;2940;425;338;323
France;Données consolidées;2024-01-11;10:15;2024-01-11T10:15:00+01:00;;82950;81400;;;;;;;;;;;;;;;;;;;;;;;;;;;;;
France;Données consolidées;2024-01-11;10:30;2024-01-11T10:30:00+01:00;82896;82900;81300;572;468;9152;50219;6212;1803;14313;-24;1064;-776;55;-676;1000;-1099;-1307;1489;483;69;20;103;1661;6141;1247;7028;5775;1510;414;332;318
France;Données consolidées;2024-01-11;12:15;2024-01-11T12:15:00+01:00;;82350;79500;;;;;;;;;;;;;;;;;;;;;;;;;;;;;
France;Données consolidées;2024-01-11;12:30;2024-01-11T12:30:00+01:00;80522;81900;78600;568;472;9185;50266;4836;4219;11656;-103;1095;-1572;57;116;1300;-2259;-2119;2137;478;68;21;102;1695;6128;1260;6771;4142;742;429;335;331
France;Données consolidées;2024-01-11;13:45;2024-01-11T13:45:00+01:00;;80050;75350;;;;;;;;;;;;;;;;;;;;;;;;;;;;;
France;Données consolidées;2024-01-11;14:15;2024-01-11T14:15:00+01:00;;80200;75300;;;;;;;;;;;;;;;;;;;;;;;;;;;;;
France;Données consolidées;2024-01-11;14:30;2024-01-11T14:30:00+01:00;76506;80500;75600;104;47;8815;50255;6225;4109;10331;-102;1102;-4285;46;-461;1300;-3404;-385;-1303;13;71;21;110;1664;5775;1266;6551;3658;122;426;340;336
France;Données consolidées;2024-01-11;14:45;2024-01-11T14:45:00+01:00;;79750;74800;;;;;;;;;;;;;;;;;;;;;;;;;;;;;
France;Données consolidées;2024-01-11;16:30;2024-01-11T16:30:00+01:00;74730;75000;72900;99;280;8674;50141;8467;1176;12573;-23;1117;-7672;48;-1572;1700;-3503;-3200;-1480;11;67;21;110;1561;5732;1271;6443;5006;1124;429;345;343
France;Données consolidées;2024-01-11;16:45;2024-01-11T16:45:00+01:00;;75250;73100;;;;;;;;;;;;;;;;;;;;;;;;;;;;;
France;Données consolidées;2024-01-11;17:15;2024-01-11T17:15:00+01:00;;76650;74350;;;;;;;;;;;;;;;;;;;;;;;;;;;;;
France;Données consolidées;2024-01-11;23:30;2024-01-11T23:30:00+01:00;74442;75000;73400;99;322;8693;49412;6905;0;10680;-191;1151;-2519;52;1455;1467;-3429;-2670;766;15;63;21;103;1438;5940;1212;6457;4032;191;454;362;335
France;Données consolidées;2024-01-12;00:15;2024-01-12T00:15:00+01:00;;71300;71550;;;;;;;;;;;;;;;;;;;;;;;;;;;;;
France;Données consolidées;2024-01-12;00:30;2024-01-12T00:30:00+01:00;72659;70600;71000;100;358;8526;49436;6357;0;10851;-541;1151;-3488;52;2145;-513;-3067;-2831;1296;15;64;21;99;1419;5802;1207;6432;4313;106;452;361;338
France;Données consolidées;2024-01-12;03:00;2024-01-12T03:00:00+01:00;69273;67500;67700;100;357;7593;49446;6734;0;9691;-2142;1167;-3575;50;1447;1395;-3086;-3200;-966;15;64;21;99;1410;4893;1191;6155;3529;6;465;361;340
France;Données consolidées;2024-01-12;04:15;2024-01-12T04:15:00+01:00;;66100;65650;;;;;;;;;;;;;;;;;;;;;;;;;;;;;
France;Données consolidées;2024-01-12;06:45;2024-01-12T06:45:00+01:00;;74350;74150;;;;;;;;;;;;;;;;;;;;;;;;;;;;;
France;Données consolidées;2024-01-12;08:00;2024-01-12T08:00:00+01:00;81264;78900;79700;103;559;8993;49354;6417;0;15706;-14;1147;-899;53;1222;1400;-2845;171;-158;14;68;21;105;1432;6208;1248;6968;5995;2744;461;349;337
France;Données consolidées;2024-01-12;08:45;2024-01-12T08:45:00+01:00;;80200;80150;;;;;;;;;;;;;;;;;;;;;;;;;;;;;
France;Données consolidées;2024-01-12;09:45;2024-01-12T09:45:00+01:00;;80600;80400;;;;;;;;;;;;;;;;;;;;;;;;;;;;;
France;Données consolidées;2024-01-12;11:00;2024-01-12T11:00:00+01:00;81137;79500;79800;104;774;8883;49478;4824;3800;14071;-15;1124;-1811;54;-2345;1600;-791;-261;-32;15;69;21;104;1425;6104;1250;6908;5406;1757;433;356;334
France;Données consolidées;2024-01-12;12:15;2024-01-12T12:15:00+01:00;;77650;79600;;;;;;;;;;;;;;;;;;;;;;;;;;;;;
France;Données consolidées;2024-01-12;13:30;2024-01-12T13:30:00+01:00;77412;73800;76700;102;978;8768;49456;3839;5563;12512;-186;1096;-4605;57;-2914;1600;-904;-1404;-846;15;66;21;105;1434;5988;1241;6803;4948;761;434;315;347
France;Données consolidées;2024-01-12;14:00;2024-01-12T14:00:00+01:00;76466;73500;75900;105;978;8682;49475;3788;5350;11741;-187;1104;-4459;57;-2355;1600;-1363;-1533;-266;15;69;21;105;1433;5899;1243;6703;4649;389;437;317;350
France;Données consolidées;2024-01-12;15:15;2024-01-12T15:15:00+01:00;;70900;73750;;;;;;;;;;;;;;;;;;;;;;;;;;;;;
France;Données consolidées;2024-01-12;15:30;2024-01-12T15:30:00+01:00;75393;70300;73100;103;973;8946;49478;4175;3461;12397;-17;1107;-5125;58;-2180;1700;-2126;-1063;-1740;15;67;21;105;1429;6175;1236;6738;5396;263;443;316;348
France;Données consolidées;2024-01-12;17:00;2024-01-12T17:00:00+01:00;74142;70300;72600;107;1095;8885;49439;4292;517;14888;-18;1113;-6071;60;-1282;1600;-2990;1120;-2403;16;70;21;105;1414;6119;1247;6768;5783;2336;444;317;352
France;Données consolidées;2024-01-12;18:00;2024-01-12T18:00:00+01:00;78229;75000;77000;102;1093;8716;49447;4409;3;16156;-14;1132;-2711;59;-1596;1600;-1669;1283;422;15;66;21;106;1420;5941;1250;7077;6040;3038;457;321;353
France;Données consolidées;2024-01-12;19:00;2024-01-12T19:00:00+01:00;80959;77800;79400;103;989;8414;49422;4431;2;16226;-15;1132;357;56;-1146;1457;-2759;1033;1616;16;66;21;106;1429;5626;1252;7261;6392;2572;455;322;355
France;Données consolidées;2024-01-12;22:00;2024-01-12T22:00:00+01:00;72616;71000;72200;104;480;7959;49536;3637;0;11963;-69;1142;-2035;52;499;679;-4043;-422;2730;15;68;21;102;1324;5374;1159;6541;4905;516;475;312;354
France;Données consolidées;2024-01-12;23:45;2024-01-12T23:45:00+01:00;;72050;72850;;;;;;;;;;;;;;;;;;;;;;;;;;;;;
France;Données consolidées;2024-01-13;01:45;2024-01-13T01:45:00+01:00;;69200;69950;;;;;;;;;;;;;;;;;;;;;;;;;;;;;
France;Données consolidées;2024-01-13;02:30;2024-01-13T02:30:00+01:00;69312;67500;68700;103;358;5890;48579;1980;0;10161;-192;1144;1389;44;-222;2100;-3405;-2333;5558;15;68;21;98;1319;3328;1144;6090;3519;552;477;320;346
France;Données consolidées;2024-01-13;04:45;2024-01-13T04:45:00+01:00;;63450;64250;;;;;;;;;;;;;;;;;;;;;;;;;;;;;
France;Données consolidées;2024-01-13;08:45;2024-01-13T08:45:00+01:00;;71700;72550;;;;;;;;;;;;;;;;;;;;;;;;;;;;;
France;Données consolidées;2024-01-13;10:00;2024-01-13T10:00:00+01:00;75991;74300;75700;105;358;8039;48419;939;1589;13905;-72;1122;1686;51;-2096;1600;-3115;-386;4227;15;69;21;106;1366;5427;1139;6426;5764;1714;465;313;344
France;Données consolidées;2024-01-13;12:30;2024-01-13T12:30:00+01:00;77362;73300;77200;1222;357;8376;49259;916;4982;11762;-15;1136;-527;61;-2387;2100;-2387;201;1747;1121;69;31;101;1448;5695;1133;6075;4970;718;468;317;351
France;Données consolidées;2024-01-13;14:30;2024-01-13T14:30:00+01:00;72807;68100;72500;648;357;8187;48968;741;5238;10232;-355;1141;-2250;57;-2227;2300;-3227;-746;2338;558;69;21;371;1402;5285;1129;5970;4159;103;471;317;352
France;Données consolidées;2024-01-13;16:00;2024-01-13T16:00:00+01:00;71096;65400;70100;104;357;8352;49138;572;2466;11376;-15;1129;-2276;53;-2304;2300;-3519;-1220;2971;13;69;21;104;1376;5738;1134;6188;4725;463;465;314;350
France;Données consolidées;2024-01-13;19:30;2024-01-13T19:30:00+01:00;77850;74300;76800;103;547;8785;49301;1034;0;15330;-15;1128;1733;55;-2143;1309;-3592;692;5280;15;67;21;106;1374;6165;1140;6936;6200;2194;464;309;354
France;Données consolidées;2024-01-13;20:15;2024-01-13T20:15:00+01:00;;72350;74600;;;;;;;;;;;;;;;;;;;;;;;;;;;;;
France;Données consolidées;2024-01-13;20:45;2024-01-13T20:45:00+01:00;;70950;73100;;;;;;;;;;;;;;;;;;;;;;;;;;;;;
France;Données consolidées;2024-01-14;02:45;2024-01-14T02:45:00+01:00;;66200;67950;;;;;;;;;;;;;;;;;;;;;;;;;;;;;
France;Données consolidées;2024-01-14;03:15;2024-01-14T03:15:00+01:00;;64850;66050;;;;;;;;;;;;;;;;;;;;;;;;;;;;;
France;Données consolidées;2024-01-14;03:45;2024-01-14T03:45:00+01:00;;63850;64900;;;;;;;;;;;;;;;;;;;;;;;;;;;;;
France;Données consolidées;2024-01-14;04:00;2024-01-14T04:00:00+01:00;65080;63400;64300;104;13;3722;50428;536;0;9034;-1397;1119;1628;30;-2611;2704;-2290;-2385;5417;15;68;21;93;1320;1192;1117;5683;3345;6;467;304;346
France;Données consolidées;2024-01-14;04:30;2024-01-14T04:30:00+01:00;64413;62500;63600;105;14;3885;50571;480;0;8987;-1471;1116;826;31;-2611;2704;-2290;-2385;5360;15;68;21;93;1321;1357;1114;5665;3316;6;469;304;343
France;Données consolidées;2024-01-14;08:15;2024-01-14T08:15:00+01:00;;66150;67050;;;;;;;;;;;;;;;;;;;;;;;;;;;;;
France;Données consolidées;2024-01-14;10:30;2024-01-14T10:30:00+01:00;73829;71100;73800;104;13;4837;50287;984;1881;11550;-66;1126;3222;33;-2346;2728;-2137;-1125;6145;15;68;21;92;1355;2266;1123;5910;4245;1395;468;310;348
France;Données consolidées;2024-01-14;11:15;2024-01-14T11:15:00+01:00;;71750;74400;;;;;;;;;;;;;;;;;;;;;;;;;;;;;
France;Données consolidées;2024-01-14;11:45;2024-01-14T11:45:00+01:00;;72700;75150;;;;;;;;;;;;;;;;;;;;;;;;;;;;;
France;Données consolidées;2024-01-14;12:15;2024-01-14T12:15:00+01:00;;72750;75300;;;;;;;;;;;;;;;;;;;;;;;;;;;;;
France;Données consolidées;2024-01-14;12:30;2024-01-14T12:30:00+01:00;75495;72000;75000;103;15;5909;50263;990;4483;11318;-15;1130;1393;36;-2496;2728;-1929;-2030;5385;15;67;21;92;1354;3346;1117;6031;4925;362;468;310;352
France;Données consolidées;2024-01-14;13:45;2024-01-14T13:45:00+01:00;;67650;69950;;;;;;;;;;;;;;;;;;;;;;;;;;;;;
France;Données consolidées;2024-01-14;14:15;2024-01-14T14:15:00+01:00;;67050;69500;;;;;;;;;;;;;;;;;;;;;;;;;;;;;
France;Données consolidées;2024-01-14;14:45;2024-01-14T14:45:00+01:00;;66500;69150;;;;;;;;;;;;;;;;;;;;;;;;;;;;;
France;Données consolidées;2024-01-14;16:15;2024-01-14T16:15:00+01:00;;65050;66850;;;;;;;;;;;;;;;;;;;;;;;;;;;;;
France;Données consolidées;2024-01-14;18:15;2024-01-14T18:15:00+01:00;;71550;72550;;;;;;;;;;;;;;;;;;;;;;;;;;;;;
France;Données consolidées;2024-01-14;18:45;2024-01-14T18:45:00+01:00;;73450;74500;;;;;;;;;;;;;;;;;;;;;;;;;;;;;
France;Données consolidées;2024-01-14;20:30;2024-01-14T20:30:00+01:00;73154;71500;72700;105;14;6729;51278;1770;0;11975;-16;1141;256;41;-625;558;-4098;-2223;7192;15;68;21;93;1372;4151;1114;6469;4668;839;469;320;352
France;Données consolidées;2024-01-14;20:45;2024-01-14T20:45:00+01:00;;70900;72150;;;;;;;;;;;;;;;;;;;;;;;;;;;;;
France;Données consolidées;2024-01-14;21:00;2024-01-14T21:00:00+01:00;71865;70300;71600;105;14;6488;51276;1893;0;11061;-16;1137;5;40;-841;-483;-3770;-2385;8027;15;69;21;93;1372;3909;1114;6476;4167;417;462;323;352
France;Données consolidées;2024-01-14;21:30;2024-01-14T21:30:00+01:00;70609;68900;70200;104;17;4681;51264;2061;0;11009;-16;1138;452;32;-841;-483;-3770;-2381;8065;15;68;21;93;1372;2102;1115;6250;4336;423;466;319;353
France;Données consolidées;2024-01-15;02:45;2024-01-15T02:45:00+01:00;;66250;63400;;;;;;;;;;;;;;;;;;;;;;;;;;;;;
France;Données consolidées;2024-01-15;03:00;2024-01-15T03:00:00+01:00;63950;65500;62700;103;17;3654;51428;2681;0;7888;-2753;1145;-113;29;-2288;2572;-2521;-2375;3285;14;67;21;93;1269;1182;1110;5457;2425;6;472;325;348
France;Données consolidées;2024-01-15;03:45;2024-01-15T03:45:00+01:00;;64350;61550;;;;;;;;;;;;;;;;;;;;;;;;;;;;;
France;Données consolidées;2024-01-15;04:15;2024-01-15T04:15:00+01:00;;64000;60900;;;;;;;;;;;;;;;;;;;;;;;;;;;;;
France;Données consolidées;2024-01-15;06:45;2024-01-15T06:45:00+01:00;;73250;70250;;;;;;;;;;;;;;;;;;;;;;;;;;;;;
France;Données consolidées;2024-01-15;07:15;2024-01-15T07:15:00+01:00;;76000;72800;;;;;;;;;;;;;;;;;;;;;;;;;;;;;
France;Données consolidées;2024-01-15;09:30;2024-01-15T09:30:00+01:00;78456;79900;77100;106;587;8643;51365;3986;745;12773;-17;1085;-710;53;1177;-42;-3943;-1249;3470;15;70;21;101;1443;5918;1181;6496;5167;1110;435;307;342
France;Données consolidées;2024-01-15;11:15;2024-01-15T11:15:00+01:00;;80100;76200;;;;;;;;;;;;;;;;;;;;;;;;;;;;;
France;Données consolidées;2024-01-15;12:30;2024-01-15T12:30:00+01:00;76757;78800;75700;105;359;8283;51485;4561;3972;10885;-15;1085;-3854;48;1317;-2202;-3941;-2076;3469;15;68;21;100;1483;5504;1196;6199;4430;256;439;300;346
France;Données consolidées;2024-01-15;13:30;2024-01-15T13:30:00+01:00;73849;76500;71900;107;359;7591;51518;4810;4223;10602;-16;1095;-6336;45;1456;-2314;-3923;-1907;1906;15;71;21;105;1495;4790;1201;6322;4086;194;438;306;350
France;Données consolidées;2024-01-15;14:00;2024-01-15T14:00:00+01:00;72950;76200;71700;107;359;7130;51591;5057;3959;9615;-18;1086;-5804;44;678;-1204;-3838;-1895;782;15;70;21;105;1492;4339;1193;6162;3389;64;442;296;348
France;Données consolidées;2024-01-15;14:15;2024-01-15T14:15:00+01:00;;76000;71450;;;;;;;;;;;;;;;;;;;;;;;;;;;;;
France;Données consolidées;2024-01-15;16:15;2024-01-15T16:15:00+01:00;;73800;68950;;;;;;;;;;;;;;;;;;;;;;;;;;;;;
France;Données consolidées;2024-01-15;17:45;2024-01-15T17:45:00+01:00;;76900;72050;;;;;;;;;;;;;;;;;;;;;;;;;;;;;
France;Données consolidées;2024-01-15;18:15;2024-01-15T18:15:00+01:00;;78850;74150;;;;;;;;;;;;;;;;;;;;;;;;;;;;;
France;Données consolidées;2024-01-15;19:00;2024-01-15T19:00:00+01:00;79472;81100;77000;106;605;7926;51592;3142;0;16753;-14;1113;-1676;49;-7;485;-3683;-695;1689;15;69;21;106;1500;5097;1223;7197;6718;2839;445;319;349
France;Données consolidées;2024-01-15;20:45;2024-01-15T20:45:00+01:00;;75050;71550;;;;;;;;;;;;;;;;;;;;;;;;;;;;;
France;Données consolidées;2024-01-15;21:45;2024-01-15T21:45:00+01:00;;71700;68500;;;;;;;;;;;;;;;;;;;;;;;;;;;;;
France;Données consolidées;2024-01-16;00:15;2024-01-16T00:15:00+01:00;;68150;68800;;;;;;;;;;;;;;;;;;;;;;;;;;;;;
France;Données consolidées;2024-01-16;01:00;2024-01-16T01:00:00+01:00;67531;65800;66300;104;364;6840;51541;2050;1;8697;-1454;1129;-1638;48;352;2400;-3517;-2385;1301;15;68;21;98;1332;4237;1173;5644;3047;7;451;333;345
France;Données consolidées;2024-01-16;02:00;2024-01-16T02:00:00+01:00;67984;67500;67900;104;365;6894;51460;1871;1;8765;-1448;1129;-1050;49;456;2400;-2907;-2385;1021;15;68;21;98;1328;4295;1173;5794;2963;7;459;324;346
France;Données consolidées;2024-01-16;02:15;2024-01-16T02:15:00+01:00;;67250;67350;;;;;;;;;;;;;;;;;;;;;;;;;;;;;
France;Données consolidées;2024-01-16;02:30;2024-01-16T02:30:00+01:00;67977;67000;66800;105;365;6973;51507;1745;0;9193;-1446;1118;-1478;49;456;2400;-2907;-2385;906;16;68;21;98;1325;4377;1173;5843;3343;7;455;319;344
France;Données consolidées;2024-01-16;02:45;2024-01-16T02:45:00+01:00;;66250;66200;;;;;;;;;;;;;;;;;;;;;;;;;;;;;
France;Données consolidées;2024-01-16;03:15;2024-01-16T03:15:00+01:00;;64850;65350;;;;;;;;;;;;;;;;;;;;;;;;;;;;;
France;Données consolidées;2024-01-16;03:45;2024-01-16T03:45:00+01:00;;63800;64750;;;;;;;;;;;;;;;;;;;;;;;;;;;;;
France;Données consolidées;2024-01-16;04:00;2024-01-16T04:00:00+01:00;65360;63400;64400;105;364;6696;51532;1749;0;8764;-2113;1134;-2763;49;523;2400;-3046;-2385;-1045;15;68;21;99;1328;4097;1172;5748;3010;7;465;325;344
France;Données consolidées;2024-01-16;04:15;2024-01-16T04:15:00+01:00;;63300;64300;;;;;;;;;;;;;;;;;;;;;;;;;;;;;
France;Données consolidées;2024-01-16;05:15;2024-01-16T05:15:00+01:00;;64850;65900;;;;;;;;;;;;;;;;;;;;;;;;;;;;;
France;Données consolidées;2024-01-16;06:30;2024-01-16T06:30:00+01:00;72878;71100;72100;103;442;8377;51459;1822;0;10635;-1413;1116;416;55;1794;1350;-4216;-825;1683;14;68;20;103;1364;5733;1177;6182;4446;7;455;322;339
France;Données consolidées;2024-01-16;08:00;2024-01-16T08:00:00+01:00;80639;78800;79300;100;600;8973;51377;1816;0;16525;-14;1103;258;54;1253;1350;-559;372;-1356;9;70;21;106;1496;6158;1213;6640;6207;3677;446;319;337
France;Données consolidées;2024-01-16;08:30;2024-01-16T08:30:00+01:00;81330;79200;79900;100;596;9001;51307;1815;36;16326;-14;1093;1174;54;1253;1350;-559;372;-1242;7;72;21;106;1498;6197;1200;6849;6181;3295;445;312;336
France;Données consolidées;2024-01-16;09:00;2024-01-16T09:00:00+01:00;81565;79400;80000;99;595;8939;51410;1768;309;16282;-14;1102;1169;54;1189;1350;-205;329;-1386;8;70;21;104;1484;6162;1190;6943;6127;3212;444;323;335
France;Données consolidées;2024-01-16;09:45;2024-01-16T09:45:00+01:00;;79700;80450;;;;;;;;;;;;;;;;;;;;;;;;;;;;;
France;Données consolidées;2024-01-16;10:15;2024-01-16T10:15:00+01:00;;79500;80050;;;;;;;;;;;;;;;;;;;;;;;;;;;;;
France;Données consolidées;2024-01-16;11:15;2024-01-16T11:15:00+01:00;;78550;78400;;;;;;;;;;;;;;;;;;;;;;;;;;;;;
France;Données consolidées;2024-01-16;13:30;2024-01-16T13:30:00+01:00;74457;74000;73800;90;488;8062;51390;910;5140;11062;-436;1087;-3247;50;463;1550;-4168;-2385;1333;0;71;21;99;1486;5283;1194;6473;4098;491;443;315;329
France;Données consolidées;2024-01-16;15:15;2024-01-16T15:15:00+01:00;;72250;71550;;;;;;;;;;;;;;;;;;;;;;;;;;;;;
France;Données consolidées;2024-01-16;16:30;2024-01-16T16:30:00+01:00;72601;71300;70200;90;540;8690;51322;804;878;14529;-15;1111;-5248;54;269;2000;-3403;-1803;-2574;0;70;21;101;1378;5981;1230;6926;5752;1851;438;329;344
France;Données consolidées;2024-01-16;16:45;2024-01-16T16:45:00+01:00;;71600;70500;;;;;;;;;;;;;;;;;;;;;;;;;;;;;
France;Données consolidées;2024-01-16;20:00;2024-01-16T20:00:00+01:00;78330;76900;75900;106;604;8442;51297;3582;0;15027;-15;1135;-1736;52;550;1700;-4156;-1680;1349;15;70;21;138;1484;5594;1226;7212;5451;2365;449;333;353
France;Données consolidées;2024-01-16;21:00;2024-01-16T21:00:00+01:00;73895;72800;71800;105;397;8078;51307;4158;0;11425;-16;1130;-2594;50;356;1652;-4187;-2385;775;14;70;21;138;1424;5338;1177;6817;4388;220;450;325;355
France;Données consolidées;2024-01-16;23:15;2024-01-16T23:15:00+01:00;;71350;70550;;;;;;;;;;;;;;;;;;;;;;;;;;;;;
France;Données consolidées;2024-01-17;01:45;2024-01-17T01:45:00+01:00;;66200;65400;;;;;;;;;;;;;;;;;;;;;;;;;;;;;
France;Données consolidées;2024-01-17;02:45;2024-01-17T02:45:00+01:00;;64150;63500;;;;;;;;;;;;;;;;;;;;;;;;;;;;;
France;Données consolidées;2024-01-17;03:45;2024-01-17T03:45:00+01:00;;62300;61050;;;;;;;;;;;;;;;;;;;;;;;;;;;;;
France;Données consolidées;2024-01-17;05:00;2024-01-17T05:00:00+01:00;61689;62500;61000;106;367;5536;50488;5640;0;7991;-1722;1122;-7722;42;-1165;2728;-4283;-2385;-2179;13;72;21;122;1302;2967;1145;5815;2168;7;461;313;348
France;Données consolidées;2024-01-17;05:30;2024-01-17T05:30:00+01:00;63278;64100;61900;103;364;5347;51054;5686;0;8273;-1831;1118;-6747;40;-1165;2728;-4283;-2385;-2192;13;70;21;122;1302;2776;1146;5855;2410;7;456;315;346
France;Données consolidées;2024-01-17;06:45;2024-01-17T06:45:00+01:00;;69950;67400;;;;;;;;;;;;;;;;;;;;;;;;;;;;;
France;Données consolidées;2024-01-17;09:30;2024-01-17T09:30:00+01:00;75300;77400;73800;95;334;8388;50917;7736;284;14862;-15;1127;-8330;46;-1632;1600;-3778;-1240;-3882;13;65;17;140;1348;5774;1126;6935;5859;2068;450;331;345
France;Données consolidées;2024-01-17;10:15;2024-01-17T10:15:00+01:00;;77200;73800;;;;;;;;;;;;;;;;;;;;;;;;;;;;;
France;Données consolidées;2024-01-17;10:30;2024-01-17T10:30:00+01:00;75699;77100;74200;94;334;8553;50851;8020;843;15855;-15;1120;-9876;46;-2610;1600;-3800;-1979;-4442;13;64;17;98;1360;5986;1110;6935;5817;3103;450;329;341
France;Données consolidées;2024-01-17;10:45;2024-01-17T10:45:00+01:00;;77000;74000;;;;;;;;;;;;;;;;;;;;;;;;;;;;;
France;Données consolidées;2024-01-17;11:00;2024-01-17T11:00:00+01:00;75747;76900;73800;92;335;8511;50814;8227;1244;15618;-15;1127;-10128;45;-2675;2038;-3231;-1512;-6098;13;62;17;99;1356;5934;1122;6914;5606;3097;450;330;347
France;Données consolidées;2024-01-17;12:00;2024-01-17T12:00:00+01:00;76548;77500;75000;93;522;8588;50741;9200;1640;15716;-63;1129;-10915;47;-2854;2000;-3357;-2030;-5293;13;63;17;145;1352;5962;1128;6816;5701;3200;445;333;350
France;Données consolidées;2024-01-17;12:30;2024-01-17T12:30:00+01:00;76030;76400;73800;95;541;8384;50746;9659;1739;15259;-71;1136;-11337;46;-2854;2000;-3357;-2030;-5541;13;65;17;111;1345;5799;1129;6734;5572;2953;451;332;353
France;Données consolidées;2024-01-17;13:30;2024-01-17T13:30:00+01:00;73450;73400;71500;97;542;7978;50723;10114;1707;12937;-70;1132;-11589;46;-2851;2150;-3867;-2385;-4352;13;63;21;145;1348;5360;1125;6800;4748;1389;452;325;354
France;Données consolidées;2024-01-17;13:45;2024-01-17T13:45:00+01:00;;73000;71250;;;;;;;;;;;;;;;;;;;;;;;;;;;;;
France;Données consolidées;2024-01-17;14:30;2024-01-17T14:30:00+01:00;72726;71900;71000;98;540;7234;50682;10025;1556;12696;-15;1113;-11103;44;-2994;2150;-3879;-2385;-4039;14;63;21;142;1353;4605;1134;6779;4741;1176;444;322;347
France;Données consolidées;2024-01-17;14:45;2024-01-17T14:45:00+01:00;;71150;70700;;;;;;;;;;;;;;;;;;;;;;;;;;;;;
France;Données consolidées;2024-01-17;18:30;2024-01-17T18:30:00+01:00;73682;75200;72000;102;338;8165;50589;9475;0;14489;-15;1142;-10502;45;-3014;1900;-4315;-2085;-3368;14;66;21;142;1369;5489;1165;7603;5025;1861;448;336;358
France;Données consolidées;2024-01-17;20:00;2024-01-17T20:00:00+01:00;72322;73300;70200;107;301;8276;50607;7677;0;14706;-15;1153;-10399;46;-2974;1900;-4315;-2385;-3103;14;72;21;144;1374;5590;1168;7653;5156;1897;456;340;357
France;Données consolidées;2024-01-17;21:30;2024-01-17T21:30:00+01:00;66512;67300;64300;107;291;8101;50606;6716;0;11252;-370;1133;-11223;48;-2954;1900;-4325;-2185;-4132;14;72;21;141;1313;5511;1135;7036;3532;684;450;330;352
France;Données consolidées;2024-01-17;23:45;2024-01-17T23:45:00+01:00;;65150;63500;;;;;;;;;;;;;;;;;;;;;;;;;;;;;
France;Données consolidées;2024-01-18;01:30;2024-01-18T01:30:00+01:00;61199;60600;60400;107;16;5187;50577;7278;0;9728;-246;1163;-12506;33;-2051;2400;-3694;-2385;-6632;14;72;21;97;1254;2707;1129;6645;2982;101;475;334;353
France;Données consolidées;2024-01-18;02:15;2024-01-18T02:15:00+01:00;;60300;59700;;;;;;;;;;;;;;;;;;;;;;;;;;;;;
France;Données consolidées;2024-01-18;02:45;2024-01-18T02:45:00+01:00;;58950;58350;;;;;;;;;;;;;;;;;;;;;;;;;;;;;
France;Données consolidées;2024-01-18;03:15;2024-01-18T03:15:00+01:00;;57850;57200;;;;;;;;;;;;;;;;;;;;;;;;;;;;;
France;Données consolidées;2024-01-18;06:00;2024-01-18T06:00:00+01:00;61206;60400;60300;108;0;5159;50738;8846;0;8936;-1891;1152;-11735;33;-2854;2000;-3884;-2385;-3819;14;73;21;96;1235;2707;1121;6737;2192;7;462;345;346
France;Données consolidées;2024-01-18;06:15;2024-01-18T06:15:00+01:00;;62050;61650;;;;;;;;;;;;;;;;;;;;;;;;;;;;;
France;Données consolidées;2024-01-18;07:30;2024-01-18T07:30:00+01:00;70299;68900;68200;109;0;8064;50786;8449;0;11222;-16;1126;-9355;43;-2400;2000;-3632;-2109;-3317;14;74;21;105;1284;5561;1114;7085;3406;732;449;340;336
France;Données consolidées;2024-01-18;08:45;2024-01-18T08:45:00+01:00;;71700;71050;;;;;;;;;;;;;;;;;;;;;;;;;;;;;
France;Données consolidées;2024-01-18;09:00;2024-01-18T09:00:00+01:00;73235;72000;71400;107;0;8484;51092;7479;290;13863;-17;1114;-9073;43;-3014;1700;-3320;-2021;-2939;14;72;21;102;1290;5963;1129;7152;4885;1826;448;331;335
France;Données consolidées;2024-01-18;10:00;2024-01-18T10:00:00+01:00;73646;71800;72200;106;0;8493;50974;6728;1341;13266;-15;1100;-8240;43;-2959;1700;-3415;-2385;-3312;14;72;21;102;1296;5986;1109;7047;4401;1818;445;328;326
France;Données consolidées;2024-01-18;10:45;2024-01-18T10:45:00+01:00;;71350;71950;;;;;;;;;;;;;;;;;;;;;;;;;;;;;
France;Données consolidées;2024-01-18;11:30;2024-01-18T11:30:00+01:00;73469;71300;71700;100;0;8502;51135;6011;3131;12539;-15;1111;-8937;43;-2823;1800;-3334;-2175;-2528;14;69;17;102;1284;6012;1105;6882;3753;1904;456;329;325
France;Données consolidées;2024-01-18;13:00;2024-01-18T13:00:00+01:00;71521;68700;69600;106;0;8239;51222;5217;3929;10754;-71;1131;-8875;43;-2447;1800;-3320;-2357;-3891;14;71;21;102;1296;5714;1127;6913;2912;930;462;335;334
France;Données consolidées;2024-01-18;15:15;2024-01-18T15:15:00+01:00;;66650;67450;;;;;;;;;;;;;;;;;;;;;;;;;;;;;
France;Données consolidées;2024-01-18;17:00;2024-01-18T17:00:00+01:00;68857;66900;67200;107;0;8633;51244;3935;445;12429;-15;1120;-8934;47;-1716;2300;-3689;-1621;-4307;14;75;18;142;1310;6013;1168;7189;4018;1223;468;315;337
France;Données consolidées;2024-01-18;17:15;2024-01-18T17:15:00+01:00;;67650;68100;;;;;;;;;;;;;;;;;;;;;;;;;;;;;
France;Données consolidées;2024-01-18;20:00;2024-01-18T20:00:00+01:00;75456;72400;72600;106;0;8535;51299;4822;0;14866;-15;1156;-5204;45;-544;-2775;-4042;-563;2417;14;74;19;150;1314;5901;1170;7567;4746;2553;486;335;335
France;Données consolidées;2024-01-18;22:30;2024-01-18T22:30:00+01:00;69520;66800;66400;107;1;8145;51412;4214;0;10120;-15;1145;-5500;46;-738;-2275;-3359;-1382;3967;13;72;21;148;1254;5602;1141;6742;3009;369;489;324;332
France;Données consolidées;2024-01-18;23:30;2024-01-18T23:30:00+01:00;69872;68300;67600;105;1;7712;51420;3668;0;9263;-15;1150;-3319;45;-745;-93;-3177;-2381;3466;13;70;21;148;1261;5162;1141;6481;2608;174;498;328;323
France;Données consolidées;2024-01-19;01:15;2024-01-19T01:15:00+01:00;;64150;66000;;;;;;;;;;;;;;;;;;;;;;;;;;;;;
France;Données consolidées;2024-01-19;01:30;2024-01-19T01:30:00+01:00;66927;64700;66500;105;0;5608;50401;2578;0;8724;-598;1136;-925;38;-148;879;-3694;-2385;4519;14;70;21;110;1235;3127;1136;6219;2312;193;498;314;324
France;Données consolidées;2024-01-19;01:45;2024-01-19T01:45:00+01:00;;64700;66800;;;;;;;;;;;;;;;;;;;;;;;;;;;;;
France;Données consolidées;2024-01-19;03:15;2024-01-19T03:15:00+01:00;;62350;64700;;;;;;;;;;;;;;;;;;;;;;;;;;;;;
France;Données consolidées;2024-01-19;04:15;2024-01-19T04:15:00+01:00;;61100;64100;;;;;;;;;;;;;;;;;;;;;;;;;;;;;
France;Données consolidées;2024-01-19;04:45;2024-01-19T04:45:00+01:00;;61300;64500;;;;;;;;;;;;;;;;;;;;;;;;;;;;;
France;Données consolidées;2024-01-19;07:00;2024-01-19T07:00:00+01:00;75767;71200;75700;105;0;8108;50403;1865;0;11253;-18;1153;2995;48;1941;1400;-3492;-759;3552;13;72;20;151;1334;5442;1180;6695;3853;705;493;338;322
France;Données consolidées;2024-01-19;07:30;2024-01-19T07:30:00+01:00;78997;74300;78300;107;0;8512;50310;1898;0;13751;-15;1153;3370;48;1941;1400;-3492;-351;3551;13;73;21;151;1396;5758;1208;6993;4794;1965;500;332;321
France;Données consolidées;2024-01-19;09:00;2024-01-19T09:00:00+01:00;82505;76500;81700;102;0;8931;50348;1697;321;15836;-15;1135;4240;48;1305;1400;-3411;804;3484;11;70;21;151;1414;6145;1221;7021;5287;3528;488;322;325
France;Données consolidées;2024-01-19;11:15;2024-01-19T11:15:00+01:00;;75000;79400;;;;;;;;;;;;;;;;;;;;;;;;;;;;;
France;Données consolidées;2024-01-19;12:15;2024-01-19T12:15:00+01:00;;74200;77600;;;;;;;;;;;;;;;;;;;;;;;;;;;;;
France;Données consolidées;2024-01-19;13:15;2024-01-19T13:15:00+01:00;;71600;74450;;;;;;;;;;;;;;;;;;;;;;;;;;;;;
France;Données consolidées;2024-01-19;14:30;2024-01-19T14:30:00+01:00;73866;69800;72800;106;0;8477;50986;1588;5023;8604;-736;1145;-1231;48;1253;1767;-4048;-2385;2157;13;72;21;155;1399;5692;1231;6259;2338;7;476;337;332
France;Données consolidées;2024-01-19;16:00;2024-01-19T16:00:00+01:00;72160;67800;70400;108;0;8652;51098;1938;2966;8790;-441;1118;-1957;49;1190;1700;-4092;-2340;1238;13;73;21;152;1326;5939;1234;6110;2667;13;483;298;336
France;Données consolidées;2024-01-19;21:45;2024-01-19T21:45:00+01:00;;69750;72550;;;;;;;;;;;;;;;;;;;;;;;;;;;;;
France;Données consolidées;2024-01-19;22:45;2024-01-19T22:45:00+01:00;;70650;73550;;;;;;;;;;;;;;;;;;;;;;;;;;;;;
France;Données consolidées;2024-01-19;23:00;2024-01-19T23:00:00+01:00;75621;71500;74400;106;2;8287;50737;3349;0;11385;-16;1166;704;47;888;1600;-3696;-2385;5262;13;73;21;148;1283;5731;1125;6692;3733;960;510;327;328
France;Données consolidées;2024-01-19;23:45;2024-01-19T23:45:00+01:00;;71850;73600;;;;;;;;;;;;;;;;;;;;;;;;;;;;;
France;Données consolidées;2024-01-20;00:30;2024-01-20T00:30:00+01:00;73096;71500;71700;107;2;8113;48503;3530;0;10141;-22;1164;1679;48;659;1800;-3191;-3200;5751;13;74;21;110;1279;5608;1115;6506;3251;384;509;327;327
France;Données consolidées;2024-01-20;01:45;2024-01-20T01:45:00+01:00;;71000;70600;;;;;;;;;;;;;;;;;;;;;;;;;;;;;
France;Données consolidées;2024-01-20;04:30;2024-01-20T04:30:00+01:00;67357;65900;66200;108;2;5027;47729;3030;0;8816;-440;1174;2013;36;1033;1800;-2828;-3163;5245;13;74;21;111;1227;2577;1112;6224;2584;7;516;336;322
France;Données consolidées;2024-01-20;04:45;2024-01-20T04:45:00+01:00;;65800;66150;;;;;;;;;;;;;;;;;;;;;;;;;;;;;
France;Données consolidées;2024-01-20;05:45;2024-01-20T05:45:00+01:00;;66850;67050;;;;;;;;;;;;;;;;;;;;;;;;;;;;;
France;Données consolidées;2024-01-20;07:00;2024-01-20T07:00:00+01:00;70854;69700;70100;107;2;5946;47873;2924;0;9479;-357;1160;3829;40;2690;1058;-3232;-2900;5911;13;74;21;146;1246;3438;1116;6366;3105;7;500;341;318
France;Données consolidées;2024-01-20;10:15;2024-01-20T10:15:00+01:00;;76450;77400;;;;;;;;;;;;;;;;;;;;;;;;;;;;;
France;Données consolidées;2024-01-20;12:45;2024-01-20T12:45:00+01:00;;72900;73200;;;;;;;;;;;;;;;;;;;;;;;;;;;;;
France;Données consolidées;2024-01-20;13:15;2024-01-20T13:15:00+01:00;;70800;71050;;;;;;;;;;;;;;;;;;;;;;;;;;;;;
France;Données consolidées;2024-01-20;13:45;2024-01-20T13:45:00+01:00;;68950;69300;;;;;;;;;;;;;;;;;;;;;;;;;;;;;
France;Données consolidées;2024-01-20;14:30;2024-01-20T14:30:00+01:00;69393;67300;67300;106;2;6778;48284;1718;8835;8450;-790;1170;-5072;40;-1344;-252;-2537;-3200;2060;13;72;21;118;1256;4294;1109;6346;2098;6;502;336;332
France;Données consolidées;2024-01-20;16:00;2024-01-20T16:00:00+01:00;66867;64100;64900;105;2;7727;48269;1936;4824;9814;-72;1176;-6807;45;-836;900;-4007;-2600;-612;13;71;21;116;1238;5253;1121;6409;3303;102;506;337;332
France;Données consolidées;2024-01-20;17:45;2024-01-20T17:45:00+01:00;;67600;70200;;;;;;;;;;;;;;;;;;;;;;;;;;;;;
France;Données consolidées;2024-01-20;18:15;2024-01-20T18:15:00+01:00;;70350;73150;;;;;;;;;;;;;;;;;;;;;;;;;;;;;
France;Données consolidées;2024-01-20;18:30;2024-01-20T18:30:00+01:00;75281;71400;74400;108;2;8383;48379;4811;1;15580;-14;1171;-3035;45;177;0;-3745;-1208;1690;13;73;21;151;1257;5860;1115;7002;5196;3381;497;340;334
France;Données consolidées;2024-01-20;18:45;2024-01-20T18:45:00+01:00;;72150;75250;;;;;;;;;;;;;;;;;;;;;;;;;;;;;
France;Données consolidées;2024-01-20;19:00;2024-01-20T19:00:00+01:00;77028;72900;76100;107;2;8380;48385;5555;1;16449;-15;1154;-2888;44;382;-1310;-3702;-1165;2476;13;72;21;151;1258;5863;1108;7260;5702;3488;492;326;336
France;Données consolidées;2024-01-20;19:15;2024-01-20T19:15:00+01:00;;72900;76000;;;;;;;;;;;;;;;;;;;;;;;;;;;;;
France;Données consolidées;2024-01-20;21:15;2024-01-20T21:15:00+01:00;;69200;71521;;;;;;;;;;;;;;;;;;;;;;;;;;;;;
France;Données consolidées;2024-01-20;22:15;2024-01-20T22:15:00+01:00;;68750;71020;;;;;;;;;;;;;;;;;;;;;;;;;;;;;
France;Données consolidées;2024-01-20;23:30;2024-01-20T23:30:00+01:00;73777;71600;72149;106;2;5229;48440;10534;0;9695;-16;1154;-1262;32;384;-808;-3639;-3200;6136;13;73;21;115;1244;2783;1086;6333;3211;151;493;332;328
France;Données consolidées;2024-01-21;00:30;2024-01-21T00:30:00+01:00;72934;70800;70900;103;2;4454;48476;11289;0;9953;-63;1160;-2340;29;176;-781;-2504;-3200;4319;13;72;18;110;1058;2206;1080;6226;3464;263;484;347;328
France;Données consolidées;2024-01-21;00:45;2024-01-21T00:45:00+01:00;;69900;69950;;;;;;;;;;;;;;;;;;;;;;;;;;;;;
France;Données consolidées;2024-01-21;01:00;2024-01-21T01:00:00+01:00;70657;69000;69000;103;2;4261;48294;11477;0;9068;-1017;1173;-2604;28;-776;-1400;-2844;-3200;4585;13;72;17;109;1057;2012;1083;6187;2684;196;488;354;330
France;Données consolidées;2024-01-21;03:45;2024-01-21T03:45:00+01:00;;64850;65050;;;;;;;;;;;;;;;;;;;;;;;;;;;;;
France;Données consolidées;2024-01-21;04:00;2024-01-21T04:00:00+01:00;65940;64200;64400;107;3;2837;48386;11439;0;8228;-1220;1185;-4921;22;898;-1400;-3434;-3200;1560;13;73;21;111;1047;598;1082;5837;2289;101;495;364;326
France;Données consolidées;2024-01-21;04:15;2024-01-21T04:15:00+01:00;;63700;64250;;;;;;;;;;;;;;;;;;;;;;;;;;;;;
France;Données consolidées;2024-01-21;05:30;2024-01-21T05:30:00+01:00;65000;62800;63700;107;2;2925;48520;11512;0;8001;-2254;1178;-4892;23;1049;-1400;-3405;-3172;1878;13;73;21;110;1047;681;1087;5680;2315;7;496;358;324
France;Données consolidées;2024-01-21;07:30;2024-01-21T07:30:00+01:00;66260;64200;64900;108;2;2870;48026;12022;0;8522;-2629;1172;-3733;23;18;-1292;-3028;-3200;3876;13;74;21;111;1055;615;1088;5738;2586;198;494;355;323
France;Données consolidées;2024-01-21;08:45;2024-01-21T08:45:00+01:00;;66100;66650;;;;;;;;;;;;;;;;;;;;;;;;;;;;;
France;Données consolidées;2024-01-21;09:15;2024-01-21T09:15:00+01:00;;67400;67700;;;;;;;;;;;;;;;;;;;;;;;;;;;;;
France;Données consolidées;2024-01-21;10:45;2024-01-21T10:45:00+01:00;;69550;70050;;;;;;;;;;;;;;;;;;;;;;;;;;;;;
France;Données consolidées;2024-01-21;11:30;2024-01-21T11:30:00+01:00;71605;69300;70500;108;0;2977;47966;12077;4830;8094;-862;1149;-4640;21;-2519;507;-1374;-3200;1489;14;74;21;109;1055;735;1078;5512;1981;601;468;358;322
France;Données consolidées;2024-01-21;12:15;2024-01-21T12:15:00+01:00;;68950;70250;;;;;;;;;;;;;;;;;;;;;;;;;;;;;
France;Données consolidées;2024-01-21;13:30;2024-01-21T13:30:00+01:00;67585;63800;64700;107;0;2370;47398;11892;6021;7366;-1347;1163;-7262;19;-2417;606;-1211;-3200;-1208;14;71;21;108;1050;134;1077;5387;1972;7;473;363;327
France;Données consolidées;2024-01-21;14:45;2024-01-21T14:45:00+01:00;;60800;62450;;;;;;;;;;;;;;;;;;;;;;;;;;;;;
France;Données consolidées;2024-01-21;16:00;2024-01-21T16:00:00+01:00;62869;58400;60700;103;0;2390;47798;12702;3068;7487;-2900;1174;-8849;20;-2413;1400;-3646;-3200;-1872;13;70;21;107;1051;156;1076;5355;2125;7;483;356;335
France;Données consolidées;2024-01-21;18:15;2024-01-21T18:15:00+01:00;;64900;66550;;;;;;;;;;;;;;;;;;;;;;;;;;;;;
France;Données consolidées;2024-01-21;18:30;2024-01-21T18:30:00+01:00;69214;66400;67500;104;0;2426;49517;15200;0;10096;-15;1160;-9180;18;-2413;-830;-3833;-3200;2017;13;71;21;145;1040;177;1065;6085;3096;915;467;363;329
France;Données consolidées;2024-01-21;21:30;2024-01-21T21:30:00+01:00;66411;63200;64441;104;0;2371;49837;16340;0;7808;-1306;1147;-9782;18;-2615;-2300;-3677;-3200;2177;13;71;21;141;1055;120;1055;5803;1717;287;472;344;330
France;Données consolidées;2024-01-21;22:30;2024-01-21T22:30:00+01:00;65455;62800;64228;106;0;2364;50049;16208;0;7575;-1985;1167;-9922;19;-2567;-2092;-3692;-3200;2882;13;72;21;142;1048;124;1051;5602;1698;275;472;360;335
France;Données consolidées;2024-01-22;01:30;2024-01-22T01:30:00+01:00;61973;60700;60600;103;0;2349;47528;16674;0;6765;-2918;1157;-9574;20;-2519;-1600;-3257;-3200;1068;13;71;18;108;1026;167;1048;5362;1396;7;476;357;324
France;Données consolidées;2024-01-22;03:15;2024-01-22T03:15:00+01:00;;57800;57450;;;;;;;;;;;;;;;;;;;;;;;;;;;;;
France;Données consolidées;2024-01-22;04:45;2024-01-22T04:45:00+01:00;;56500;56450;;;;;;;;;;;;;;;;;;;;;;;;;;;;;
France;Données consolidées;2024-01-22;06:15;2024-01-22T06:15:00+01:00;;62000;61850;;;;;;;;;;;;;;;;;;;;;;;;;;;;;
France;Données consolidées;2024-01-22;06:30;2024-01-22T06:30:00+01:00;64831;63600;63500;104;0;2398;49589;16853;0;7116;-2352;1140;-9916;19;-1283;-1229;-3257;-3200;-620;13;71;20;146;1033;174;1046;5448;1661;7;475;348;316
France;Données consolidées;2024-01-22;07:00;2024-01-22T07:00:00+01:00;67594;66600;66300;104;0;2418;50369;16865;0;8130;-2103;1140;-9222;19;-2274;-435;-3459;-3200;428;13;70;20;146;1043;181;1048;5523;2601;7;472;352;316
France;Données consolidées;2024-01-22;07:45;2024-01-22T07:45:00+01:00;;69700;69700;;;;;;;;;;;;;;;;;;;;;;;;;;;;;
France;Données consolidées;2024-01-22;09:30;2024-01-22T09:30:00+01:00;72617;71600;71200;104;0;2424;50494;16519;989;10827;-15;1115;-9718;17;-2817;-340;-3387;-3133;144;13;71;20;148;1047;193;1036;6444;3575;809;472;319;324
France;Données consolidées;2024-01-22;09:45;2024-01-22T09:45:00+01:00;;71700;70950;;;;;;;;;;;;;;;;;;;;;;;;;;;;;
France;Données consolidées;2024-01-22;12:15;2024-01-22T12:15:00+01:00;;70800;69950;;;;;;;;;;;;;;;;;;;;;;;;;;;;;
France;Données consolidées;2024-01-22;12:30;2024-01-22T12:30:00+01:00;71574;70300;69600;105;0;2374;50488;16635;3641;8734;-1368;1133;-10064;17;-1514;1950;-3881;-3200;-3486;13;72;20;145;1019;180;1029;5902;2669;164;450;351;332
France;Données consolidées;2024-01-22;12:45;2024-01-22T12:45:00+01:00;;69150;68550;;;;;;;;;;;;;;;;;;;;;;;;;;;;;
France;Données consolidées;2024-01-22;13:00;2024-01-22T13:00:00+01:00;70008;68000;67500;105;1;2314;50320;16391;3394;8387;-1389;1130;-10546;17;-2664;1950;-3881;-3200;-3249;13;72;20;146;1015;119;1034;5853;2409;124;451;346;333
France;Données consolidées;2024-01-22;15:30;2024-01-22T15:30:00+01:00;67638;65100;64400;105;1;2331;49154;15878;2187;9174;-338;1113;-11873;18;-2991;1700;-3727;-3198;-4110;13;71;21;154;1027;108;1043;5646;3312;217;469;310;333
France;Données consolidées;2024-01-22;16:45;2024-01-22T16:45:00+01:00;;64200;63400;;;;;;;;;;;;;;;;;;;;;;;;;;;;;
France;Données consolidées;2024-01-22;18:15;2024-01-22T18:15:00+01:00;;69750;68800;;;;;;;;;;;;;;;;;;;;;;;;;;;;;
France;Données consolidées;2024-01-22;19:00;2024-01-22T19:00:00+01:00;72855;72500;71500;103;0;2690;49065;15301;0;13869;-71;1123;-9122;19;-2964;-2011;-4178;-3200;2615;13;69;21;147;1099;384;1059;6754;4985;2129;478;302;343
France;Données consolidées;2024-01-22;19:15;2024-01-22T19:15:00+01:00;;72100;71050;;;;;;;;;;;;;;;;;;;;;;;;;;;;;
France;Données consolidées;2024-01-22;21:30;2024-01-22T21:30:00+01:00;64587;64400;63000;101;0;2547;49099;15244;0;8800;-477;1166;-11782;19;-3014;-2062;-4157;-3200;1458;13;67;21;145;1033;326;1043;6088;2285;428;482;346;338
France;Données consolidées;2024-01-22;22:00;2024-01-22T22:00:00+01:00;63359;62900;61500;101;0;2580;48994;15250;0;8293;-1466;1165;-11429;20;-2953;-1742;-4157;-3200;1198;13;67;21;146;1038;354;1043;6055;1917;321;481;346;337
France;Données consolidées;2024-01-22;22:15;2024-01-22T22:15:00+01:00;;63500;62050;;;;;;;;;;;;;;;;;;;;;;;;;;;;;
France;Données consolidées;2024-01-22;22:30;2024-01-22T22:30:00+01:00;63304;64100;62600;99;0;2590;49045;15010;0;8290;-1580;1163;-11201;20;-2953;-1742;-4157;-3200;2400;13;65;21;146;1034;370;1041;6034;2062;194;480;345;337
France;Données consolidées;2024-01-23;00:00;2024-01-23T00:00:00+01:00;62836;63000;60600;103;0;2369;48430;14285;0;7394;-2664;1173;-8141;20;-1851;-1706;-3893;-3200;2375;13;69;21;146;1026;168;1029;5795;1592;7;489;346;337
France;Données consolidées;2024-01-23;01:45;2024-01-23T01:45:00+01:00;;59900;57850;;;;;;;;;;;;;;;;;;;;;;;;;;;;;
France;Données consolidées;2024-01-23;03:15;2024-01-23T03:15:00+01:00;;57100;55150;;;;;;;;;;;;;;;;;;;;;;;;;;;;;
France;Données consolidées;2024-01-23;06:15;2024-01-23T06:15:00+01:00;;61200;59400;;;;;;;;;;;;;;;;;;;;;;;;;;;;;
France;Données consolidées;2024-01-23;07:15;2024-01-23T07:15:00+01:00;;67250;64900;;;;;;;;;;;;;;;;;;;;;;;;;;;;;
France;Données consolidées;2024-01-23;09:00;2024-01-23T09:00:00+01:00;69954;70400;67800;98;0;4341;47840;9240;499;12856;-15;1126;-5925;27;-2528;-178;-3861;-1225;775;13;67;18;137;1198;1980;1026;6670;4975;1210;455;348;323
France;Données consolidées;2024-01-23;09:45;2024-01-23T09:45:00+01:00;;70900;67600;;;;;;;;;;;;;;;;;;;;;;;;;;;;;
France;Données consolidées;2024-01-23;11:15;2024-01-23T11:15:00+01:00;;70250;66750;;;;;;;;;;;;;;;;;;;;;;;;;;;;;
France;Données consolidées;2024-01-23;14:15;2024-01-23T14:15:00+01:00;;65800;62950;;;;;;;;;;;;;;;;;;;;;;;;;;;;;
France;Données consolidées;2024-01-23;15:00;2024-01-23T15:00:00+01:00;65168;64900;61900;104;0;3617;48980;13259;3979;7645;-1184;1183;-12425;24;-2744;1500;-4347;-3200;-4900;13;70;21;146;1071;1378;1023;5683;1812;151;484;358;341
France;Données consolidées;2024-01-23;18:30;2024-01-23T18:30:00+01:00;68143;68500;66500;104;0;4005;48281;16937;1;10933;-216;1175;-12982;24;-2840;-598;-4485;-3200;-1557;13;70;21;148;1135;1671;1052;6521;3067;1345;475;358;341
France;Données consolidées;2024-01-23;19:30;2024-01-23T19:30:00+01:00;69163;69000;67400;100;0;3876;48272;17164;0;11723;-225;1195;-12836;24;-2909;-1400;-4432;-3200;-516;13;69;18;147;1136;1542;1051;6303;3486;1934;485;366;344
France;Données consolidées;2024-01-23;19:45;2024-01-23T19:45:00+01:00;;68100;66650;;;;;;;;;;;;;;;;;;;;;;;;;;;;;
France;Données consolidées;2024-01-23;20:00;2024-01-23T20:00:00+01:00;67489;67200;65900;100;0;4189;48296;17197;0;9861;-232;1184;-13000;25;-2716;-1400;-4485;-3200;-1060;13;69;18;147;1131;1859;1051;6285;3046;530;478;361;345
France;Données consolidées;2024-01-23;20:45;2024-01-23T20:45:00+01:00;;64050;63050;;;;;;;;;;;;;;;;;;;;;;;;;;;;;
France;Données consolidées;2024-01-23;21:15;2024-01-23T21:15:00+01:00;;62050;61250;;;;;;;;;;;;;;;;;;;;;;;;;;;;;
France;Données consolidées;2024-01-23;21:30;2024-01-23T21:30:00+01:00;61729;61200;60500;104;0;2944;47753;17213;0;8114;-2167;1191;-13309;21;-2716;-1400;-4485;-3200;-1172;13;70;21;114;1050;757;1024;5867;2240;7;482;363;346
France;Données consolidées;2024-01-23;23:30;2024-01-23T23:30:00+01:00;60312;60800;60800;103;110;2743;46329;17032;0;7462;-2730;1204;-11824;23;-1078;-1400;-4338;-3200;-540;13;69;21;114;1007;610;1011;5614;1841;7;499;363;342
France;Données consolidées;2024-01-24;01:00;2024-01-24T01:00:00+01:00;55584;54300;53600;105;220;2276;42876;17255;0;7113;-2891;1216;-12469;23;-1326;-3098;-4054;-3200;-878;13;71;21;109;1014;137;1016;5526;1580;7;508;363;345
France;Données consolidées;2024-01-24;01:15;2024-01-24T01:15:00+01:00;;54500;53850;;;;;;;;;;;;;;;;;;;;;;;;;;;;;
France;Données consolidées;2024-01-24;02:30;2024-01-24T02:30:00+01:00;55104;54000;53100;106;358;2242;43371;17133;0;6568;-3112;1189;-12649;25;-1424;-3098;-4054;-3200;-1238;13;71;21;109;1010;115;1008;5405;1156;7;490;360;339
France;Données consolidées;2024-01-24;03:15;2024-01-24T03:15:00+01:00;;51750;51100;;;;;;;;;;;;;;;;;;;;;;;;;;;;;
France;Données consolidées;2024-01-24;07:30;2024-01-24T07:30:00+01:00;62495;61300;60800;105;304;2281;47332;16172;1;8256;-617;1177;-12425;22;-1718;-2600;-3878;-3200;-325;13;70;21;114;1038;119;1011;5584;2233;438;499;341;337
France;Données consolidées;2024-01-24;07:45;2024-01-24T07:45:00+01:00;;62150;61550;;;;;;;;;;;;;;;;;;;;;;;;;;;;;
France;Données consolidées;2024-01-24;12:15;2024-01-24T12:15:00+01:00;;64050;61700;;;;;;;;;;;;;;;;;;;;;;;;;;;;;
France;Données consolidées;2024-01-24;13:00;2024-01-24T13:00:00+01:00;62063;61800;59600;107;420;2259;46883;13501;5377;7683;-2256;1182;-12975;24;-3013;-721;-4010;-3200;-2043;13;73;21;106;1028;117;1008;5890;1787;6;493;358;331
France;Données consolidées;2024-01-24;13:30;2024-01-24T13:30:00+01:00;61015;61200;59100;105;420;2254;46883;13059;5533;7661;-2245;1169;-13716;24;-3013;-721;-4010;-3200;-2221;13;71;21;106;1028;114;1005;5854;1801;6;482;354;333
France;Données consolidées;2024-01-24;15:00;2024-01-24T15:00:00+01:00;59616;60200;58400;100;420;2281;46520;11483;4435;7747;-1314;1167;-13125;24;-3014;-189;-3975;-3200;-2185;13;66;21;111;1038;119;1013;5691;2050;6;477;356;334
France;Données consolidées;2024-01-24;15:15;2024-01-24T15:15:00+01:00;;59650;57900;;;;;;;;;;;;;;;;;;;;;;;;;;;;;
France;Données consolidées;2024-01-24;17:15;2024-01-24T17:15:00+01:00;;58150;56500;;;;;;;;;;;;;;;;;;;;;;;;;;;;;
France;Données consolidées;2024-01-24;17:30;2024-01-24T17:30:00+01:00;57869;59000;57300;101;418;2350;48272;7408;226;10527;-15;1185;-12509;26;-2994;-879;-3975;-3200;-940;13;68;20;141;1044;119;1046;6270;3444;812;482;359;343
France;Données consolidées;2024-01-24;18:00;2024-01-24T18:00:00+01:00;60299;61500;59700;101;417;2356;48347;7079;10;12738;-15;1189;-11827;25;-3013;-123;-3927;-3200;1153;13;67;21;142;1050;113;1051;6455;4091;2193;489;358;342
France;Données consolidées;2024-01-24;19:15;2024-01-24T19:15:00+01:00;;64900;62950;;;;;;;;;;;;;;;;;;;;;;;;;;;;;
France;Données consolidées;2024-01-24;19:30;2024-01-24T19:30:00+01:00;64554;64300;62400;103;304;2398;48687;6858;0;14788;-64;1197;-9615;23;-2887;-1551;-3927;-2286;1117;14;69;21;137;1068;152;1041;6940;4978;2870;497;358;342
France;Données consolidées;2024-01-24;20:00;2024-01-24T20:00:00+01:00;63035;62900;61000;107;302;2361;49180;6868;0;13472;-69;1199;-10275;23;-3014;-2244;-3927;-3185;668;14;72;21;140;1059;122;1041;6929;4462;2081;489;364;345
France;Données consolidées;2024-01-24;21:15;2024-01-24T21:15:00+01:00;;58700;57000;;;;;;;;;;;;;;;;;;;;;;;;;;;;;
France;Données consolidées;2024-01-25;00:15;2024-01-25T00:15:00+01:00;;54800;54100;;;;;;;;;;;;;;;;;;;;;;;;;;;;;
France;Données consolidées;2024-01-25;00:30;2024-01-25T00:30:00+01:00;55162;54200;53500;107;302;2234;48915;5481;0;8438;-1234;1194;-10172;26;-3014;-2498;-3581;-3200;1585;14;72;21;109;993;113;1020;5962;2343;133;516;334;344
France;Données consolidées;2024-01-25;01:00;2024-01-25T01:00:00+01:00;52814;52300;51400;106;302;2282;48743;4965;0;8072;-2269;1211;-10500;27;-3009;-2204;-3566;-3200;3043;14;71;21;109;994;156;1023;5843;2223;6;515;350;346
France;Données consolidées;2024-01-25;01:30;2024-01-25T01:30:00+01:00;52551;53200;52000;106;302;2246;48170;4525;0;7686;-2556;1225;-9051;27;-3009;-2204;-3566;-3200;3080;14;71;21;109;995;118;1024;5717;1962;7;521;359;345
France;Données consolidées;2024-01-25;03:45;2024-01-25T03:45:00+01:00;;49200;48550;;;;;;;;;;;;;;;;;;;;;;;;;;;;;
France;Données consolidées;2024-01-25;06:15;2024-01-25T06:15:00+01:00;;53950;53850;;;;;;;;;;;;;;;;;;;;;;;;;;;;;
France;Données consolidées;2024-01-25;07:00;2024-01-25T07:00:00+01:00;58933;58200;58300;104;302;4182;48459;2702;0;11721;-19;1174;-9605;34;-2075;617;-3571;-3164;-2021;12;71;21;146;1073;1934;1029;6265;4996;460;502;341;330
France;Données consolidées;2024-01-25;08:15;2024-01-25T08:15:00+01:00;;62050;62400;;;;;;;;;;;;;;;;;;;;;;;;;;;;;
France;Données consolidées;2024-01-25;10:00;2024-01-25T10:00:00+01:00;63888;63100;62500;89;413;5320;48196;3844;2771;13878;-14;1195;-11684;38;-3014;2600;-3180;-3126;-5146;0;69;21;149;1069;3087;1015;6693;5122;2063;514;349;331
France;Données consolidées;2024-01-25;12:15;2024-01-25T12:15:00+01:00;;61250;60700;;;;;;;;;;;;;;;;;;;;;;;;;;;;;
France;Données consolidées;2024-01-25;13:30;2024-01-25T13:30:00+01:00;60001;57600;57700;90;414;3846;48200;3849;7627;10155;-18;1185;-15247;31;-2914;1625;-3680;-2379;-7792;0;71;21;151;1076;1594;1025;6335;3256;564;506;341;337
France;Données consolidées;2024-01-25;13:45;2024-01-25T13:45:00+01:00;;57500;57800;;;;;;;;;;;;;;;;;;;;;;;;;;;;;
France;Données consolidées;2024-01-25;14:30;2024-01-25T14:30:00+01:00;59195;57300;57600;90;412;3645;48129;3744;6801;8940;-191;1186;-13463;31;-3014;1875;-3680;-3051;-5191;0;71;21;146;1050;1420;1029;6326;2560;54;506;342;338
France;Données consolidées;2024-01-25;15:00;2024-01-25T15:00:00+01:00;58704;56800;57400;89;413;3679;48098;3751;6057;9109;-191;1183;-13358;32;-3014;2000;-3680;-3127;-4534;0;70;21;142;1071;1440;1027;6282;2417;409;505;339;339
France;Données consolidées;2024-01-25;16:15;2024-01-25T16:15:00+01:00;;55750;54800;;;;;;;;;;;;;;;;;;;;;;;;;;;;;
France;Données consolidées;2024-01-25;16:45;2024-01-25T16:45:00+01:00;;55850;54650;;;;;;;;;;;;;;;;;;;;;;;;;;;;;
France;Données consolidées;2024-01-25;17:45;2024-01-25T17:45:00+01:00;;59100;57500;;;;;;;;;;;;;;;;;;;;;;;;;;;;;
France;Données consolidées;2024-01-25;18:15;2024-01-25T18:15:00+01:00;;61200;60050;;;;;;;;;;;;;;;;;;;;;;;;;;;;;
France;Données consolidées;2024-01-25;19:45;2024-01-25T19:45:00+01:00;;61700;61100;;;;;;;;;;;;;;;;;;;;;;;;;;;;;
France;Données consolidées;2024-01-25;22:45;2024-01-25T22:45:00+01:00;;57550;56600;;;;;;;;;;;;;;;;;;;;;;;;;;;;;
France;Données consolidées;2024-01-26;00:30;2024-01-26T00:30:00+01:00;54707;53500;52600;90;302;2717;47925;7434;0;9070;-29;1220;-13917;27;-403;-2340;-3508;-3200;-4372;0;71;21;109;1079;510;1019;6091;2418;561;532;342;345
France;Données consolidées;2024-01-26;01:15;2024-01-26T01:15:00+01:00;;52000;51050;;;;;;;;;;;;;;;;;;;;;;;;;;;;;
France;Données consolidées;2024-01-26;02:15;2024-01-26T02:15:00+01:00;;51700;50850;;;;;;;;;;;;;;;;;;;;;;;;;;;;;
France;Données consolidées;2024-01-26;03:45;2024-01-26T03:45:00+01:00;;48700;47450;;;;;;;;;;;;;;;;;;;;;;;;;;;;;
France;Données consolidées;2024-01-26;04:00;2024-01-26T04:00:00+01:00;48921;48400;47100;90;302;2364;46188;9474;0;7209;-2741;1264;-15125;27;-2118;-2731;-3587;-3200;-4514;0;71;21;109;1076;152;1026;5356;1847;6;549;371;343
France;Données consolidées;2024-01-26;04:30;2024-01-26T04:30:00+01:00;48858;48300;46900;90;303;2386;46286;9927;0;6723;-2930;1258;-15086;27;-2118;-2731;-3587;-3200;-4537;0;71;21;109;1077;171;1029;5299;1418;6;544;371;342
France;Données consolidées;2024-01-26;06:00;2024-01-26T06:00:00+01:00;52303;52000;51300;89;302;2373;47119;11645;0;7086;-3076;1235;-14369;26;-433;-1850;-3587;-3200;-3833;0;70;21;113;1081;145;1034;5440;1640;6;525;369;341
France;Données consolidées;2024-01-26;06:15;2024-01-26T06:15:00+01:00;;53600;52550;;;;;;;;;;;;;;;;;;;;;;;;;;;;;
France;Données consolidées;2024-01-26;08:15;2024-01-26T08:15:00+01:00;;62600;60800;;;;;;;;;;;;;;;;;;;;;;;;;;;;;
France;Données consolidées;2024-01-26;08:45;2024-01-26T08:45:00+01:00;;63100;60950;;;;;;;;;;;;;;;;;;;;;;;;;;;;;
France;Données consolidées;2024-01-26;09:15;2024-01-26T09:15:00+01:00;;63400;61050;;;;;;;;;;;;;;;;;;;;;;;;;;;;;
France;Données consolidées;2024-01-26;11:30;2024-01-26T11:30:00+01:00;62791;62700;60600;90;480;2412;47879;11599;3608;7955;-723;1202;-11604;25;-3013;251;-3461;-3200;-2683;0;72;20;117;1083;177;1035;5777;2171;7;505;365;332
France;Données consolidées;2024-01-26;12:15;2024-01-26T12:15:00+01:00;;61650;59800;;;;;;;;;;;;;;;;;;;;;;;;;;;;;
France;Données consolidées;2024-01-26;14:15;2024-01-26T14:15:00+01:00;;58050;57000;;;;;;;;;;;;;;;;;;;;;;;;;;;;;
France;Données consolidées;2024-01-26;14:45;2024-01-26T14:45:00+01:00;;57900;57400;;;;;;;;;;;;;;;;;;;;;;;;;;;;;
France;Données consolidées;2024-01-26;16:30;2024-01-26T16:30:00+01:00;56017;55400;53800;91;0;2370;46958;5350;1796;8614;-51;1236;-10247;21;-2905;2199;-3997;-3200;-2359;0;72;21;117;1093;97;1063;5819;2677;117;522;371;342
France;Données consolidées;2024-01-26;17:30;2024-01-26T17:30:00+01:00;57201;57700;56100;89;1;2625;47933;3836;275;10877;-14;1232;-9559;23;-2276;375;-3978;-3001;-1215;0;70;21;147;1092;314;1072;6182;3405;1289;520;369;343
France;Données consolidées;2024-01-26;19:15;2024-01-26T19:15:00+01:00;;62400;61050;;;;;;;;;;;;;;;;;;;;;;;;;;;;;
France;Données consolidées;2024-01-26;19:30;2024-01-26T19:30:00+01:00;63352;62000;60600;92;2;3327;48445;3055;0;15479;-14;1223;-8145;25;-2392;-2500;-4318;30;1095;0;73;21;149;1108;991;1079;7048;5331;3100;508;374;341
France;Données consolidées;2024-01-26;20:15;2024-01-26T20:15:00+01:00;;60450;59000;;;;;;;;;;;;;;;;;;;;;;;;;;;;;
France;Données consolidées;2024-01-26;20:45;2024-01-26T20:45:00+01:00;;59150;57650;;;;;;;;;;;;;;;;;;;;;;;;;;;;;
France;Données consolidées;2024-01-26;21:00;2024-01-26T21:00:00+01:00;59415;58500;57000;91;1;3341;48506;2335;0;14010;-71;1234;-9926;25;-1756;-3218;-4425;-3200;3535;0;72;21;149;1090;1048;1054;6845;4228;2937;514;379;340
France;Données consolidées;2024-01-26;23:00;2024-01-26T23:00:00+01:00;59332;60000;58200;93;1;3273;48483;2008;0;11723;-36;1234;-7348;26;-298;-1330;-4275;-3200;3395;0;74;21;147;1087;991;1048;6454;3649;1619;520;375;339
France;Données consolidées;2024-01-27;02:15;2024-01-27T02:15:00+01:00;;52050;53800;;;;;;;;;;;;;;;;;;;;;;;;;;;;;
France;Données consolidées;2024-01-27;03:30;2024-01-27T03:30:00+01:00;52260;49200;51100;92;4;2433;48189;2113;0;8302;-1026;1233;-8973;24;-510;-2092;-3754;-3200;411;0;73;21;106;1077;202;1048;5775;2520;7;523;373;337
France;Données consolidées;2024-01-27;04:15;2024-01-27T04:15:00+01:00;;48700;50100;;;;;;;;;;;;;;;;;;;;;;;;;;;;;
France;Données consolidées;2024-01-27;04:30;2024-01-27T04:30:00+01:00;50890;48600;50000;93;3;2417;48429;2151;0;7945;-1781;1243;-9500;24;-110;-1484;-3773;-3200;-1465;0;74;21;107;1078;183;1050;5528;2411;6;526;378;338
France;Données consolidées;2024-01-27;04:45;2024-01-27T04:45:00+01:00;;48700;49750;;;;;;;;;;;;;;;;;;;;;;;;;;;;;
France;Données consolidées;2024-01-27;07:00;2024-01-27T07:00:00+01:00;54607;52700;53700;91;4;2430;48469;2897;0;7988;-349;1224;-8043;23;203;13;-3892;-2636;-1605;0;73;21;147;1095;148;1041;5580;2342;66;512;376;336
France;Données consolidées;2024-01-27;07:15;2024-01-27T07:15:00+01:00;;53350;54400;;;;;;;;;;;;;;;;;;;;;;;;;;;;;
France;Données consolidées;2024-01-27;07:30;2024-01-27T07:30:00+01:00;56134;54000;55100;93;3;2411;48623;3140;0;8480;-15;1221;-7737;23;203;13;-3892;-2636;-1560;0;74;21;147;1111;111;1042;5762;2615;103;513;371;336
France;Données consolidées;2024-01-27;08:30;2024-01-27T08:30:00+01:00;58530;56400;57700;92;4;2453;48454;3441;111;10440;-58;1208;-7513;22;-476;617;-3892;-2389;-1753;0;73;21;147;1115;152;1039;5998;3302;1140;506;365;337
France;Données consolidées;2024-01-27;09:30;2024-01-27T09:30:00+01:00;61159;58800;59600;93;4;2451;48283;3523;1835;10765;-71;1223;-6842;21;-1877;2245;-3892;-2805;-880;0;73;21;147;1094;173;1038;6135;3172;1458;513;371;338
France;Données consolidées;2024-01-27;10:15;2024-01-27T10:15:00+01:00;;59400;60050;;;;;;;;;;;;;;;;;;;;;;;;;;;;;
France;Données consolidées;2024-01-27;12:00;2024-01-27T12:00:00+01:00;61060;58700;59300;93;4;2405;48064;1814;7463;8473;-726;1240;-7668;21;-2739;1168;-3696;-3200;25;0;73;21;147;1092;127;1040;5825;2641;7;518;377;345
France;Données consolidées;2024-01-27;12:45;2024-01-27T12:45:00+01:00;;57350;57800;;;;;;;;;;;;;;;;;;;;;;;;;;;;;
France;Données consolidées;2024-01-27;16:45;2024-01-27T16:45:00+01:00;;51850;52400;;;;;;;;;;;;;;;;;;;;;;;;;;;;;
France;Données consolidées;2024-01-27;18:00;2024-01-27T18:00:00+01:00;57200;57000;57900;92;12;4967;48412;2894;10;14115;-14;1262;-14449;33;-2779;761;-4382;-2012;-5063;0;72;21;146;1098;2685;1039;6533;5128;2454;527;384;351
France;Données consolidées;2024-01-27;18:45;2024-01-27T18:45:00+01:00;;59350;60500;;;;;;;;;;;;;;;;;;;;;;;;;;;;;
France;Données consolidées;2024-01-27;19:45;2024-01-27T19:45:00+01:00;;59300;60350;;;;;;;;;;;;;;;;;;;;;;;;;;;;;
France;Données consolidées;2024-01-27;22:30;2024-01-27T22:30:00+01:00;57768;56800;57300;92;11;4858;47841;6979;0;11498;-70;1254;-14593;32;-150;-1620;-4567;-3200;-3828;0;72;21;148;1100;2563;1047;6383;3950;1166;520;390;345
France;Données consolidées;2024-01-28;01:00;2024-01-28T01:00:00+01:00;56229;54900;54900;91;11;2940;47693;6891;0;8791;-437;1236;-10882;24;-533;2035;-4212;-3200;-5401;0;72;21;110;1083;698;1048;6040;2580;171;521;367;348
France;Données consolidées;2024-01-28;01:30;2024-01-28T01:30:00+01:00;56348;55200;55700;91;11;2870;47736;6801;0;9170;-384;1228;-11071;24;-533;2035;-4212;-3200;-5417;0;72;21;110;1085;626;1049;6022;2902;246;517;364;347
France;Données consolidées;2024-01-28;03:15;2024-01-28T03:15:00+01:00;;51650;52550;;;;;;;;;;;;;;;;;;;;;;;;;;;;;
France;Données consolidées;2024-01-28;08:45;2024-01-28T08:45:00+01:00;;53250;55850;;;;;;;;;;;;;;;;;;;;;;;;;;;;;
France;Données consolidées;2024-01-28;09:00;2024-01-28T09:00:00+01:00;57613;53800;56300;94;10;2377;47123;9605;803;8402;-1095;1227;-10832;21;19;3095;-4227;-3200;-6712;0;75;21;110;1091;131;1045;5499;2434;469;501;383;343
France;Données consolidées;2024-01-28;12:45;2024-01-28T12:45:00+01:00;;54550;56250;;;;;;;;;;;;;;;;;;;;;;;;;;;;;
France;Données consolidées;2024-01-28;13:15;2024-01-28T13:15:00+01:00;;52950;54650;;;;;;;;;;;;;;;;;;;;;;;;;;;;;
France;Données consolidées;2024-01-28;13:45;2024-01-28T13:45:00+01:00;;51300;53000;;;;;;;;;;;;;;;;;;;;;;;;;;;;;
France;Données consolidées;2024-01-28;15:45;2024-01-28T15:45:00+01:00;;48550;50150;;;;;;;;;;;;;;;;;;;;;;;;;;;;;
France;Données consolidées;2024-01-28;16:00;2024-01-28T16:00:00+01:00;51787;48100;49700;93;12;2372;47283;4963;3655;7772;-2006;1239;-13489;22;-3013;1698;-4606;-2963;-5875;0;74;21;108;1073;181;1010;5504;2261;6;518;375;345
France;Données consolidées;2024-01-28;18:00;2024-01-28T18:00:00+01:00;55590;53800;55200;92;9;2444;48313;7128;22;9540;-880;1224;-12183;21;-3013;1628;-4489;-2700;-2952;0;72;21;139;1078;201;1026;5835;3105;600;508;373;343
France;Données consolidées;2024-01-28;18:45;2024-01-28T18:45:00+01:00;;57650;58900;;;;;;;;;;;;;;;;;;;;;;;;;;;;;
France;Données consolidées;2024-01-28;19:30;2024-01-28T19:30:00+01:00;61538;58500;59700;93;9;2532;47978;9005;2;12501;-15;1228;-11694;20;-3014;-172;-4641;-2508;-1905;0;74;21;184;1141;179;1029;6366;4039;2095;504;380;343
France;Données consolidées;2024-01-28;20:30;2024-01-28T20:30:00+01:00;59379;56400;57600;92;8;2533;47539;9449;1;13096;-14;1233;-14453;20;-2846;-1842;-4554;-3196;-1744;0;73;21;185;1141;178;1028;6358;4094;2644;508;381;343
France;Données consolidées;2024-01-28;21:00;2024-01-28T21:00:00+01:00;58183;55500;56700;91;8;2466;47555;9520;1;11679;-14;1225;-14243;20;-2960;-2367;-4529;-3049;-1258;0;71;21;144;1142;154;1026;6305;3579;1795;507;375;342
France;Données consolidées;2024-01-28;21:30;2024-01-28T21:30:00+01:00;57202;54500;55700;94;7;2499;47590;9637;1;10389;-88;1224;-14044;21;-2960;-2367;-4529;-3049;-1241;0;75;21;142;1141;190;1025;5901;3126;1363;504;377;343
France;Données consolidées;2024-01-28;23:30;2024-01-28T23:30:00+01:00;57046;55000;56200;93;5;2394;47581;8867;0;8323;-375;1225;-10959;21;-2354;99;-4529;-3200;-784;0;73;21;142;1080;162;1009;5623;2446;255;503;381;340
France;Données consolidées;2024-01-28;23:45;2024-01-28T23:45:00+01:00;;55200;55950;;;;;;;;;;;;;;;;;;;;;;;;;;;;;
France;Données consolidées;2024-01-29;00:00;2024-01-29T00:00:00+01:00;57003;55400;55700;92;0;2404;47413;8711;0;8117;-284;1223;-10568;21;-2938;-233;-4315;-3200;-896;0;72;21;142;1076;169;1017;5563;2547;6;504;379;340
France;Données consolidées;2024-01-29;03:15;2024-01-29T03:15:00+01:00;;50250;50700;;;;;;;;;;;;;;;;;;;;;;;;;;;;;
France;Données consolidées;2024-01-29;03:30;2024-01-29T03:30:00+01:00;51772;49800;50200;91;0;2342;47685;7302;0;7956;-2917;1202;-11793;22;-3014;907;-4265;-3200;-3011;0;72;21;109;1084;139;1010;5541;2409;6;494;371;337
France;Données consolidées;2024-01-29;06:30;2024-01-29T06:30:00+01:00;58908;57600;58000;91;434;3375;47636;6659;1;10363;-14;1206;-10761;31;-1987;1683;-4338;-2750;-3787;0;72;21;146;1111;1099;1019;5753;3994;616;485;379;342
France;Données consolidées;2024-01-29;08:15;2024-01-29T08:15:00+01:00;;65700;66050;;;;;;;;;;;;;;;;;;;;;;;;;;;;;
France;Données consolidées;2024-01-29;09:00;2024-01-29T09:00:00+01:00;67542;66300;66000;84;433;5579;47807;6705;848;14759;-14;1188;-9757;38;-2302;-672;-4485;-691;-2731;0;64;21;147;1110;3286;1036;6506;5584;2669;481;373;333
France;Données consolidées;2024-01-29;09:45;2024-01-29T09:45:00+01:00;;66050;65700;;;;;;;;;;;;;;;;;;;;;;;;;;;;;
France;Données consolidées;2024-01-29;13:30;2024-01-29T13:30:00+01:00;60632;61200;58400;86;438;3584;47582;4508;7728;9712;-846;1198;-13270;30;-3013;702;-4485;-3070;-3943;0;67;21;144;1098;1313;1030;6331;3054;327;479;380;339
France;Données consolidées;2024-01-29;14:15;2024-01-29T14:15:00+01:00;;60450;58050;;;;;;;;;;;;;;;;;;;;;;;;;;;;;
France;Données consolidées;2024-01-29;14:30;2024-01-29T14:30:00+01:00;59595;60600;57900;85;439;3739;47666;4365;6649;9419;-637;1206;-13247;32;-3013;1259;-4485;-3200;-3998;0;66;21;143;1096;1484;1017;6284;3025;110;488;384;333
France;Données consolidées;2024-01-29;14:45;2024-01-29T14:45:00+01:00;;60400;57850;;;;;;;;;;;;;;;;;;;;;;;;;;;;;
France;Données consolidées;2024-01-29;16:30;2024-01-29T16:30:00+01:00;56942;58800;55600;84;438;4848;47554;4565;2154;10421;-15;1206;-14223;38;-3014;687;-4352;-3098;-4555;0;65;21;142;1092;2568;1045;6374;3419;628;490;380;336
France;Données consolidées;2024-01-29;17:15;2024-01-29T17:15:00+01:00;;59750;56700;;;;;;;;;;;;;;;;;;;;;;;;;;;;;
France;Données consolidées;2024-01-29;19:00;2024-01-29T19:00:00+01:00;65875;66500;63800;89;517;6234;46937;7714;1;16143;-14;1216;-12874;42;-1853;-2911;-4212;-3200;-1101;0;69;21;144;1105;3924;1061;6991;5831;3321;483;394;339
France;Données consolidées;2024-01-29;19:45;2024-01-29T19:45:00+01:00;;64700;62300;;;;;;;;;;;;;;;;;;;;;;;;;;;;;
France;Données consolidées;2024-01-29;20:00;2024-01-29T20:00:00+01:00;63869;63700;61400;88;369;5865;46976;8770;1;14410;-14;1223;-13718;39;-1530;-3098;-4485;-3200;-3471;0;69;21;146;1108;3551;1060;6934;5005;2470;485;395;342
France;Données consolidées;2024-01-29;21:30;2024-01-29T21:30:00+01:00;58375;57900;56100;88;316;5396;47408;9310;1;11894;-15;1230;-17160;37;-1947;-3098;-4485;-3200;-4284;0;69;21;146;1098;3121;1032;6478;4701;715;495;393;342
France;Données consolidées;2024-01-30;00:30;2024-01-30T00:30:00+01:00;56172;54200;54100;90;316;4539;47632;8073;0;9013;-432;1215;-14163;35;-1452;-1638;-4345;-3193;-3312;0;71;21;139;1081;2287;1032;5835;3080;98;475;401;338
France;Données consolidées;2024-01-30;04:45;2024-01-30T04:45:00+01:00;;49200;49800;;;;;;;;;;;;;;;;;;;;;;;;;;;;;
France;Données consolidées;2024-01-30;06:45;2024-01-30T06:45:00+01:00;;58250;58350;;;;;;;;;;;;;;;;;;;;;;;;;;;;;
France;Données consolidées;2024-01-30;07:00;2024-01-30T07:00:00+01:00;60731;59600;59900;89;316;6451;48007;6840;0;9649;-345;1206;-11378;44;1472;-1932;-4359;-3197;-2894;0;70;21;147;1109;4162;1033;6270;2840;540;475;397;334
France;Données consolidées;2024-01-30;07:15;2024-01-30T07:15:00+01:00;;61050;61000;;;;;;;;;;;;;;;;;;;;;;;;;;;;;
France;Données consolidées;2024-01-30;07:45;2024-01-30T07:45:00+01:00;;63200;62850;;;;;;;;;;;;;;;;;;;;;;;;;;;;;
France;Données consolidées;2024-01-30;08:45;2024-01-30T08:45:00+01:00;;64300;63400;;;;;;;;;;;;;;;;;;;;;;;;;;;;;
France;Données consolidées;2024-01-30;10:00;2024-01-30T10:00:00+01:00;64798;64100;63400;168;439;6267;48010;5714;2951;10907;-67;1171;-10658;43;-2363;-373;-3910;-2816;-201;78;70;20;146;1084;4004;1033;6270;4227;410;462;376;333
France;Données consolidées;2024-01-30;13:00;2024-01-30T13:00:00+01:00;61573;60300;59700;130;439;3953;47940;4312;7690;8020;-344;1194;-11663;33;-2747;2078;-3991;-3115;-4546;41;70;20;144;1077;1687;1046;5596;2337;87;467;398;329
France;Données consolidées;2024-01-30;15:00;2024-01-30T15:00:00+01:00;59555;59000;58200;87;439;4778;47856;3329;6139;8655;-222;1193;-12598;37;-2437;2000;-4447;-3200;-4072;0;69;20;143;1078;2516;1042;6082;2400;174;470;397;326
France;Données consolidées;2024-01-30;16:30;2024-01-30T16:30:00+01:00;57670;56900;56000;87;438;5838;47771;2418;2856;10394;-15;1227;-13246;43;-2350;2000;-4447;-3200;-5044;0;69;20;146;1085;3550;1057;6353;3195;847;493;399;335
France;Données consolidées;2024-01-30;21:00;2024-01-30T21:00:00+01:00;60596;58100;58900;85;315;7057;48170;960;0;13944;-14;1223;-11040;47;-1500;-2630;-4463;-2435;94;0;67;20;148;1105;4759;1046;6863;5268;1813;479;408;335
France;Données consolidées;2024-01-30;21:15;2024-01-30T21:15:00+01:00;;57550;58350;;;;;;;;;;;;;;;;;;;;;;;;;;;;;
France;Données consolidées;2024-01-30;21:30;2024-01-30T21:30:00+01:00;59233;57000;57800;84;315;6844;48183;844;0;13058;-15;1222;-11199;47;-1500;-2630;-4463;-2435;-336;0;66;20;146;1093;4570;1035;6660;4602;1796;477;405;339
France;Données consolidées;2024-01-30;22:30;2024-01-30T22:30:00+01:00;58211;56700;57600;84;315;6538;48261;749;0;11280;-57;1224;-10080;46;-1285;-1722;-4463;-2543;815;0;66;20;143;1094;4270;1031;6450;3774;1056;480;405;338
France;Données consolidées;2024-01-31;00:30;2024-01-31T00:30:00+01:00;57149;55700;55800;84;315;5260;48313;811;0;10154;-16;1228;-8891;41;-334;-676;-4021;-2739;-817;0;66;20;139;1095;2999;1028;5957;3623;575;492;400;335
France;Données consolidées;2024-01-31;02:15;2024-01-31T02:15:00+01:00;;54150;54400;;;;;;;;;;;;;;;;;;;;;;;;;;;;;
France;Données consolidées;2024-01-31;02:30;2024-01-31T02:30:00+01:00;54771;53800;53900;83;314;4459;48038;615;0;9106;-224;1234;-8751;39;-885;29;-4021;-3200;-1001;0;66;20;141;1087;2194;1038;6067;2879;160;500;403;330
France;Données consolidées;2024-01-31;02:45;2024-01-31T02:45:00+01:00;;53300;53400;;;;;;;;;;;;;;;;;;;;;;;;;;;;;
France;Données consolidées;2024-01-31;04:00;2024-01-31T04:00:00+01:00;51987;51100;51300;86;315;4418;48258;545;0;8446;-447;1227;-10751;39;685;327;-4100;-3039;-5107;0;68;20;143;1071;2164;1040;6013;2341;91;498;394;335
France;Données consolidées;2024-01-31;06:15;2024-01-31T06:15:00+01:00;;57550;57350;;;;;;;;;;;;;;;;;;;;;;;;;;;;;
France;Données consolidées;2024-01-31;06:30;2024-01-31T06:30:00+01:00;59453;58900;58800;86;314;6983;48323;740;0;10414;-15;1202;-8502;49;2352;1985;-4100;-2900;-5791;0;68;20;147;1118;4681;1037;6341;3337;736;479;393;330
France;Données consolidées;2024-01-31;06:45;2024-01-31T06:45:00+01:00;;60350;60250;;;;;;;;;;;;;;;;;;;;;;;;;;;;;
France;Données consolidées;2024-01-31;07:45;2024-01-31T07:45:00+01:00;;65050;65150;;;;;;;;;;;;;;;;;;;;;;;;;;;;;
France;Données consolidées;2024-01-31;10:00;2024-01-31T10:00:00+01:00;67498;66500;66400;89;437;7661;47697;1251;2946;14284;-15;1183;-7914;49;569;2175;-3849;-2943;-4338;0;71;20;149;1140;5322;1051;6644;5375;2265;471;384;327
France;Données consolidées;2024-01-31;10:30;2024-01-31T10:30:00+01:00;66767;65700;65600;88;436;7649;47697;1192;4256;13053;-51;1183;-8633;49;569;2175;-3849;-2943;-4307;0;70;20;149;1139;5325;1036;6402;4843;1808;469;392;322
France;Données consolidées;2024-01-31;11:00;2024-01-31T11:00:00+01:00;66172;65200;65000;88;437;7583;47660;1140;5371;11591;-71;1178;-8691;49;1037;2350;-3927;-2953;-4817;0;70;20;149;1141;5258;1036;6401;3995;1195;466;391;320
France;Données consolidées;2024-01-31;15:30;2024-01-31T15:30:00+01:00;59329;59300;58900;83;438;3482;47738;2810;5685;8024;-538;1216;-9537;32;548;2200;-4480;-3200;-4728;0;66;20;147;1086;1191;1058;5708;2117;199;481;395;339
France;Données consolidées;2024-01-31;15:45;2024-01-31T15:45:00+01:00;;58550;58150;;;;;;;;;;;;;;;;;;;;;;;;;;;;;
France;Données consolidées;2024-01-31;16:15;2024-01-31T16:15:00+01:00;;57250;56900;;;;;;;;;;;;;;;;;;;;;;;;;;;;;
France;Données consolidées;2024-01-31;16:30;2024-01-31T16:30:00+01:00;57940;56700;56400;86;434;4218;47738;2446;3046;8717;-186;1223;-9720;37;158;1761;-4487;-3200;-4650;0;68;20;145;1085;1920;1068;5834;2679;205;486;394;342
France;Données consolidées;2024-01-31;17:00;2024-01-31T17:00:00+01:00;57655;57100;56800;97;434;4708;47699;2416;1643;9308;-22;1219;-9768;39;328;921;-4387;-3200;-3943;6;71;20;147;1086;2418;1058;5931;2910;468;485;391;343
France;Données consolidées;2024-01-31;17:30;2024-01-31T17:30:00+01:00;58578;58200;57900;96;434;4928;47662;2570;576;11045;-19;1219;-9834;40;328;921;-4387;-3200;-3725;6;70;20;148;1097;2620;1064;6166;3918;961;482;394;342
France;Données consolidées;2024-01-31;17:45;2024-01-31T17:45:00+01:00;;59400;59100;;;;;;;;;;;;;;;;;;;;;;;;;;;;;
France;Données consolidées;2024-01-31;18:45;2024-01-31T18:45:00+01:00;;64750;64450;;;;;;;;;;;;;;;;;;;;;;;;;;;;;
France;Données consolidées;2024-01-31;20:00;2024-01-31T20:00:00+01:00;65427;63400;63100;93;316;5036;47685;5395;0;13626;-14;1237;-7836;36;-1099;-2900;-4287;-2957;3193;6;67;20;148;1112;2706;1070;6656;4793;2176;485;404;348
France;Données consolidées;2024-01-31;21:00;2024-01-31T21:00:00+01:00;61303;59700;59400;94;315;4440;47709;6618;0;9236;-15;1244;-8229;35;-2113;-2900;-4059;-3200;3911;6;68;20;115;1106;2169;1050;5966;2977;293;490;407;347
France;Données consolidées;2024-01-31;22:15;2024-01-31T22:15:00+01:00;;57850;57550;;;;;;;;;;;;;;;;;;;;;;;;;;;;;
France;Données consolidées;2024-01-31;23:15;2024-01-31T23:15:00+01:00;;59200;58900;;;;;;;;;;;;;;;;;;;;;;;;;;;;;
France;Données consolidées;2024-01-01;01:30;2024-01-01T01:30:00+01:00;52917;53000;51700;96;17;1993;37446;15188;0;6176;-1877;1213;-7227;21;-1431;-2636;-2102;-2280;1585;14;64;18;91;761;181;960;5034;1136;5;510;359;344
France;Données consolidées;2024-01-01;02:15;2024-01-01T02:15:00+01:00;;51850;51450;;;;;;;;;;;;;;;;;;;;;;;;;;;;;
France;Données consolidées;2024-01-01;02:30;2024-01-01T02:30:00+01:00;52614;51400;50900;97;16;2004;37066;14538;0;6076;-1981;1216;-6313;22;-1878;-2636;-2495;-2142;2677;14;65;18;96;763;200;946;4999;1071;6;507;362;347
France;Données consolidées;2024-01-01;04:15;2024-01-01T04:15:00+01:00;;47050;46750;;;;;;;;;;;;;;;;;;;;;;;;;;;;;
France;Données consolidées;2024-01-01;04:45;2024-01-01T04:45:00+01:00;;46350;46200;;;;;;;;;;;;;;;;;;;;;;;;;;;;;
France;Données consolidées;2024-01-01;06:45;2024-01-01T06:45:00+01:00;;45250;46700;;;;;;;;;;;;;;;;;;;;;;;;;;;;;
France;Données consolidées;2024-01-01;07:30;2024-01-01T07:30:00+01:00;48202;45100;46800;95;17;1977;36746;8385;0;5697;-2482;1191;-3317;25;-1600;-2600;-2319;-1662;3922;14;63;18;100;777;152;949;4737;954;6;498;355;339
France;Données consolidées;2024-01-01;08:30;2024-01-01T08:30:00+01:00;48274;45400;46700;94;18;1935;35063;12347;10;5662;-2778;1190;-5149;23;-2027;-2600;-2092;-1455;3444;14;62;18;100;779;102;955;4908;748;6;495;357;337
France;Données consolidées;2024-01-01;10:00;2024-01-01T10:00:00+01:00;49946;47000;48200;92;18;2021;36128;11457;1457;6007;-2728;1196;-5596;23;-2522;-2913;-871;-1310;1324;14;60;18;100;779;185;957;4969;1032;6;496;358;342
France;Données consolidées;2024-01-01;10:15;2024-01-01T10:15:00+01:00;;47850;48650;;;;;;;;;;;;;;;;;;;;;;;;;;;;;
France;Données consolidées;2024-01-01;14:00;2024-01-01T14:00:00+01:00;50063;48800;48600;92;18;1981;36933;10044;4963;6262;-2040;1194;-9286;21;-3014;-697;-2265;-2377;-2480;14;59;18;100;775;143;964;5070;1186;5;489;357;348
France;Données consolidées;2024-01-01;16:00;2024-01-01T16:00:00+01:00;49319;47200;47000;90;18;1983;39051;9025;1996;9139;-346;1195;-12719;20;-3014;-354;-2438;-3200;-6260;15;58;18;99;776;145;963;5432;2843;864;491;356;348
France;Données consolidées;2024-01-01;17:15;2024-01-01T17:15:00+01:00;;49300;49100;;;;;;;;;;;;;;;;;;;;;;;;;;;;;
France;Données consolidées;2024-01-01;18:30;2024-01-01T18:30:00+01:00;55506;52800;52600;89;18;2027;44380;12439;1;11354;-23;1194;-15876;18;-3014;-2833;-2438;-3162;-4038;15;60;15;96;769;194;968;5935;3191;2229;496;352;346
France;Données consolidées;2024-01-01;19:15;2024-01-01T19:15:00+01:00;;53900;53700;;;;;;;;;;;;;;;;;;;;;;;;;;;;;
France;Données consolidées;2024-01-01;19:45;2024-01-01T19:45:00+01:00;;53500;53300;;;;;;;;;;;;;;;;;;;;;;;;;;;;;
France;Données consolidées;2024-01-01;21:45;2024-01-01T21:45:00+01:00;;50400;50200;;;;;;;;;;;;;;;;;;;;;;;;;;;;;
France;Données consolidées;2024-01-01;22:00;2024-01-01T22:00:00+01:00;53160;50100;49900;90;16;2035;42522;16962;0;7812;-378;1201;-16987;18;-2931;-2800;-2438;-3199;-5291;14;61;15;98;775;207;956;5398;1846;568;496;362;343
France;Données consolidées;2024-01-02;05:45;2024-01-02T05:45:00+01:00;;45650;47650;;;;;;;;;;;;;;;;;;;;;;;;;;;;;
France;Données consolidées;2024-01-02;07:15;2024-01-02T07:15:00+01:00;;50550;52650;;;;;;;;;;;;;;;;;;;;;;;;;;;;;
France;Données consolidées;2024-01-02;08:00;2024-01-02T08:00:00+01:00;56317;52900;55200;89;18;2216;44592;17000;0;8147;-537;1166;-16276;18;-2994;-1931;-2855;-3200;-6246;14;62;13;97;929;209;981;5559;2583;5;479;354;333
France;Données consolidées;2024-01-02;12:00;2024-01-02T12:00:00+01:00;62784;59400;61400;97;16;2264;45733;17679;1817;11076;-72;1182;-16909;17;-3014;-913;-3078;-3200;-7919;14;62;21;97;959;178;1031;6037;2721;2318;483;361;338
France;Données consolidées;2024-01-02;12:45;2024-01-02T12:45:00+01:00;;58900;61250;;;;;;;;;;;;;;;;;;;;;;;;;;;;;
France;Données consolidées;2024-01-02;13:00;2024-01-02T13:00:00+01:00;62318;58400;60800;96;16;2253;45681;17703;1776;10619;-242;1181;-16661;17;-3014;-1260;-3078;-3200;-8227;14;61;21;97;969;156;1031;5903;2591;2125;490;358;333
France;Données consolidées;2024-01-02;18:45;2024-01-02T18:45:00+01:00;;58900;61250;;;;;;;;;;;;;;;;;;;;;;;;;;;;;
France;Données consolidées;2024-01-02;19:30;2024-01-02T19:30:00+01:00;63189;58700;60700;96;11;2258;46484;17167;0;12896;-23;1192;-16789;17;-3014;-645;-3413;-3200;-7460;14;60;21;92;1020;105;1042;6487;3558;2851;474;370;347
France;Données consolidées;2024-01-02;21:45;2024-01-02T21:45:00+01:00;;52400;53300;;;;;;;;;;;;;;;;;;;;;;;;;;;;;
France;Données consolidées;2024-01-03;01:00;2024-01-03T01:00:00+01:00;51585;49800;50500;95;11;2234;42285;17134;1;6782;-2232;1213;-15835;20;-2785;-2733;-3361;-3200;-3632;14;60;21;93;1003;98;1040;5415;1362;5;511;357;345
France;Données consolidées;2024-01-03;01:15;2024-01-03T01:15:00+01:00;;50100;50450;;;;;;;;;;;;;;;;;;;;;;;;;;;;;
France;Données consolidées;2024-01-03;02:00;2024-01-03T02:00:00+01:00;50132;50200;50700;95;11;2218;42767;12650;1;6713;-2134;1209;-13322;21;-2863;-2041;-2707;-3064;-789;14;60;21;93;999;94;1033;5314;1394;5;501;367;342
France;Données consolidées;2024-01-03;03:00;2024-01-03T03:00:00+01:00;49044;47400;48100;94;11;2223;41734;10371;0;7066;-2060;1218;-11501;23;-2915;-2338;-2658;-3072;-768;12;61;21;93;999;107;1024;5222;1840;5;518;359;340
France;Données consolidées;2024-01-03;03:15;2024-01-03T03:15:00+01:00;;47050;47550;;;;;;;;;;;;;;;;;;;;;;;;;;;;;
France;Données consolidées;2024-01-03;07:30;2024-01-03T07:30:00+01:00;56845;55200;55600;97;11;2244;46178;17088;1;7429;-1735;1157;-15539;19;-2807;-2500;-3525;-3200;-3536;14;62;21;98;1007;107;1032;5538;1887;5;488;337;332
France;Données consolidées;2024-01-03;08:15;2024-01-03T08:15:00+01:00;;57800;57750;;;;;;;;;;;;;;;;;;;;;;;;;;;;;
France;Données consolidées;2024-01-03;09:15;2024-01-03T09:15:00+01:00;;59150;59050;;;;;;;;;;;;;;;;;;;;;;;;;;;;;
France;Données consolidées;2024-01-03;09:45;2024-01-03T09:45:00+01:00;;59900;59650;;;;;;;;;;;;;;;;;;;;;;;;;;;;;
France;Données consolidées;2024-01-03;11:45;2024-01-03T11:45:00+01:00;;61250;61050;;;;;;;;;;;;;;;;;;;;;;;;;;;;;
France;Données consolidées;2024-01-03;12:00;2024-01-03T12:00:00+01:00;63132;61500;61200;96;13;2333;47004;17189;3169;8619;-578;1169;-15781;18;-3014;-3137;-3751;-3100;-3382;15;62;20;99;1042;151;1041;5840;2675;105;502;332;335
France;Données consolidées;2024-01-03;12:15;2024-01-03T12:15:00+01:00;;61500;61000;;;;;;;;;;;;;;;;;;;;;;;;;;;;;
France;Données consolidées;2024-01-03;14:15;2024-01-03T14:15:00+01:00;;58450;59350;;;;;;;;;;;;;;;;;;;;;;;;;;;;;
France;Données consolidées;2024-01-03;14:45;2024-01-03T14:45:00+01:00;;58100;58950;;;;;;;;;;;;;;;;;;;;;;;;;;;;;
France;Données consolidées;2024-01-03;15:30;2024-01-03T15:30:00+01:00;59901;57200;57600;98;11;2296;47048;17528;1871;9982;-436;1211;-19610;18;-3014;-2711;-3716;-3200;-7628;14;63;21;89;1050;127;1029;6152;3253;577;506;361;344
France;Données consolidées;2024-01-03;16:15;2024-01-03T16:15:00+01:00;;56600;56650;;;;;;;;;;;;;;;;;;;;;;;;;;;;;
France;Données consolidées;2024-01-03;17:00;2024-01-03T17:00:00+01:00;58942;57600;57700;103;17;2306;46945;18141;192;10164;-259;1202;-19764;18;-3014;-3330;-4111;-3200;-4997;14;68;21;88;1067;111;1040;6383;3299;483;490;365;347
France;Données consolidées;2024-01-03;17:15;2024-01-03T17:15:00+01:00;;58550;58750;;;;;;;;;;;;;;;;;;;;;;;;;;;;;
France;Données consolidées;2024-01-03;18:30;2024-01-03T18:30:00+01:00;63482;61800;62400;105;16;2319;47135;18038;0;12231;-23;1205;-17444;17;-3014;-3300;-3999;-3200;-4452;14;70;21;91;1032;154;1042;6829;3792;1611;489;365;351
France;Données consolidées;2024-01-03;20:00;2024-01-03T20:00:00+01:00;63086;60500;61500;105;16;2330;47086;17809;0;12577;-23;1191;-17902;17;-3014;-3300;-3274;-3200;-6611;14;70;21;91;1035;161;1043;6743;3551;2282;488;357;346
France;Données consolidées;2024-01-03;20:30;2024-01-03T20:30:00+01:00;61099;58500;59600;106;16;2274;47115;17756;0;12241;-22;1204;-19486;17;-3014;-3300;-3274;-3200;-6655;14;70;21;90;1036;110;1038;6669;3372;2200;494;361;348
France;Données consolidées;2024-01-03;21:30;2024-01-03T21:30:00+01:00;57652;55200;56600;107;16;2266;46838;17471;0;9986;-23;1205;-20110;18;-3014;-3200;-3469;-3200;-7075;14;71;21;90;1034;112;1030;6421;2737;827;497;360;348
France;Données consolidées;2024-01-03;23:15;2024-01-03T23:15:00+01:00;;56550;57350;;;;;;;;;;;;;;;;;;;;;;;;;;;;;
France;Données consolidées;2024-01-04;00:00;2024-01-04T00:00:00+01:00;56348;55500;54900;106;16;2322;46220;16221;0;8280;-1287;1223;-16648;19;-1896;-2800;-2654;-3200;-6131;14;71;21;89;1033;168;1032;5942;2333;6;506;372;345
France;Données consolidées;2024-01-04;00:15;2024-01-04T00:15:00+01:00;;54600;54000;;;;;;;;;;;;;;;;;;;;;;;;;;;;;
France;Données consolidées;2024-01-04;00:30;2024-01-04T00:30:00+01:00;55155;53700;53100;106;16;2328;45534;16027;0;7577;-1231;1206;-16296;20;-1896;-2800;-2654;-3200;-6125;14;71;21;84;1020;195;1029;5712;1859;5;507;353;345
France;Données consolidées;2024-01-04;01:30;2024-01-04T01:30:00+01:00;52662;53000;51800;107;17;2311;45600;15225;0;7087;-2102;1189;-16668;20;-1887;-2800;-2423;-3200;-6214;14;72;21;84;1019;179;1029;5684;1398;6;504;343;342
France;Données consolidées;2024-01-04;01:45;2024-01-04T01:45:00+01:00;;52900;51700;;;;;;;;;;;;;;;;;;;;;;;;;;;;;
France;Données consolidées;2024-01-04;02:15;2024-01-04T02:15:00+01:00;;52050;51100;;;;;;;;;;;;;;;;;;;;;;;;;;;;;
France;Données consolidées;2024-01-04;05:30;2024-01-04T05:30:00+01:00;50526;50000;49200;106;17;2367;45097;12974;0;7474;-1595;1178;-16987;21;-2173;-3015;-2596;-3200;-6402;14;71;21;84;1026;242;1015;5638;1831;5;496;344;337
France;Données consolidées;2024-01-04;05:45;2024-01-04T05:45:00+01:00;;50950;50150;;;;;;;;;;;;;;;;;;;;;;;;;;;;;
France;Données consolidées;2024-01-04;06:00;2024-01-04T06:00:00+01:00;51614;51900;51100;107;17;2467;46331;12210;0;7936;-1495;1175;-17033;21;-2172;-3351;-2827;-3200;-3659;14;72;21;87;1037;328;1015;5763;2168;5;496;344;334
France;Données consolidées;2024-01-04;08:45;2024-01-04T08:45:00+01:00;;61650;60550;;;;;;;;;;;;;;;;;;;;;;;;;;;;;
France;Données consolidées;2024-01-04;09:15;2024-01-04T09:15:00+01:00;;62200;60850;;;;;;;;;;;;;;;;;;;;;;;;;;;;;
France;Données consolidées;2024-01-04;12:00;2024-01-04T12:00:00+01:00;62748;63800;61800;104;17;4986;46658;8416;5491;10523;-64;1139;-14417;30;-2858;-3561;-1968;-3182;-4851;14;68;21;93;1108;2768;1017;6329;3426;767;461;339;339
France;Données consolidées;2024-01-04;13:00;2024-01-04T13:00:00+01:00;61107;62200;59500;105;17;4952;46680;8713;5461;11164;-74;1172;-16977;30;-2855;-3397;-1137;-2864;-7230;14;69;21;93;1093;2732;1034;6275;3578;1311;475;356;340
France;Données consolidées;2024-01-04;13:15;2024-01-04T13:15:00+01:00;;61700;59050;;;;;;;;;;;;;;;;;;;;;;;;;;;;;
France;Données consolidées;2024-01-04;15:30;2024-01-04T15:30:00+01:00;58941;60000;57000;104;17;5059;46690;9184;2672;11583;-30;1185;-17434;31;-2972;-1499;-3573;-3041;-6342;14;69;21;93;1085;2855;1026;6387;3785;1411;487;351;347
France;Données consolidées;2024-01-04;16:30;2024-01-04T16:30:00+01:00;58024;58600;56000;105;15;4711;45954;10338;934;12698;-23;1198;-17814;30;-3014;-2338;-3981;-3200;-5498;14;69;21;93;1088;2483;1046;6652;4099;1947;492;355;351
France;Données consolidées;2024-01-04;17:30;2024-01-04T17:30:00+01:00;60116;60800;58700;106;14;5096;45406;11631;13;15243;-23;1190;-18474;30;-3014;-3061;-4231;-3200;-4728;15;70;21;93;1097;2854;1051;6910;5090;3243;483;355;352
France;Données consolidées;2024-01-04;19:00;2024-01-04T19:00:00+01:00;65127;64400;63000;105;15;5119;45878;13487;0;16065;-23;1197;-16606;29;-3014;-3150;-4220;-3200;-3572;15;69;21;93;1109;2861;1055;7130;5437;3499;484;362;351
France;Données consolidées;2024-01-04;19:45;2024-01-04T19:45:00+01:00;;62700;61450;;;;;;;;;;;;;;;;;;;;;;;;;;;;;
France;Données consolidées;2024-01-04;21:15;2024-01-04T21:15:00+01:00;;57600;56600;;;;;;;;;;;;;;;;;;;;;;;;;;;;;
France;Données consolidées;2024-01-04;21:30;2024-01-04T21:30:00+01:00;57974;57000;56000;107;16;4631;46441;13861;0;10646;-22;1220;-18824;29;-2901;-3378;-3928;-3200;-5112;15;72;21;89;1061;2439;1043;6334;3505;807;507;359;353
France;Données consolidées;2024-01-05;02:45;2024-01-05T02:45:00+01:00;;50250;50350;;;;;;;;;;;;;;;;;;;;;;;;;;;;;
France;Données consolidées;2024-01-05;03:30;2024-01-05T03:30:00+01:00;50442;48900;48800;105;16;2879;45961;11196;0;8210;-3045;1242;-16012;24;-2249;-1123;-3822;-3200;-5668;13;71;21;84;1061;680;1054;5675;2531;5;519;376;347
France;Données consolidées;2024-01-05;06:15;2024-01-05T06:15:00+01:00;;52100;52850;;;;;;;;;;;;;;;;;;;;;;;;;;;;;
France;Données consolidées;2024-01-05;09:45;2024-01-05T09:45:00+01:00;;61250;62700;;;;;;;;;;;;;;;;;;;;;;;;;;;;;
France;Données consolidées;2024-01-05;10:30;2024-01-05T10:30:00+01:00;64556;61500;63100;98;15;5415;47575;7226;1285;10134;-25;1167;-8236;34;-2395;2775;-3673;-3200;-1643;8;69;21;101;1153;3066;1095;6262;3866;6;468;365;335
France;Données consolidées;2024-01-05;10:45;2024-01-05T10:45:00+01:00;;61550;63050;;;;;;;;;;;;;;;;;;;;;;;;;;;;;
France;Données consolidées;2024-01-05;11:45;2024-01-05T11:45:00+01:00;;62250;63400;;;;;;;;;;;;;;;;;;;;;;;;;;;;;
France;Données consolidées;2024-01-05;13:15;2024-01-05T13:15:00+01:00;;59650;61000;;;;;;;;;;;;;;;;;;;;;;;;;;;;;
France;Données consolidées;2024-01-05;14:00;2024-01-05T14:00:00+01:00;61726;59000;60700;100;18;5558;47442;6216;3106;10244;-74;1210;-11991;35;-2762;2900;-4433;-3048;-3248;8;71;21;102;1160;3209;1087;6431;3664;149;493;366;351
France;Données consolidées;2024-01-05;16:00;2024-01-05T16:00:00+01:00;60199;56700;58900;98;17;5420;47545;5058;1312;11172;-24;1210;-11510;35;-2776;2913;-4485;-2583;-5034;7;70;21;103;1143;3061;1114;6462;4172;538;485;375;350
France;Données consolidées;2024-01-05;17:00;2024-01-05T17:00:00+01:00;59879;56000;58400;99;18;5543;47633;4401;238;12772;-22;1213;-11912;36;-2465;2913;-4485;-3008;-4589;8;70;22;103;1143;3169;1128;6831;4398;1542;488;370;354
France;Données consolidées;2024-01-05;17:30;2024-01-05T17:30:00+01:00;61549;58300;60600;100;17;5868;47632;4431;12;13980;-23;1211;-11575;37;-2465;2913;-4485;-3002;-4483;8;71;21;103;1143;3497;1125;7101;4821;2058;490;373;348
France;Données consolidées;2024-01-05;17:45;2024-01-05T17:45:00+01:00;;59150;61400;;;;;;;;;;;;;;;;;;;;;;;;;;;;;
France;Données consolidées;2024-01-05;18:15;2024-01-05T18:15:00+01:00;;60650;62800;;;;;;;;;;;;;;;;;;;;;;;;;;;;;
France;Données consolidées;2024-01-05;20:00;2024-01-05T20:00:00+01:00;64112;59800;62300;99;16;5792;47577;5070;0;14557;-23;1215;-10090;36;-2966;2913;-3828;-2847;-2768;8;70;21;103;1158;3408;1123;7142;4772;2643;500;363;352
France;Données consolidées;2024-01-05;21:15;2024-01-05T21:15:00+01:00;;55750;58800;;;;;;;;;;;;;;;;;;;;;;;;;;;;;
France;Données consolidées;2024-01-05;21:30;2024-01-05T21:30:00+01:00;59543;55200;58400;99;15;5247;47711;5230;0;10820;-25;1214;-10659;35;-2871;2889;-3922;-3200;-3112;8;70;21;101;1134;2933;1080;6666;3883;272;502;361;350
France;Données consolidées;2024-01-05;22:45;2024-01-05T22:45:00+01:00;;56000;58750;;;;;;;;;;;;;;;;;;;;;;;;;;;;;
France;Données consolidées;2024-01-05;23:15;2024-01-05T23:15:00+01:00;;56700;59400;;;;;;;;;;;;;;;;;;;;;;;;;;;;;
France;Données consolidées;2024-01-06;00:00;2024-01-06T00:00:00+01:00;58937;58400;57600;99;12;5292;47588;5283;0;9121;-41;1224;-9538;36;-3014;3500;-2739;-3084;-3960;8;70;21;101;1109;3006;1077;6353;2762;5;506;371;347
France;Données consolidées;2024-01-06;03:00;2024-01-06T03:00:00+01:00;53234;51200;52200;100;13;2838;45973;4865;0;8127;-804;1226;-9006;26;-3014;3500;-1785;-3000;-6366;8;71;21;96;1066;600;1077;5912;2111;104;506;375;344
France;Données consolidées;2024-01-06;04:45;2024-01-06T04:45:00+01:00;;48650;49350;;;;;;;;;;;;;;;;;;;;;;;;;;;;;
France;Données consolidées;2024-01-06;05:45;2024-01-06T05:45:00+01:00;;49850;50150;;;;;;;;;;;;;;;;;;;;;;;;;;;;;
France;Données consolidées;2024-01-06;06:15;2024-01-06T06:15:00+01:00;;50600;50950;;;;;;;;;;;;;;;;;;;;;;;;;;;;;
France;Données consolidées;2024-01-06;06:30;2024-01-06T06:30:00+01:00;52333;50800;51400;100;12;2743;47373;5406;0;8181;-1087;1205;-11491;24;-2727;3241;-2203;-3142;-6405;8;71;21;101;1069;513;1060;6015;2161;5;493;372;340
France;Données consolidées;2024-01-06;07:00;2024-01-06T07:00:00+01:00;53082;51900;52600;102;13;2708;47384;5465;0;8260;-752;1215;-11210;24;-2883;2876;-2146;-3074;-4937;9;72;21;101;1079;474;1054;6063;2191;6;496;378;341
France;Données consolidées;2024-01-06;08:15;2024-01-06T08:15:00+01:00;;54800;55050;;;;;;;;;;;;;;;;;;;;;;;;;;;;;
France;Données consolidées;2024-01-06;09:30;2024-01-06T09:30:00+01:00;58713;57400;58000;104;13;4789;47529;5491;716;9865;-459;1211;-10438;33;-2549;3176;-2996;-2528;-5987;12;71;21;101;1133;2486;1070;6394;3177;293;495;372;343
France;Données consolidées;2024-01-06;11:00;2024-01-06T11:00:00+01:00;60935;59300;59900;105;13;4618;47582;5423;3123;10851;-24;1220;-11872;31;-2689;3082;-3220;-3200;-6209;12;71;21;103;1135;2265;1115;6489;3934;429;499;376;345
France;Données consolidées;2024-01-06;12:45;2024-01-06T12:45:00+01:00;;59700;60450;;;;;;;;;;;;;;;;;;;;;;;;;;;;;
France;Données consolidées;2024-01-06;14:15;2024-01-06T14:15:00+01:00;;57150;57900;;;;;;;;;;;;;;;;;;;;;;;;;;;;;
France;Données consolidées;2024-01-06;14:30;2024-01-06T14:30:00+01:00;59581;57400;58100;103;13;4723;48118;7038;3710;9443;-942;1220;-13742;31;-2989;3098;-3770;-3200;-7356;12;70;21;100;1116;2414;1093;6159;3040;244;499;375;347
France;Données consolidées;2024-01-06;15:30;2024-01-06T15:30:00+01:00;58840;56300;57100;103;13;4773;48092;7295;2383;9388;-1487;1236;-12867;32;-3014;3237;-3808;-3200;-6303;12;70;21;100;1119;2466;1088;6141;3054;193;510;376;348
France;Données consolidées;2024-01-06;15:45;2024-01-06T15:45:00+01:00;;55900;56700;;;;;;;;;;;;;;;;;;;;;;;;;;;;;
France;Données consolidées;2024-01-06;16:15;2024-01-06T16:15:00+01:00;;55400;56150;;;;;;;;;;;;;;;;;;;;;;;;;;;;;
France;Données consolidées;2024-01-06;16:30;2024-01-06T16:30:00+01:00;57850;55300;56000;105;13;4634;47734;7034;930;9579;-663;1228;-12638;32;-3014;3237;-3808;-3200;-6052;14;70;21;100;1117;2317;1099;6127;3021;430;514;365;349
France;Données consolidées;2024-01-06;17:45;2024-01-06T17:45:00+01:00;;58300;59650;;;;;;;;;;;;;;;;;;;;;;;;;;;;;
France;Données consolidées;2024-01-06;18:15;2024-01-06T18:15:00+01:00;;59500;61050;;;;;;;;;;;;;;;;;;;;;;;;;;;;;
France;Données consolidées;2024-01-06;19:00;2024-01-06T19:00:00+01:00;64111;60900;62600;106;13;4780;47723;7931;0;13600;-23;1234;-11151;30;-3014;2608;-2424;-3151;-5417;15;69;21;103;1151;2415;1111;6914;4907;1780;506;379;348
France;Données consolidées;2024-01-06;21:45;2024-01-06T21:45:00+01:00;;57250;57500;;;;;;;;;;;;;;;;;;;;;;;;;;;;;
France;Données consolidées;2024-01-06;23:30;2024-01-06T23:30:00+01:00;60309;59100;58800;108;13;3478;48232;7211;0;9683;-33;1234;-9508;26;-2475;2516;-2387;-2665;-3838;15;72;21;100;1126;1149;1103;6198;3193;292;518;370;345
France;Données consolidées;2024-01-06;23:45;2024-01-06T23:45:00+01:00;;58550;58550;;;;;;;;;;;;;;;;;;;;;;;;;;;;;
France;Données consolidées;2024-01-07;00:45;2024-01-07T00:45:00+01:00;;55600;56000;;;;;;;;;;;;;;;;;;;;;;;;;;;;;
France;Données consolidées;2024-01-07;01:00;2024-01-07T01:00:00+01:00;56519;54600;55100;107;15;2669;47727;7123;0;8241;-544;1232;-9945;23;-2965;2509;-1235;-2866;-5037;15;71;21;96;1075;394;1104;5930;2211;101;507;377;346
France;Données consolidées;2024-01-07;02:00;2024-01-07T02:00:00+01:00;56273;55000;55700;108;15;2696;47630;7072;0;7807;-1007;1242;-9186;24;-3014;3064;-925;-3177;-6272;15;71;21;96;1070;428;1102;5703;2001;104;519;380;343
France;Données consolidées;2024-01-07;02:30;2024-01-07T02:30:00+01:00;55922;53700;54500;108;16;2754;47761;7181;0;7867;-986;1233;-9904;24;-3014;3064;-925;-3177;-6248;15;71;21;96;1067;487;1104;5728;2034;104;514;375;343
France;Données consolidées;2024-01-07;05:45;2024-01-07T05:45:00+01:00;;50500;50850;;;;;;;;;;;;;;;;;;;;;;;;;;;;;
France;Données consolidées;2024-01-07;08:30;2024-01-07T08:30:00+01:00;56165;55100;55400;108;17;2964;48284;7203;20;8613;-1476;1196;-10665;25;-2883;2125;-1804;-3200;-5998;15;72;21;96;1083;676;1109;5983;2526;105;505;353;338
France;Données consolidées;2024-01-07;10:45;2024-01-07T10:45:00+01:00;;61000;61000;;;;;;;;;;;;;;;;;;;;;;;;;;;;;
France;Données consolidées;2024-01-07;11:45;2024-01-07T11:45:00+01:00;;62950;63100;;;;;;;;;;;;;;;;;;;;;;;;;;;;;
France;Données consolidées;2024-01-07;12:15;2024-01-07T12:15:00+01:00;;63800;64150;;;;;;;;;;;;;;;;;;;;;;;;;;;;;
France;Données consolidées;2024-01-07;13:00;2024-01-07T13:00:00+01:00;64636;63200;62900;110;15;3214;49238;8186;3764;9907;-578;1172;-10282;23;-3014;3237;-2820;-2813;-4941;16;73;21;93;1226;793;1103;5779;2800;1328;483;346;343
France;Données consolidées;2024-01-07;14:45;2024-01-07T14:45:00+01:00;;61700;60500;;;;;;;;;;;;;;;;;;;;;;;;;;;;;
France;Données consolidées;2024-01-07;17:45;2024-01-07T17:45:00+01:00;;63550;62500;;;;;;;;;;;;;;;;;;;;;;;;;;;;;
France;Données consolidées;2024-01-07;18:45;2024-01-07T18:45:00+01:00;;66450;66250;;;;;;;;;;;;;;;;;;;;;;;;;;;;;
France;Données consolidées;2024-01-07;20:45;2024-01-07T20:45:00+01:00;;64350;64050;;;;;;;;;;;;;;;;;;;;;;;;;;;;;
France;Données consolidées;2024-01-07;21:00;2024-01-07T21:00:00+01:00;65272;63900;63600;109;15;5262;49402;11709;0;10020;-28;1173;-12284;32;-3014;-2711;-2700;-2932;-584;16;72;21;104;1237;2808;1113;6489;3060;471;480;352;341
France;Données consolidées;2024-01-07;21:30;2024-01-07T21:30:00+01:00;64411;62600;62300;109;15;4892;49407;12118;0;9598;-35;1180;-12761;30;-3014;-2711;-2700;-2932;-440;16;72;21;101;1239;2443;1109;6309;2925;363;482;356;342
France;Données consolidées;2024-01-07;21:45;2024-01-07T21:45:00+01:00;;62150;61800;;;;;;;;;;;;;;;;;;;;;;;;;;;;;
France;Données consolidées;2024-01-08;00:30;2024-01-08T00:30:00+01:00;62627;60200;60700;109;14;4489;49098;11509;0;8179;-512;1169;-11321;30;-2914;-812;-1943;-3200;-2663;16;72;21;97;1242;2045;1105;5771;2401;6;486;349;333
France;Données consolidées;2024-01-08;01:15;2024-01-08T01:15:00+01:00;;58450;59100;;;;;;;;;;;;;;;;;;;;;;;;;;;;;
France;Données consolidées;2024-01-08;02:00;2024-01-08T02:00:00+01:00;60614;58800;59900;110;15;3710;49143;11441;0;7383;-1252;1174;-11005;27;-2852;-466;-1357;-3200;-3128;16;73;21;97;1237;1264;1111;5453;1924;6;493;347;334
France;Données consolidées;2024-01-08;03:00;2024-01-08T03:00:00+01:00;59455;57300;57800;110;15;3834;48697;11480;0;7007;-1695;1178;-11068;28;-2978;-351;-1042;-3199;-4221;16;73;21;97;1234;1391;1112;5400;1601;6;492;356;330
France;Données consolidées;2024-01-08;04:30;2024-01-08T04:30:00+01:00;58133;56800;56300;109;15;4086;48407;11439;0;6996;-2152;1170;-11841;29;-2904;-109;-1026;-3200;-4639;16;72;21;97;1241;1633;1115;5430;1560;6;484;361;325
France;Données consolidées;2024-01-08;04:45;2024-01-08T04:45:00+01:00;;57200;56800;;;;;;;;;;;;;;;;;;;;;;;;;;;;;
France;Données consolidées;2024-01-08;06:15;2024-01-08T06:15:00+01:00;;63550;63850;;;;;;;;;;;;;;;;;;;;;;;;;;;;;
France;Données consolidées;2024-01-08;08:00;2024-01-08T08:00:00+01:00;74956;74800;73200;110;18;7926;49540;11870;0;10909;-29;1131;-6435;42;1247;1095;-4480;-3150;-2417;16;74;20;103;1424;5194;1205;6515;3648;745;481;323;326
France;Données consolidées;2024-01-08;08:45;2024-01-08T08:45:00+01:00;;76350;74600;;;;;;;;;;;;;;;;;;;;;;;;;;;;;
France;Données consolidées;2024-01-08;09:30;2024-01-08T09:30:00+01:00;77506;76800;75900;111;16;8241;49461;10836;523;15445;-29;1134;-8142;41;213;1189;-4478;-3182;-1740;16;74;21;102;1470;5449;1221;6956;6037;2452;473;338;323
France;Données consolidées;2024-01-08;11:15;2024-01-08T11:15:00+01:00;;77000;77150;;;;;;;;;;;;;;;;;;;;;;;;;;;;;
France;Données consolidées;2024-01-08;12:00;2024-01-08T12:00:00+01:00;79123;77700;78200;112;15;7640;49337;10061;2891;11658;-29;1115;-3562;40;-545;1796;-4485;-3200;2765;16;76;21;101;1515;4803;1220;6413;3962;1283;456;328;331
France;Données consolidées;2024-01-08;13:15;2024-01-08T13:15:00+01:00;;74850;75700;;;;;;;;;;;;;;;;;;;;;;;;;;;;;
France;Données consolidées;2024-01-08;16:15;2024-01-08T16:15:00+01:00;;72850;73750;;;;;;;;;;;;;;;;;;;;;;;;;;;;;
France;Données consolidées;2024-01-08;17:00;2024-01-08T17:00:00+01:00;75883;73300;73700;112;14;8325;49361;7440;239;15069;-77;1126;-5715;44;195;1161;-3981;-855;232;16;74;21;109;1569;5388;1260;6804;6036;2229;453;327;345
France;Données consolidées;2024-01-08;19:00;2024-01-08T19:00:00+01:00;83227;79700;81100;111;16;8887;49378;7503;1;16587;-47;1134;-238;45;1302;-1850;-2955;-1613;4343;16;74;21;109;1606;5912;1261;7328;5935;3324;463;327;344
France;Données consolidées;2024-01-08;19:15;2024-01-08T19:15:00+01:00;;79100;80600;;;;;;;;;;;;;;;;;;;;;;;;;;;;;
France;Données consolidées;2024-01-08;20:15;2024-01-08T20:15:00+01:00;;75750;77000;;;;;;;;;;;;;;;;;;;;;;;;;;;;;
France;Données consolidées;2024-01-08;20:45;2024-01-08T20:45:00+01:00;;73700;74900;;;;;;;;;;;;;;;;;;;;;;;;;;;;;
France;Données consolidées;2024-01-08;22:00;2024-01-08T22:00:00+01:00;73299;69700;70700;108;15;7669;49411;6783;0;11033;-29;1141;-2728;44;1095;-1850;-4172;-3200;4989;14;73;21;108;1542;4827;1192;6634;4298;102;461;335;346
France;Données consolidées;2024-01-09;03:45;2024-01-09T03:45:00+01:00;;63400;65500;;;;;;;;;;;;;;;;;;;;;;;;;;;;;
France;Données consolidées;2024-01-09;04:15;2024-01-09T04:15:00+01:00;;62950;65150;;;;;;;;;;;;;;;;;;;;;;;;;;;;;
France;Données consolidées;2024-01-09;04:45;2024-01-09T04:45:00+01:00;;63300;65350;;;;;;;;;;;;;;;;;;;;;;;;;;;;;
France;Données consolidées;2024-01-09;05:30;2024-01-09T05:30:00+01:00;69026;65300;67800;105;202;7802;49939;5128;0;9385;-2112;1120;-2452;50;2497;-2242;-3671;-2714;3810;14;70;21;101;1502;5004;1195;5982;3397;6;463;324;332
France;Données consolidées;2024-01-09;06:00;2024-01-09T06:00:00+01:00;70741;67500;69800;105;214;8111;49934;4897;0;9940;-1544;1110;-1930;50;3011;-1005;-3941;-2211;3344;13;70;21;105;1527;5275;1205;6008;3925;6;466;311;333
France;Données consolidées;2024-01-09;10:15;2024-01-09T10:15:00+01:00;;79800;82000;;;;;;;;;;;;;;;;;;;;;;;;;;;;;
France;Données consolidées;2024-01-09;14:45;2024-01-09T14:45:00+01:00;;76200;78300;;;;;;;;;;;;;;;;;;;;;;;;;;;;;
France;Données consolidées;2024-01-09;16:15;2024-01-09T16:15:00+01:00;;74900;76500;;;;;;;;;;;;;;;;;;;;;;;;;;;;;
France;Données consolidées;2024-01-09;16:45;2024-01-09T16:45:00+01:00;;75150;76700;;;;;;;;;;;;;;;;;;;;;;;;;;;;;
France;Données consolidées;2024-01-09;17:00;2024-01-09T17:00:00+01:00;78460;75400;77100;104;19;8606;50089;3609;410;15711;-28;1123;-989;46;1244;750;-1672;-1842;2337;13;70;21;109;1631;5587;1279;6935;6128;2648;432;345;346
France;Données consolidées;2024-01-09;17:15;2024-01-09T17:15:00+01:00;;76200;78050;;;;;;;;;;;;;;;;;;;;;;;;;;;;;
France;Données consolidées;2024-01-09;17:30;2024-01-09T17:30:00+01:00;79980;77000;79000;106;19;8613;50093;3512;47;15570;-78;1121;1077;46;1244;750;-1672;-1832;2730;14;72;21;109;1641;5585;1278;7044;6002;2524;430;344;346
France;Données consolidées;2024-01-09;18:45;2024-01-09T18:45:00+01:00;;80450;83200;;;;;;;;;;;;;;;;;;;;;;;;;;;;;
France;Données consolidées;2024-01-09;19:45;2024-01-09T19:45:00+01:00;;79400;82250;;;;;;;;;;;;;;;;;;;;;;;;;;;;;
France;Données consolidées;2024-01-09;22:30;2024-01-09T22:30:00+01:00;75428;72100;74700;827;19;8767;50866;2732;0;10823;-204;1119;580;57;2548;-998;-4300;-1476;5443;743;62;21;108;1589;5849;1221;6563;4144;116;431;344;344
France;Données consolidées;2024-01-09;22:45;2024-01-09T22:45:00+01:00;;73100;75650;;;;;;;;;;;;;;;;;;;;;;;;;;;;;
France;Données consolidées;2024-01-09;23:30;2024-01-09T23:30:00+01:00;75177;73600;76300;803;19;8806;50864;2464;0;10051;-28;1112;1190;57;2351;-590;-4024;-1608;5769;722;60;21;108;1589;5891;1218;6356;3575;120;425;342;344
France;Données consolidées;2024-01-10;01:00;2024-01-10T01:00:00+01:00;70998;70800;70800;94;18;8504;50974;2327;0;9319;-550;1121;-704;50;2583;-721;-2998;-2437;3351;12;60;21;103;1496;5710;1195;5992;3224;103;433;346;342
France;Données consolidées;2024-01-10;01:30;2024-01-10T01:30:00+01:00;71460;72400;70900;94;18;8529;50976;2340;0;9338;-584;1123;-269;50;2583;-721;-2998;-2437;3350;13;60;21;103;1494;5748;1184;5948;3273;116;443;338;341
France;Données consolidées;2024-01-10;02:45;2024-01-10T02:45:00+01:00;;70300;69150;;;;;;;;;;;;;;;;;;;;;;;;;;;;;
France;Données consolidées;2024-01-10;05:45;2024-01-10T05:45:00+01:00;;70750;69650;;;;;;;;;;;;;;;;;;;;;;;;;;;;;
France;Données consolidées;2024-01-10;07:45;2024-01-10T07:45:00+01:00;;80900;79350;;;;;;;;;;;;;;;;;;;;;;;;;;;;;
France;Données consolidées;2024-01-10;09:45;2024-01-10T09:45:00+01:00;;84150;82700;;;;;;;;;;;;;;;;;;;;;;;;;;;;;
France;Données consolidées;2024-01-10;10:30;2024-01-10T10:30:00+01:00;84124;84300;82500;92;14;9036;50917;1994;1082;15039;-23;1041;5044;48;611;900;-707;-1240;4417;13;61;18;110;1595;6074;1256;6800;5915;2324;408;313;318
France;Données consolidées;2024-01-10;10:45;2024-01-10T10:45:00+01:00;;84150;82250;;;;;;;;;;;;;;;;;;;;;;;;;;;;;
France;Données consolidées;2024-01-10;12:15;2024-01-10T12:15:00+01:00;;84100;83500;;;;;;;;;;;;;;;;;;;;;;;;;;;;;
France;Données consolidées;2024-01-10;15:45;2024-01-10T15:45:00+01:00;;79000;77850;;;;;;;;;;;;;;;;;;;;;;;;;;;;;
France;Données consolidées;2024-01-10;16:45;2024-01-10T16:45:00+01:00;;78150;77450;;;;;;;;;;;;;;;;;;;;;;;;;;;;;
France;Données consolidées;2024-01-10;17:45;2024-01-10T17:45:00+01:00;;81250;80300;;;;;;;;;;;;;;;;;;;;;;;;;;;;;
France;Données consolidées;2024-01-10;18:15;2024-01-10T18:15:00+01:00;;83200;82400;;;;;;;;;;;;;;;;;;;;;;;;;;;;;
France;Données consolidées;2024-01-10;18:45;2024-01-10T18:45:00+01:00;;84450;83800;;;;;;;;;;;;;;;;;;;;;;;;;;;;;
France;Données consolidées;2024-01-10;20:00;2024-01-10T20:00:00+01:00;82966;82100;81300;745;10;9338;50779;3895;0;15320;-84;1109;1953;54;-99;800;-687;-848;1751;655;68;21;103;1717;6244;1275;7265;5747;2309;443;320;347
France;Données consolidées;2024-01-10;22:00;2024-01-10T22:00:00+01:00;74788;75000;73900;746;9;8837;50713;4472;0;10528;-168;1119;-1354;55;1823;1400;-2798;-2764;1224;656;69;21;100;1587;5929;1220;6778;3656;94;443;333;343
France;Données consolidées;2024-01-11;00:00;2024-01-11T00:00:00+01:00;74462;73700;72900;103;5;8744;50783;4802;0;10089;-374;1147;-734;49;2429;1700;-3405;-2732;-92;14;68;20;99;1480;5942;1223;6365;3633;91;461;344;342
France;Données consolidées;2024-01-11;01:45;2024-01-11T01:45:00+01:00;;71500;70400;;;;;;;;;;;;;;;;;;;;;;;;;;;;;
France;Données consolidées;2024-01-11;02:15;2024-01-11T02:15:00+01:00;;70800;70200;;;;;;;;;;;;;;;;;;;;;;;;;;;;;
France;Données consolidées;2024-01-11;03:15;2024-01-11T03:15:00+01:00;;68000;68000;;;;;;;;;;;;;;;;;;;;;;;;;;;;;
France;Données consolidées;2024-01-11;04:45;2024-01-11T04:45:00+01:00;;66850;66900;;;;;;;;;;;;;;;;;;;;;;;;;;;;;
France;Données consolidées;2024-01-11;07:15;2024-01-11T07:15:00+01:00;;78450;77850;;;;;;;;;;;;;;;;;;;;;;;;;;;;;
France;Données consolidées;2024-01-11;08:45;2024-01-11T08:45:00+01:00;;83200;81300;;;;;;;;;;;;;;;;;;;;;;;;;;;;;
France;Données consolidées;2024-01-11;09:45;2024-01-11T09:45:00+01:00;;83200;81600;;;;;;;;;;;;;;;;;;;;;;;;;;;;;
France;Données consolidées;2024-01-11;12:00;2024-01-11T12:00:00+01:00;81883;82800;80400;576;433;9046;50256;5023;3831;11550;-24;1077;210;56;116;1300;-2259;-2119;2394;486;69;21;102;1699;5998;1247;6826;4225;500;412;336;329
France;Données consolidées;2024-01-11;13:15;2024-01-11T13:15:00+01:00;;80500;76450;;;;;;;;;;;;;;;;;;;;;;;;;;;;;
France;Données consolidées;2024-01-11;15:45;2024-01-11T15:45:00+01:00;;76150;73200;;;;;;;;;;;;;;;;;;;;;;;;;;;;;
France;Données consolidées;2024-01-11;16:15;2024-01-11T16:15:00+01:00;;75150;72950;;;;;;;;;;;;;;;;;;;;;;;;;;;;;
France;Données consolidées;2024-01-11;17:30;2024-01-11T17:30:00+01:00;77005;77800;75400;102;392;8743;50162;9635;56;13457;-15;1119;-6495;49;-293;2000;-3310;-3184;-1280;12;68;21;110;1565;5795;1273;6853;5295;1309;428;344;347
France;Données consolidées;2024-01-11;19:30;2024-01-11T19:30:00+01:00;82831;83000;80300;100;563;8877;49327;10636;0;15301;-45;1122;-3052;50;-306;1014;-1597;-1855;-527;15;65;21;106;1513;5989;1269;7319;5795;2188;436;339;346
France;Données consolidées;2024-01-11;21:45;2024-01-11T21:45:00+01:00;;74950;72900;;;;;;;;;;;;;;;;;;;;;;;;;;;;;
France;Données consolidées;2024-01-11;22:15;2024-01-11T22:15:00+01:00;;74600;72650;;;;;;;;;;;;;;;;;;;;;;;;;;;;;
France;Données consolidées;2024-01-11;23:00;2024-01-11T23:00:00+01:00;75609;76500;74700;99;357;8765;49403;6922;0;12567;-15;1140;-3525;51;1455;1467;-3429;-2670;862;15;63;21;103;1439;6012;1210;6674;4869;1024;447;355;338
France;Données consolidées;2024-01-12;00:45;2024-01-12T00:45:00+01:00;;69650;70050;;;;;;;;;;;;;;;;;;;;;;;;;;;;;
France;Données consolidées;2024-01-12;01:00;2024-01-12T01:00:00+01:00;70249;68700;69100;100;356;8314;49446;6299;0;9710;-1491;1148;-3519;52;1641;1404;-3067;-3200;370;14;65;21;99;1419;5600;1197;6354;3305;51;448;358;342
France;Données consolidées;2024-01-12;03:30;2024-01-12T03:30:00+01:00;68467;66800;66600;100;357;7793;49484;6960;0;9535;-2352;1171;-4471;51;1447;1395;-3086;-3200;-991;15;64;21;99;1410;5090;1194;6062;3467;6;471;359;340
France;Données consolidées;2024-01-12;04:45;2024-01-12T04:45:00+01:00;;66200;65850;;;;;;;;;;;;;;;;;;;;;;;;;;;;;
France;Données consolidées;2024-01-12;05:30;2024-01-12T05:30:00+01:00;69343;67900;68100;100;350;8584;49249;6800;0;8938;-2283;1170;-3466;54;2163;1657;-3086;-3200;-525;15;65;21;99;1408;5883;1195;5992;2940;6;465;366;339
France;Données consolidées;2024-01-12;06:30;2024-01-12T06:30:00+01:00;73991;72900;72700;99;475;8616;49398;6448;0;10227;-1450;1159;-901;55;2974;1400;-2933;-2893;793;14;65;20;103;1428;5895;1190;6257;3964;6;461;363;335
France;Données consolidées;2024-01-12;07:45;2024-01-12T07:45:00+01:00;;78350;78850;;;;;;;;;;;;;;;;;;;;;;;;;;;;;
France;Données consolidées;2024-01-12;10:30;2024-01-12T10:30:00+01:00;81599;80200;80300;104;759;9033;49477;5285;2931;15194;-15;1132;-2198;54;-1266;1400;-1631;381;-737;15;69;21;100;1421;6260;1252;6973;5862;2359;435;362;335
France;Données consolidées;2024-01-12;11:30;2024-01-12T11:30:00+01:00;81072;78900;79900;105;820;8988;49470;4530;4517;13604;-15;1096;-1945;55;-2345;1600;-791;-261;-24;15;69;21;104;1424;6215;1245;6898;5117;1589;434;327;335
France;Données consolidées;2024-01-12;12:45;2024-01-12T12:45:00+01:00;;75950;78050;;;;;;;;;;;;;;;;;;;;;;;;;;;;;
France;Données consolidées;2024-01-12;16:00;2024-01-12T16:00:00+01:00;74430;69500;72200;105;1033;8943;49474;4391;2463;12557;-18;1113;-5519;60;-1556;1700;-3644;-123;-2334;15;68;21;105;1431;6163;1245;6677;5589;290;444;316;352
France;Données consolidées;2024-01-12;16:15;2024-01-12T16:15:00+01:00;;69500;72100;;;;;;;;;;;;;;;;;;;;;;;;;;;;;
France;Données consolidées;2024-01-12;16:45;2024-01-12T16:45:00+01:00;;69900;72300;;;;;;;;;;;;;;;;;;;;;;;;;;;;;
France;Données consolidées;2024-01-12;20:30;2024-01-12T20:30:00+01:00;76894;74400;75800;102;781;8048;49514;4432;1;14364;-15;1140;-1376;54;-2034;571;-3147;1259;2498;14;67;21;105;1363;5399;1181;6994;6005;1365;467;321;352
France;Données consolidées;2024-01-12;21:45;2024-01-12T21:45:00+01:00;;71450;72700;;;;;;;;;;;;;;;;;;;;;;;;;;;;;
France;Données consolidées;2024-01-12;22:30;2024-01-12T22:30:00+01:00;73298;71900;73100;105;454;8085;49546;3190;0;11550;-50;1132;-615;53;499;679;-4043;-407;3344;15;69;21;102;1324;5501;1158;6427;4588;535;467;313;352
France;Données consolidées;2024-01-12;23:00;2024-01-12T23:00:00+01:00;74719;73600;74700;104;383;7845;49531;2909;0;12283;-51;1140;677;50;971;297;-3641;-1304;4660;15;68;21;103;1321;5267;1155;6468;5164;650;474;315;350
France;Données consolidées;2024-01-13;02:00;2024-01-13T02:00:00+01:00;69658;69300;69900;103;360;6970;48308;2072;0;10220;-17;1143;598;49;-222;2100;-3405;-2333;5372;15;68;21;98;1325;4400;1146;6192;3510;518;475;321;347
France;Données consolidées;2024-01-13;04:15;2024-01-13T04:15:00+01:00;;63650;64600;;;;;;;;;;;;;;;;;;;;;;;;;;;;;
France;Données consolidées;2024-01-13;04:30;2024-01-13T04:30:00+01:00;64960;63400;64400;105;358;5795;48478;1439;0;8520;-535;1121;-226;46;99;1278;-3545;-2302;3738;15;69;21;98;1308;3245;1144;5827;2153;541;463;316;342
France;Données consolidées;2024-01-13;05:00;2024-01-13T05:00:00+01:00;64626;63500;64100;103;358;5704;48665;1345;0;8296;-534;1124;-334;45;-34;1334;-3795;-2345;4784;15;67;21;99;1304;3158;1144;5668;2109;518;470;312;341
France;Données consolidées;2024-01-13;06:45;2024-01-13T06:45:00+01:00;;66850;66950;;;;;;;;;;;;;;;;;;;;;;;;;;;;;
France;Données consolidées;2024-01-13;07:00;2024-01-13T07:00:00+01:00;67977;67400;67600;104;355;6789;48670;1117;0;9431;-188;1114;686;49;-288;2187;-3592;-2362;5434;15;68;21;103;1333;4215;1138;5850;3575;6;465;309;339
France;Données consolidées;2024-01-13;08:15;2024-01-13T08:15:00+01:00;;70650;71300;;;;;;;;;;;;;;;;;;;;;;;;;;;;;
France;Données consolidées;2024-01-13;09:45;2024-01-13T09:45:00+01:00;;74050;75300;;;;;;;;;;;;;;;;;;;;;;;;;;;;;
France;Données consolidées;2024-01-13;11:45;2024-01-13T11:45:00+01:00;;74900;77350;;;;;;;;;;;;;;;;;;;;;;;;;;;;;
France;Données consolidées;2024-01-13;12:00;2024-01-13T12:00:00+01:00;77483;75100;77600;1161;357;8454;49249;972;4492;12258;-15;1135;-473;61;-2387;2100;-2387;211;1865;1072;68;21;103;1449;5774;1129;6217;5012;1029;468;318;349
France;Données consolidées;2024-01-13;12:45;2024-01-13T12:45:00+01:00;;72650;76300;;;;;;;;;;;;;;;;;;;;;;;;;;;;;
France;Données consolidées;2024-01-13;13:15;2024-01-13T13:15:00+01:00;;70700;74650;;;;;;;;;;;;;;;;;;;;;;;;;;;;;
France;Données consolidées;2024-01-13;13:45;2024-01-13T13:45:00+01:00;;68950;73450;;;;;;;;;;;;;;;;;;;;;;;;;;;;;
France;Données consolidées;2024-01-13;14:00;2024-01-13T14:00:00+01:00;73137;68500;73000;1298;356;8526;49150;783;5598;10292;-357;1142;-3550;64;-2227;2300;-3227;-722;2606;1132;69;97;654;1445;5297;1130;5989;4050;253;474;316;351
France;Données consolidées;2024-01-13;14:45;2024-01-13T14:45:00+01:00;;67350;72350;;;;;;;;;;;;;;;;;;;;;;;;;;;;;
France;Données consolidées;2024-01-13;16:45;2024-01-13T16:45:00+01:00;;65900;70200;;;;;;;;;;;;;;;;;;;;;;;;;;;;;
France;Données consolidées;2024-01-13;17:30;2024-01-13T17:30:00+01:00;72440;68600;72300;104;358;8718;49161;744;63;12864;-15;1147;-601;55;-1827;2324;-3388;892;1995;15;67;21;105;1379;6091;1143;6602;5251;1011;465;328;354
France;Données consolidées;2024-01-13;18:15;2024-01-13T18:15:00+01:00;;72050;75250;;;;;;;;;;;;;;;;;;;;;;;;;;;;;
France;Données consolidées;2024-01-13;19:45;2024-01-13T19:45:00+01:00;;73700;76100;;;;;;;;;;;;;;;;;;;;;;;;;;;;;
France;Données consolidées;2024-01-13;20:00;2024-01-13T20:00:00+01:00;77034;73100;75400;103;573;8734;49307;897;0;14300;-15;1130;2100;56;-1687;869;-3368;-30;6020;15;66;21;105;1374;6115;1140;6914;5806;1580;464;312;354
France;Données consolidées;2024-01-13;21:30;2024-01-13T21:30:00+01:00;72532;69400;71300;104;567;8583;49307;680;0;11786;-33;1130;519;58;-1086;-395;-3592;-1001;7106;15;68;21;105;1358;5982;1138;6542;4939;305;459;314;357
France;Données consolidées;2024-01-13;22:15;2024-01-13T22:15:00+01:00;;69000;70700;;;;;;;;;;;;;;;;;;;;;;;;;;;;;
France;Données consolidées;2024-01-13;23:15;2024-01-13T23:15:00+01:00;;71300;72800;;;;;;;;;;;;;;;;;;;;;;;;;;;;;
France;Données consolidées;2024-01-13;23:30;2024-01-13T23:30:00+01:00;73264;71100;72600;107;367;8530;50038;677;0;10555;-15;1126;1977;55;-221;1081;-3770;-2294;7608;15;71;21;97;1347;5961;1125;6223;4071;261;477;303;345
France;Données consolidées;2024-01-14;00:30;2024-01-14T00:30:00+01:00;71970;69800;70800;104;373;8152;50314;749;0;11161;-15;1127;114;53;-2527;1677;-3306;-2385;7254;15;68;21;93;1350;5594;1115;6235;4606;320;468;306;353
France;Données consolidées;2024-01-14;01:00;2024-01-14T01:00:00+01:00;69569;67900;69100;105;136;6468;50295;725;0;10356;-193;1129;649;43;-2939;2728;-2544;-2219;6382;15;69;21;93;1351;3909;1115;6122;4019;215;465;310;354
France;Données consolidées;2024-01-14;02:30;2024-01-14T02:30:00+01:00;69081;67000;69300;104;14;4809;50413;706;0;10055;-15;1114;1985;34;-2579;2728;-1953;-2274;6628;15;68;21;93;1343;2261;1112;5999;3955;102;466;297;351
France;Données consolidées;2024-01-14;05:45;2024-01-14T05:45:00+01:00;;62700;63850;;;;;;;;;;;;;;;;;;;;;;;;;;;;;
France;Données consolidées;2024-01-14;07:15;2024-01-14T07:15:00+01:00;;64450;65350;;;;;;;;;;;;;;;;;;;;;;;;;;;;;
France;Données consolidées;2024-01-14;09:15;2024-01-14T09:15:00+01:00;;68250;69900;;;;;;;;;;;;;;;;;;;;;;;;;;;;;
France;Données consolidées;2024-01-14;10:15;2024-01-14T10:15:00+01:00;;70600;73150;;;;;;;;;;;;;;;;;;;;;;;;;;;;;
France;Données consolidées;2024-01-14;13:00;2024-01-14T13:00:00+01:00;74341;70500;72600;105;15;5469;50149;1072;4773;10611;-16;1136;1126;34;-2481;2269;-2240;-1675;3449;15;69;21;92;1356;2898;1122;6002;4603;5;471;312;353
France;Données consolidées;2024-01-14;17:00;2024-01-14T17:00:00+01:00;67704;65800;67000;105;15;5909;50873;978;293;11572;-16;1143;-3072;38;-1863;2728;-3611;-492;1144;15;69;21;93;1371;3329;1116;6248;4743;581;468;321;355
France;Données consolidées;2024-01-14;17:15;2024-01-14T17:15:00+01:00;;66800;67900;;;;;;;;;;;;;;;;;;;;;;;;;;;;;
France;Données consolidées;2024-01-14;19:00;2024-01-14T19:00:00+01:00;75861;74400;75300;104;15;6416;51159;1396;0;14329;-14;1136;1418;38;-1722;1673;-3517;-552;5905;15;67;21;96;1368;3837;1115;6593;5349;2387;463;320;353
France;Données consolidées;2024-01-14;19:45;2024-01-14T19:45:00+01:00;;73500;74550;;;;;;;;;;;;;;;;;;;;;;;;;;;;;
France;Données consolidées;2024-01-14;20:00;2024-01-14T20:00:00+01:00;74914;72800;73900;104;14;6543;51216;1622;0;13364;-15;1133;1030;39;-625;558;-4098;-2223;7257;15;68;21;95;1373;3961;1114;6705;5053;1606;459;322;351
France;Données consolidées;2024-01-14;22:00;2024-01-14T22:00:00+01:00;69029;67700;69100;104;17;4175;51067;2229;0;10028;-16;1142;384;30;-1210;1039;-3760;-2285;7321;15;68;21;93;1373;1598;1112;6126;3699;203;464;325;353
France;Données consolidées;2024-01-14;22:45;2024-01-14T22:45:00+01:00;;69150;70700;;;;;;;;;;;;;;;;;;;;;;;;;;;;;
France;Données consolidées;2024-01-14;23:15;2024-01-14T23:15:00+01:00;;69600;71400;;;;;;;;;;;;;;;;;;;;;;;;;;;;;
France;Données consolidées;2024-01-15;00:45;2024-01-15T00:45:00+01:00;;67750;65500;;;;;;;;;;;;;;;;;;;;;;;;;;;;;
France;Données consolidées;2024-01-15;01:45;2024-01-15T01:45:00+01:00;;67750;64900;;;;;;;;;;;;;;;;;;;;;;;;;;;;;
France;Données consolidées;2024-01-15;04:30;2024-01-15T04:30:00+01:00;61951;64000;60700;103;17;3853;51423;2534;0;7702;-2715;1140;-2017;31;-1845;2483;-4543;-2385;4033;15;67;21;93;1267;1385;1109;5469;2227;6;471;320;349
France;Données consolidées;2024-01-15;06:00;2024-01-15T06:00:00+01:00;65823;68500;65700;105;18;4377;51527;2871;0;8346;-2411;1116;-26;32;399;1900;-4643;-1885;6027;15;69;21;96;1289;1872;1120;5509;2831;6;455;316;345
France;Données consolidées;2024-01-15;08:00;2024-01-15T08:00:00+01:00;77019;79000;75700;106;351;7878;51380;3529;0;11172;-227;1095;1819;49;2064;0;-3832;-1189;4070;15;70;21;101;1442;5143;1193;6098;4622;451;441;310;344
France;Données consolidées;2024-01-15;09:45;2024-01-15T09:45:00+01:00;;80100;77200;;;;;;;;;;;;;;;;;;;;;;;;;;;;;
France;Données consolidées;2024-01-15;10:15;2024-01-15T10:15:00+01:00;;80200;77250;;;;;;;;;;;;;;;;;;;;;;;;;;;;;
France;Données consolidées;2024-01-15;10:30;2024-01-15T10:30:00+01:00;78279;80100;77200;108;605;8279;51430;3986;2007;12510;-27;1065;-1580;51;794;-500;-3943;-1820;3838;15;71;21;99;1463;5534;1183;6485;5047;978;425;301;338
France;Données consolidées;2024-01-15;13:45;2024-01-15T13:45:00+01:00;;76350;71800;;;;;;;;;;;;;;;;;;;;;;;;;;;;;
France;Données consolidées;2024-01-15;14:45;2024-01-15T14:45:00+01:00;;75350;70900;;;;;;;;;;;;;;;;;;;;;;;;;;;;;
France;Données consolidées;2024-01-15;15:30;2024-01-15T15:30:00+01:00;71958;74600;69800;107;387;7426;51564;5113;2370;10749;-16;1127;-6775;46;1209;646;-4122;-2252;-2176;15;71;21;106;1420;4708;1192;6331;4176;242;452;327;348
France;Données consolidées;2024-01-15;16:30;2024-01-15T16:30:00+01:00;70952;73600;68700;106;596;7490;51619;3823;994;12206;-15;1117;-6897;49;783;1900;-4222;-2385;-3775;15;69;21;106;1422;4762;1200;6573;4909;724;445;322;349
France;Données consolidées;2024-01-15;17:00;2024-01-15T17:00:00+01:00;70943;73900;69700;106;603;7570;51619;3356;354;13236;-16;1123;-6921;49;99;1900;-4222;-2385;-1067;15;69;21;106;1428;4826;1210;6684;5269;1283;451;323;349
France;Données consolidées;2024-01-15;17:30;2024-01-15T17:30:00+01:00;72442;75800;71000;107;605;7700;51637;3185;44;13474;-16;1130;-5327;50;99;1900;-4222;-2385;-795;15;70;21;102;1429;4954;1216;6865;5448;1161;449;331;350
France;Données consolidées;2024-01-15;18:00;2024-01-15T18:00:00+01:00;75134;78000;73100;107;604;7802;51638;3276;0;15006;-16;1117;-4324;50;181;1953;-3824;-1399;18;15;71;21;105;1443;5036;1219;7084;6102;1820;441;325;350
France;Données consolidées;2024-01-15;19:15;2024-01-15T19:15:00+01:00;;80500;76500;;;;;;;;;;;;;;;;;;;;;;;;;;;;;
France;Données consolidées;2024-01-15;21:15;2024-01-15T21:15:00+01:00;;73250;69900;;;;;;;;;;;;;;;;;;;;;;;;;;;;;
France;Données consolidées;2024-01-15;21:30;2024-01-15T21:30:00+01:00;71791;72400;69100;106;554;7551;51594;2503;0;12783;-15;1119;-4288;50;-170;-1120;-3943;-1968;1769;15;69;21;106;1379;4889;1176;6832;5185;766;449;322;347
France;Données consolidées;2024-01-15;22:15;2024-01-15T22:15:00+01:00;;71500;68450;;;;;;;;;;;;;;;;;;;;;;;;;;;;;
France;Données consolidées;2024-01-16;00:45;2024-01-16T00:45:00+01:00;;66650;67250;;;;;;;;;;;;;;;;;;;;;;;;;;;;;
France;Données consolidées;2024-01-16;05:00;2024-01-16T05:00:00+01:00;65323;63900;64900;103;368;7341;51503;1580;1;8795;-2289;1133;-3113;52;603;2400;-3838;-2385;573;15;67;21;99;1319;4753;1171;5767;3021;7;467;325;341
France;Données consolidées;2024-01-16;06:45;2024-01-16T06:45:00+01:00;;72500;73700;;;;;;;;;;;;;;;;;;;;;;;;;;;;;
France;Données consolidées;2024-01-16;07:00;2024-01-16T07:00:00+01:00;75768;73900;75300;102;515;8824;51441;1858;0;11892;-286;1105;395;56;1483;1350;-3300;-38;96;13;69;20;106;1452;6065;1202;6240;5112;540;449;315;340
France;Données consolidées;2024-01-16;10:00;2024-01-16T10:00:00+01:00;81601;79500;80300;104;595;8925;51400;1607;1568;14869;-15;1082;1577;54;778;1350;-496;-327;-1447;14;68;21;102;1479;6166;1179;6831;5762;2276;440;317;325
France;Données consolidées;2024-01-16;11:00;2024-01-16T11:00:00+01:00;80035;78700;78700;91;596;8864;51409;1373;3219;13649;-16;1062;-113;53;1150;1550;-1021;8;-1678;0;72;21;102;1480;6094;1189;6759;5515;1374;434;310;318
France;Données consolidées;2024-01-16;11:30;2024-01-16T11:30:00+01:00;79545;78400;78100;90;595;8890;51413;1221;3879;12727;-60;1074;-168;54;1150;1550;-1021;8;-1602;0;71;21;102;1480;6127;1182;6704;5283;740;431;322;322
France;Données consolidées;2024-01-16;12:15;2024-01-16T12:15:00+01:00;;77500;76450;;;;;;;;;;;;;;;;;;;;;;;;;;;;;
France;Données consolidées;2024-01-16;12:30;2024-01-16T12:30:00+01:00;77370;76800;75600;88;595;8806;51415;940;5026;11080;-67;1089;-1498;54;206;1550;-2975;-2385;2176;0;69;21;101;1478;6036;1190;6599;4226;254;448;316;325
France;Données consolidées;2024-01-16;14:00;2024-01-16T14:00:00+01:00;73775;73400;73100;89;453;8057;51365;825;4820;11058;-775;1102;-3114;50;1065;2000;-3953;-2353;381;0;69;21;99;1486;5267;1205;6424;4163;471;441;323;337
France;Données consolidées;2024-01-16;14:30;2024-01-16T14:30:00+01:00;73634;72800;72300;90;436;8129;51366;710;4000;11111;-773;1106;-2453;51;1065;2000;-3953;-2353;231;0;70;21;101;1480;5327;1221;6487;4173;451;441;330;335
France;Données consolidées;2024-01-16;16:15;2024-01-16T16:15:00+01:00;;71450;70450;;;;;;;;;;;;;;;;;;;;;;;;;;;;;
France;Données consolidées;2024-01-16;17:00;2024-01-16T17:00:00+01:00;72921;71900;70800;92;540;8640;51338;1056;347;14757;-15;1115;-4847;53;418;2000;-3830;-219;-2806;0;73;21;103;1394;5920;1222;7068;5823;1866;443;324;347
France;Données consolidées;2024-01-16;17:30;2024-01-16T17:30:00+01:00;74561;73500;72400;90;538;8772;51300;1460;32;15643;-15;1127;-4279;53;418;2000;-3830;-201;-2076;0;71;21;103;1398;6044;1227;7194;6052;2397;446;331;350
France;Données consolidées;2024-01-16;20:45;2024-01-16T20:45:00+01:00;;73950;72950;;;;;;;;;;;;;;;;;;;;;;;;;;;;;
France;Données consolidées;2024-01-16;22:00;2024-01-16T22:00:00+01:00;70925;69600;68500;105;358;7445;51355;4382;0;10184;-196;1145;-3752;48;1581;1700;-4060;-2385;-300;15;69;21;132;1350;4799;1164;6434;3743;7;459;328;358
France;Données consolidées;2024-01-16;23:00;2024-01-16T23:00:00+01:00;71970;72100;71000;102;359;8292;51346;4416;0;9889;-692;1139;-2778;52;1552;1700;-4116;-2385;-174;15;66;21;135;1334;5654;1169;6342;3540;7;459;329;352
France;Données consolidées;2024-01-16;23:30;2024-01-16T23:30:00+01:00;70605;70600;70100;100;359;8231;51348;4533;0;9720;-1077;1140;-3644;52;1552;1700;-4116;-2385;185;13;66;21;135;1334;5598;1164;6271;3442;7;453;331;355
France;Données consolidées;2024-01-17;03:00;2024-01-17T03:00:00+01:00;64297;63400;62900;103;365;5138;51063;5218;0;7959;-2008;1127;-4561;40;-297;2728;-4283;-2385;-1803;12;70;21;125;1310;2561;1142;5724;2227;7;455;320;351
France;Données consolidées;2024-01-17;03:15;2024-01-17T03:15:00+01:00;;63050;62200;;;;;;;;;;;;;;;;;;;;;;;;;;;;;
France;Données consolidées;2024-01-17;05:15;2024-01-17T05:15:00+01:00;;63300;61450;;;;;;;;;;;;;;;;;;;;;;;;;;;;;
France;Données consolidées;2024-01-17;07:45;2024-01-17T07:45:00+01:00;;74650;71150;;;;;;;;;;;;;;;;;;;;;;;;;;;;;
France;Données consolidées;2024-01-17;08:00;2024-01-17T08:00:00+01:00;73632;75600;71900;104;336;7858;51013;6891;0;12099;-17;1125;-5673;46;-1458;1875;-3714;-1594;-2265;13;70;22;130;1370;5203;1156;6753;4951;395;454;327;344
France;Données consolidées;2024-01-17;10:00;2024-01-17T10:00:00+01:00;75485;77300;73400;95;334;8501;50892;7823;547;14675;-15;1124;-8415;46;-2610;1600;-3800;-1979;-3843;13;65;17;140;1349;5898;1114;6832;5824;2019;450;329;344
France;Données consolidées;2024-01-17;12:15;2024-01-17T12:15:00+01:00;;76950;74400;;;;;;;;;;;;;;;;;;;;;;;;;;;;;
France;Données consolidées;2024-01-17;15:30;2024-01-17T15:30:00+01:00;71462;69700;69300;98;541;7381;50677;10167;1282;11242;-16;1129;-10994;45;-3014;2300;-4135;-2385;-4028;14;63;21;139;1346;4753;1142;6696;4153;393;449;324;356
France;Données consolidées;2024-01-17;16:15;2024-01-17T16:15:00+01:00;;68750;67800;;;;;;;;;;;;;;;;;;;;;;;;;;;;;
France;Données consolidées;2024-01-17;17:15;2024-01-17T17:15:00+01:00;;70050;67600;;;;;;;;;;;;;;;;;;;;;;;;;;;;;
France;Données consolidées;2024-01-17;17:30;2024-01-17T17:30:00+01:00;70090;70900;68200;102;338;7285;50672;10119;92;10599;-17;1141;-10136;43;-3014;2000;-3968;-2052;-2912;14;67;21;137;1367;4612;1169;7224;3320;54;449;333;358
France;Données consolidées;2024-01-17;18:00;2024-01-17T18:00:00+01:00;72010;73300;70100;100;338;7561;50706;9769;0;11695;-17;1146;-9189;44;-3014;1900;-4315;-2085;-3526;14;65;21;139;1371;4883;1168;7356;4219;120;450;336;360
France;Données consolidées;2024-01-17;18:45;2024-01-17T18:45:00+01:00;;75850;72650;;;;;;;;;;;;;;;;;;;;;;;;;;;;;
France;Données consolidées;2024-01-17;20:30;2024-01-17T20:30:00+01:00;70202;71200;68100;106;291;8156;50642;7336;0;13344;-16;1144;-10695;46;-2974;1900;-4315;-2385;-3330;14;72;21;144;1365;5495;1153;7348;4669;1326;451;334;358
France;Données consolidées;2024-01-18;01:45;2024-01-18T01:45:00+01:00;;60750;60400;;;;;;;;;;;;;;;;;;;;;;;;;;;;;
France;Données consolidées;2024-01-18;03:00;2024-01-18T03:00:00+01:00;59980;58200;57700;107;14;5202;50602;7925;0;8992;-612;1165;-13292;33;-2790;2400;-3881;-2385;-6870;14;73;21;97;1243;2753;1110;6448;2422;121;474;341;350
France;Données consolidées;2024-01-18;04:00;2024-01-18T04:00:00+01:00;57932;56500;56100;108;0;4754;50271;8178;0;8828;-1783;1162;-13474;32;-2863;2350;-3884;-2385;-7159;14;73;21;97;1243;2297;1117;6520;2300;8;472;340;350
France;Données consolidées;2024-01-18;04:45;2024-01-18T04:45:00+01:00;;56650;55700;;;;;;;;;;;;;;;;;;;;;;;;;;;;;
France;Données consolidées;2024-01-18;06:45;2024-01-18T06:45:00+01:00;;65000;64550;;;;;;;;;;;;;;;;;;;;;;;;;;;;;
France;Données consolidées;2024-01-18;08:00;2024-01-18T08:00:00+01:00;71852;70900;70000;106;0;8351;50976;8051;0;12365;-16;1120;-9008;43;-3014;1775;-3033;-2291;-2990;14;71;21;105;1287;5826;1134;7230;4340;795;448;333;338
France;Données consolidées;2024-01-18;10:30;2024-01-18T10:30:00+01:00;73650;71600;72000;101;0;8531;51103;6282;2005;14087;-15;1112;-9462;43;-2959;1700;-3415;-2383;-3312;14;70;18;102;1294;6024;1111;6955;4587;2544;453;338;321
France;Données consolidées;2024-01-18;13:15;2024-01-18T13:15:00+01:00;;68050;69200;;;;;;;;;;;;;;;;;;;;;;;;;;;;;
France;Données consolidées;2024-01-18;13:45;2024-01-18T13:45:00+01:00;;67300;68650;;;;;;;;;;;;;;;;;;;;;;;;;;;;;
France;Données consolidées;2024-01-18;14:00;2024-01-18T14:00:00+01:00;69865;67200;68500;110;0;8204;51230;5186;3932;10680;-70;1143;-10446;43;-2066;1800;-3641;-2364;-3162;14;74;21;102;1289;5679;1133;6730;3273;677;478;330;334
France;Données consolidées;2024-01-18;14:45;2024-01-18T14:45:00+01:00;;67100;68000;;;;;;;;;;;;;;;;;;;;;;;;;;;;;
France;Données consolidées;2024-01-18;15:00;2024-01-18T15:00:00+01:00;69520;66900;67700;107;0;8331;51257;4979;3037;10264;-15;1130;-9473;45;-2183;2300;-3749;-2385;-3549;14;74;19;100;1317;5786;1127;6588;3228;448;468;329;333
France;Données consolidées;2024-01-18;16:15;2024-01-18T16:15:00+01:00;;66250;66400;;;;;;;;;;;;;;;;;;;;;;;;;;;;;
France;Données consolidées;2024-01-18;16:30;2024-01-18T16:30:00+01:00;68347;66100;66100;108;0;8400;51226;4238;1073;11529;-15;1123;-9226;46;-2288;2300;-3421;-2272;-3690;14;75;18;142;1306;5785;1166;7026;3518;985;476;311;335
France;Données consolidées;2024-01-18;18:30;2024-01-18T18:30:00+01:00;75379;73400;73900;107;0;8520;51319;4208;0;15733;-15;1149;-5546;45;-609;374;-3386;-933;-1080;14;75;19;150;1317;5899;1153;7531;5140;3062;489;320;340
France;Données consolidées;2024-01-18;22:00;2024-01-18T22:00:00+01:00;69013;65600;65300;105;1;8117;51410;4526;0;10183;-15;1153;-6353;46;-738;-2275;-3359;-1406;2799;13;71;21;148;1260;5571;1138;6958;3030;195;491;329;333
France;Données consolidées;2024-01-18;22:15;2024-01-18T22:15:00+01:00;;66200;65850;;;;;;;;;;;;;;;;;;;;;;;;;;;;;
France;Données consolidées;2024-01-19;00:15;2024-01-19T00:15:00+01:00;;66000;67750;;;;;;;;;;;;;;;;;;;;;;;;;;;;;
France;Données consolidées;2024-01-19;00:30;2024-01-19T00:30:00+01:00;68790;65300;67000;105;1;7960;50395;3028;0;8993;-222;1146;-2503;48;384;-732;-3690;-2385;4269;13;71;21;110;1241;5472;1137;6264;2722;7;503;319;324
France;Données consolidées;2024-01-19;01:00;2024-01-19T01:00:00+01:00;66731;63600;65500;106;1;6518;50358;2743;0;8514;-597;1144;-1956;42;-148;879;-3694;-2385;4490;13;71;21;111;1243;4032;1133;6224;2282;7;501;320;323
France;Données consolidées;2024-01-19;02:00;2024-01-19T02:00:00+01:00;67082;64700;67100;107;0;5659;50337;2373;0;8718;-596;1146;-556;38;-588;1637;-3366;-2385;3945;13;72;21;111;1233;3180;1136;6220;2305;192;492;328;325
France;Données consolidées;2024-01-19;02:30;2024-01-19T02:30:00+01:00;67285;63900;66100;105;0;6037;50318;2164;0;8985;-1021;1159;-356;40;-588;1637;-3366;-2385;3857;13;71;20;111;1231;3559;1135;6125;2852;7;503;329;325
France;Données consolidées;2024-01-19;02:45;2024-01-19T02:45:00+01:00;;63250;65550;;;;;;;;;;;;;;;;;;;;;;;;;;;;;
France;Données consolidées;2024-01-19;06:00;2024-01-19T06:00:00+01:00;68877;65100;68700;107;0;6531;50392;2061;0;9104;-1159;1147;791;43;1817;1650;-3802;-2385;5480;13;74;20;116;1255;4020;1140;6396;2701;7;498;327;322
France;Données consolidées;2024-01-19;07:15;2024-01-19T07:15:00+01:00;;72750;77000;;;;;;;;;;;;;;;;;;;;;;;;;;;;;
France;Données consolidées;2024-01-19;08:00;2024-01-19T08:00:00+01:00;80615;75900;80200;107;0;8748;50364;1852;0;15027;-15;1138;3469;48;1998;1400;-3395;609;3028;13;73;21;151;1394;5999;1204;7044;5027;2956;493;324;321
France;Données consolidées;2024-01-19;09:30;2024-01-19T09:30:00+01:00;82842;76500;81700;838;0;8940;50405;1565;1066;15672;-15;1130;3355;55;1305;1400;-3411;754;3791;747;71;21;151;1423;6148;1219;7092;5105;3475;487;318;325
France;Données consolidées;2024-01-19;09:45;2024-01-19T09:45:00+01:00;;76250;81450;;;;;;;;;;;;;;;;;;;;;;;;;;;;;
France;Données consolidées;2024-01-19;11:45;2024-01-19T11:45:00+01:00;;74950;78750;;;;;;;;;;;;;;;;;;;;;;;;;;;;;
France;Données consolidées;2024-01-19;13:00;2024-01-19T13:00:00+01:00;76421;72500;75000;160;0;7777;50681;1244;6340;8711;-184;1120;699;45;1182;1400;-3914;-1836;2268;67;73;21;155;1323;5068;1231;6378;2326;7;464;326;330
France;Données consolidées;2024-01-19;13:45;2024-01-19T13:45:00+01:00;;70200;73550;;;;;;;;;;;;;;;;;;;;;;;;;;;;;
France;Données consolidées;2024-01-19;14:00;2024-01-19T14:00:00+01:00;73892;69700;73200;107;0;7991;50912;1492;5467;8740;-663;1138;-1180;46;1253;1767;-4048;-2380;2288;13;73;21;155;1395;5217;1223;6310;2422;7;477;331;330
France;Données consolidées;2024-01-19;15:45;2024-01-19T15:45:00+01:00;;68000;70800;;;;;;;;;;;;;;;;;;;;;;;;;;;;;
France;Données consolidées;2024-01-19;17:15;2024-01-19T17:15:00+01:00;;69050;72000;;;;;;;;;;;;;;;;;;;;;;;;;;;;;
France;Données consolidées;2024-01-19;17:30;2024-01-19T17:30:00+01:00;74166;70000;72800;106;0;8794;51216;2143;220;11777;-16;1142;-1114;49;844;1700;-4092;-2081;2444;13;73;21;151;1306;6105;1232;6867;4134;776;486;322;333
France;Données consolidées;2024-01-19;20:15;2024-01-19T20:15:00+01:00;;73900;76550;;;;;;;;;;;;;;;;;;;;;;;;;;;;;
France;Données consolidées;2024-01-20;02:30;2024-01-20T02:30:00+01:00;71330;70000;69900;109;1;6474;48380;3231;0;8660;-73;1156;3492;43;808;1800;-2889;-3200;7310;13;75;21;111;1245;4003;1114;6320;2245;95;509;325;321
France;Données consolidées;2024-01-20;03:45;2024-01-20T03:45:00+01:00;;67000;66900;;;;;;;;;;;;;;;;;;;;;;;;;;;;;
France;Données consolidées;2024-01-20;04:00;2024-01-20T04:00:00+01:00;67697;66400;66400;108;2;5094;47646;3049;0;8851;-494;1169;2373;37;1033;1800;-2828;-3163;5342;13;74;21;111;1226;2643;1115;6222;2384;245;511;336;322
France;Données consolidées;2024-01-20;04:15;2024-01-20T04:15:00+01:00;;66150;66300;;;;;;;;;;;;;;;;;;;;;;;;;;;;;
France;Données consolidées;2024-01-20;07:15;2024-01-20T07:15:00+01:00;;70450;70800;;;;;;;;;;;;;;;;;;;;;;;;;;;;;
France;Données consolidées;2024-01-20;08:15;2024-01-20T08:15:00+01:00;;73100;73900;;;;;;;;;;;;;;;;;;;;;;;;;;;;;
France;Données consolidées;2024-01-20;08:45;2024-01-20T08:45:00+01:00;;74450;75250;;;;;;;;;;;;;;;;;;;;;;;;;;;;;
France;Données consolidées;2024-01-20;10:45;2024-01-20T10:45:00+01:00;;76200;76650;;;;;;;;;;;;;;;;;;;;;;;;;;;;;
France;Données consolidées;2024-01-20;11:45;2024-01-20T11:45:00+01:00;;75100;75900;;;;;;;;;;;;;;;;;;;;;;;;;;;;;
France;Données consolidées;2024-01-20;13:00;2024-01-20T13:00:00+01:00;74017;72000;72200;107;2;6564;48225;1836;9470;9744;-908;1159;-2074;38;-1722;-655;-1966;-3095;3479;14;73;21;118;1260;4075;1111;6575;3119;50;497;334;328
France;Données consolidées;2024-01-20;14:15;2024-01-20T14:15:00+01:00;;67800;68000;;;;;;;;;;;;;;;;;;;;;;;;;;;;;
France;Données consolidées;2024-01-20;15:00;2024-01-20T15:00:00+01:00;68486;67000;66700;106;2;6927;48124;1693;7772;8879;-694;1171;-5397;41;-1385;900;-3387;-2731;433;14;72;21;118;1240;4457;1112;6357;2515;7;506;334;330
France;Données consolidées;2024-01-20;16:15;2024-01-20T16:15:00+01:00;;64050;64800;;;;;;;;;;;;;;;;;;;;;;;;;;;;;
France;Données consolidées;2024-01-20;16:30;2024-01-20T16:30:00+01:00;66627;64000;64700;106;3;7792;48348;2163;3050;10724;-71;1168;-6567;46;-836;900;-4007;-2600;-1143;14;72;21;116;1251;5301;1124;6578;3930;216;499;334;335
France;Données consolidées;2024-01-20;16:45;2024-01-20T16:45:00+01:00;;64200;65250;;;;;;;;;;;;;;;;;;;;;;;;;;;;;
France;Données consolidées;2024-01-20;17:00;2024-01-20T17:00:00+01:00;67110;64400;65800;106;2;7920;48355;2614;1409;12894;-15;1177;-7250;46;-391;900;-3434;-2056;-1330;14;72;21;117;1245;5434;1124;6706;4941;1246;499;344;334
France;Données consolidées;2024-01-20;19:30;2024-01-20T19:30:00+01:00;77534;72900;75900;107;2;8285;48472;6185;1;15743;-15;1165;-2317;44;382;-1310;-3702;-1165;2491;13;73;21;151;1258;5773;1103;7263;5320;3161;490;339;335
France;Données consolidées;2024-01-20;20:00;2024-01-20T20:00:00+01:00;76860;72100;74700;107;2;8311;48458;7044;0;14406;-15;1190;-2528;44;1199;-2000;-4145;-3105;3653;13;72;21;151;1258;5801;1100;7197;5380;1829;500;353;336
France;Données consolidées;2024-01-20;20:15;2024-01-20T20:15:00+01:00;;71450;74199;;;;;;;;;;;;;;;;;;;;;;;;;;;;;
France;Données consolidées;2024-01-20;20:30;2024-01-20T20:30:00+01:00;75592;70800;73698;106;2;8276;48459;7947;0;14098;-15;1164;-4356;44;1199;-2000;-4145;-3133;3653;13;73;21;118;1255;5803;1099;7143;5464;1491;495;333;335
France;Données consolidées;2024-01-20;21:00;2024-01-20T21:00:00+01:00;74255;69700;72169;106;2;8152;48309;8806;0;12390;-15;1158;-4552;44;501;-1913;-3659;-3200;4470;13;73;21;118;1254;5680;1100;7055;4649;686;493;329;335
France;Données consolidées;2024-01-20;22:00;2024-01-20T22:00:00+01:00;72369;68200;70646;107;2;7136;48287;10392;0;9699;-15;1146;-4278;40;284;-478;-3732;-3200;4834;13;73;21;115;1251;4672;1097;6733;2778;189;478;331;335
France;Données consolidées;2024-01-20;22:30;2024-01-20T22:30:00+01:00;72968;69300;71394;107;2;5896;48314;10406;0;9873;-15;1147;-2648;35;284;-478;-3732;-3200;5351;13;73;21;116;1250;3440;1091;6585;3087;201;489;324;333
France;Données consolidées;2024-01-20;22:45;2024-01-20T22:45:00+01:00;;70400;72209;;;;;;;;;;;;;;;;;;;;;;;;;;;;;
France;Données consolidées;2024-01-20;23:00;2024-01-20T23:00:00+01:00;74618;71500;73023;106;2;5598;48402;10379;0;10164;-15;1155;-1061;34;384;-808;-3639;-3200;6037;13;73;21;116;1250;3144;1089;6517;3404;243;496;328;331
France;Données consolidées;2024-01-21;01:45;2024-01-21T01:45:00+01:00;;69700;69400;;;;;;;;;;;;;;;;;;;;;;;;;;;;;
France;Données consolidées;2024-01-21;02:00;2024-01-21T02:00:00+01:00;70343;69700;69300;107;2;3699;48274;11776;0;9826;-301;1185;-4119;25;-635;-1400;-2627;-3200;3701;13;73;21;111;1051;1455;1083;6107;3246;473;492;362;330
France;Données consolidées;2024-01-21;04:45;2024-01-21T04:45:00+01:00;;62850;63650;;;;;;;;;;;;;;;;;;;;;;;;;;;;;
France;Données consolidées;2024-01-21;08:00;2024-01-21T08:00:00+01:00;66947;64900;65500;108;2;2833;47924;12290;2;8313;-1829;1171;-3763;22;-90;-1465;-3215;-3200;4235;13;74;21;110;1055;578;1089;5749;2371;193;488;362;321
France;Données consolidées;2024-01-21;09:00;2024-01-21T09:00:00+01:00;68632;66700;67100;105;0;2902;47969;12315;514;8636;-1092;1160;-3778;22;-1972;-414;-3215;-3200;4879;12;73;21;110;1059;645;1087;5700;2604;332;488;351;321
France;Données consolidées;2024-01-21;09:45;2024-01-21T09:45:00+01:00;;68650;68700;;;;;;;;;;;;;;;;;;;;;;;;;;;;;
France;Données consolidées;2024-01-21;11:00;2024-01-21T11:00:00+01:00;71401;69500;70100;107;0;2762;47946;12357;4255;8222;-862;1145;-4429;20;-2519;507;-1374;-3200;1491;14;73;21;109;1055;510;1088;5759;1805;658;455;367;322
France;Données consolidées;2024-01-21;11:45;2024-01-21T11:45:00+01:00;;69400;70700;;;;;;;;;;;;;;;;;;;;;;;;;;;;;
France;Données consolidées;2024-01-21;13:45;2024-01-21T13:45:00+01:00;;63000;64300;;;;;;;;;;;;;;;;;;;;;;;;;;;;;
France;Données consolidées;2024-01-21;15:30;2024-01-21T15:30:00+01:00;63876;59500;61300;104;0;2345;47766;12293;4163;7362;-2910;1148;-8295;19;-2413;1400;-3639;-3200;-1509;13;70;21;107;1053;109;1076;5337;2018;7;463;352;332
France;Données consolidées;2024-01-21;16:15;2024-01-21T16:15:00+01:00;;58350;60200;;;;;;;;;;;;;;;;;;;;;;;;;;;;;
France;Données consolidées;2024-01-21;17:00;2024-01-21T17:00:00+01:00;62350;58700;60400;103;0;2427;48325;13956;968;7741;-1581;1181;-10666;20;-2414;1400;-3646;-2600;-2938;13;70;21;113;1047;191;1076;5571;1974;196;479;364;337
France;Données consolidées;2024-01-21;17:30;2024-01-21T17:30:00+01:00;63870;60300;62100;105;0;2426;48800;14365;243;8533;-1348;1191;-10353;19;-2414;1400;-3646;-2600;-2881;13;72;21;142;1034;186;1065;5702;2358;474;485;372;333
France;Données consolidées;2024-01-21;17:45;2024-01-21T17:45:00+01:00;;61850;63850;;;;;;;;;;;;;;;;;;;;;;;;;;;;;
France;Données consolidées;2024-01-21;19:45;2024-01-21T19:45:00+01:00;;67450;68700;;;;;;;;;;;;;;;;;;;;;;;;;;;;;
France;Données consolidées;2024-01-21;23:45;2024-01-21T23:45:00+01:00;;63600;63868;;;;;;;;;;;;;;;;;;;;;;;;;;;;;
France;Données consolidées;2024-01-22;01:00;2024-01-22T01:00:00+01:00;62121;60500;60300;105;0;2335;47392;16645;0;6914;-2925;1161;-9365;19;-2519;-1600;-3257;-3200;1027;13;71;21;109;1026;152;1048;5368;1539;7;477;358;326
France;Données consolidées;2024-01-22;01:45;2024-01-22T01:45:00+01:00;;60800;60700;;;;;;;;;;;;;;;;;;;;;;;;;;;;;
France;Données consolidées;2024-01-22;03:45;2024-01-22T03:45:00+01:00;;56800;56500;;;;;;;;;;;;;;;;;;;;;;;;;;;;;
France;Données consolidées;2024-01-22;04:15;2024-01-22T04:15:00+01:00;;56150;56100;;;;;;;;;;;;;;;;;;;;;;;;;;;;;
France;Données consolidées;2024-01-22;05:15;2024-01-22T05:15:00+01:00;;57750;57700;;;;;;;;;;;;;;;;;;;;;;;;;;;;;
France;Données consolidées;2024-01-22;05:45;2024-01-22T05:45:00+01:00;;59450;59350;;;;;;;;;;;;;;;;;;;;;;;;;;;;;
France;Données consolidées;2024-01-22;07:30;2024-01-22T07:30:00+01:00;70567;68900;69000;106;0;2410;50405;17003;0;9145;-693;1139;-8835;18;-2274;-435;-3459;-3200;619;13;72;20;145;1042;182;1040;5697;3139;309;470;353;317
France;Données consolidées;2024-01-22;08:30;2024-01-22T08:30:00+01:00;72259;71000;70900;107;0;2436;50449;16711;76;11015;-16;1143;-9556;18;-2415;-1960;-3459;-3047;2142;13;73;21;148;1044;189;1054;6356;3541;1118;474;348;321
France;Données consolidées;2024-01-22;10:00;2024-01-22T10:00:00+01:00;72657;71800;70700;106;0;2410;50505;16547;1610;10301;-16;1102;-9798;17;-2669;1157;-3387;-3198;-1349;13;72;20;147;1046;192;1024;6496;3075;730;469;312;321
France;Données consolidées;2024-01-22;10:15;2024-01-22T10:15:00+01:00;;71750;70800;;;;;;;;;;;;;;;;;;;;;;;;;;;;;
France;Données consolidées;2024-01-22;12:00;2024-01-22T12:00:00+01:00;72324;71300;70300;105;0;2372;50422;16611;3445;8539;-887;1127;-9301;17;-1514;1950;-3881;-3169;-3382;13;72;20;146;1030;175;1020;6026;2379;134;452;349;327
France;Données consolidées;2024-01-22;13:30;2024-01-22T13:30:00+01:00;69462;67000;66500;104;1;2378;50345;16435;3346;8492;-1523;1129;-11146;17;-2664;1950;-3881;-3200;-3347;13;71;20;146;1021;176;1035;5798;2543;151;452;341;335
France;Données consolidées;2024-01-22;13:45;2024-01-22T13:45:00+01:00;;67050;66500;;;;;;;;;;;;;;;;;;;;;;;;;;;;;
France;Données consolidées;2024-01-22;21:00;2024-01-22T21:00:00+01:00;66522;66100;64800;102;0;2565;49004;15067;0;9730;-95;1161;-10893;19;-3014;-2062;-4157;-3200;1333;13;68;21;145;1035;334;1051;6348;2871;511;475;343;343
France;Données consolidées;2024-01-22;21:15;2024-01-22T21:15:00+01:00;;65250;63900;;;;;;;;;;;;;;;;;;;;;;;;;;;;;
France;Données consolidées;2024-01-22;22:45;2024-01-22T22:45:00+01:00;;64800;63250;;;;;;;;;;;;;;;;;;;;;;;;;;;;;
France;Données consolidées;2024-01-22;23:00;2024-01-22T23:00:00+01:00;64574;65500;63900;102;0;2541;49030;14807;0;8352;-1717;1175;-9605;20;-1715;-1029;-3994;-3200;1909;13;68;21;146;1029;331;1035;5983;2177;192;488;348;339
France;Données consolidées;2024-01-22;23:30;2024-01-22T23:30:00+01:00;63407;64400;63100;103;0;2561;48585;14722;0;7618;-2520;1173;-8714;21;-1715;-1029;-3994;-3200;2225;13;69;21;146;1027;357;1032;5889;1722;7;489;346;338
France;Données consolidées;2024-01-23;00:15;2024-01-23T00:15:00+01:00;;62150;59900;;;;;;;;;;;;;;;;;;;;;;;;;;;;;
France;Données consolidées;2024-01-23;03:00;2024-01-23T03:00:00+01:00;57489;57500;55700;103;0;2270;45844;12615;0;6707;-2961;1172;-8154;21;-2602;-1650;-3830;-3200;2426;13;70;21;110;1016;107;1038;5404;1296;7;482;355;334
France;Données consolidées;2024-01-23;03:30;2024-01-23T03:30:00+01:00;56462;56700;54600;104;0;2338;45999;12248;0;6658;-2873;1168;-9078;21;-2602;-1650;-3830;-3200;2342;13;70;21;109;1016;176;1036;5348;1303;7;481;355;332
France;Données consolidées;2024-01-23;04:15;2024-01-23T04:15:00+01:00;;55450;53550;;;;;;;;;;;;;;;;;;;;;;;;;;;;;
France;Données consolidées;2024-01-23;08:00;2024-01-23T08:00:00+01:00;69416;70200;67600;104;0;3698;47812;9015;0;12386;-20;1144;-4625;25;-1667;-734;-3861;-1138;1900;13;70;21;149;1106;1398;1045;6426;4565;1394;464;357;323
France;Données consolidées;2024-01-23;08:15;2024-01-23T08:15:00+01:00;;70400;67750;;;;;;;;;;;;;;;;;;;;;;;;;;;;;
France;Données consolidées;2024-01-23;08:30;2024-01-23T08:30:00+01:00;69860;70600;67900;106;0;4129;47843;9172;55;13507;-15;1141;-5977;27;-1667;-734;-3861;-1138;1990;13;68;24;150;1136;1792;1051;6670;5254;1583;466;350;325
France;Données consolidées;2024-01-23;09:30;2024-01-23T09:30:00+01:00;69826;71100;67600;97;0;4282;47929;8996;1302;13313;-16;1131;-7086;27;-2528;-178;-3861;-1229;802;13;67;16;138;1094;2035;1014;6571;4706;2036;466;346;319
France;Données consolidées;2024-01-23;10:45;2024-01-23T10:45:00+01:00;;70650;67350;;;;;;;;;;;;;;;;;;;;;;;;;;;;;
France;Données consolidées;2024-01-23;12:30;2024-01-23T12:30:00+01:00;67993;68800;65100;100;0;4026;48619;9960;5530;8054;-769;1143;-8553;26;-2412;1500;-4485;-3200;326;13;69;19;147;1085;1782;1012;5976;2072;7;468;349;326
France;Données consolidées;2024-01-23;13:00;2024-01-23T13:00:00+01:00;66827;67100;64200;100;0;3872;48290;10560;5692;7814;-966;1152;-9538;25;-2518;1500;-4276;-3200;-1216;13;67;20;148;1080;1626;1018;5902;1905;7;474;350;327
France;Données consolidées;2024-01-23;15:45;2024-01-23T15:45:00+01:00;;63850;60600;;;;;;;;;;;;;;;;;;;;;;;;;;;;;
France;Données consolidées;2024-01-23;16:45;2024-01-23T16:45:00+01:00;;62850;60350;;;;;;;;;;;;;;;;;;;;;;;;;;;;;
France;Données consolidées;2024-01-23;17:45;2024-01-23T17:45:00+01:00;;65400;63200;;;;;;;;;;;;;;;;;;;;;;;;;;;;;
France;Données consolidées;2024-01-23;20:15;2024-01-23T20:15:00+01:00;;66200;65000;;;;;;;;;;;;;;;;;;;;;;;;;;;;;
France;Données consolidées;2024-01-23;22:00;2024-01-23T22:00:00+01:00;60128;59300;58900;101;0;2690;46894;17263;1;7667;-2092;1182;-13446;21;-2716;-1400;-4456;-3200;-1135;13;70;18;114;1045;505;1027;5828;1832;7;474;362;346
France;Données consolidées;2024-01-23;23:00;2024-01-23T23:00:00+01:00;61174;61600;61600;104;0;2672;46854;16925;0;7489;-2298;1193;-11654;21;-1078;-1400;-4338;-3200;-1135;13;69;21;114;1009;536;1013;5784;1699;7;483;365;344
France;Données consolidées;2024-01-24;00:30;2024-01-24T00:30:00+01:00;58269;56400;55900;105;192;2340;44665;17281;0;7182;-2887;1208;-11711;23;-821;-1672;-4054;-3200;-1952;13;71;21;109;1011;204;1016;5648;1527;7;502;364;341
France;Données consolidées;2024-01-24;03:00;2024-01-24T03:00:00+01:00;53645;52600;51700;105;422;2265;42642;17112;0;6399;-3109;1208;-13291;27;-1563;-3098;-3969;-3200;-2795;13;71;21;109;1011;139;1007;5260;1132;7;506;364;336
France;Données consolidées;2024-01-24;03:30;2024-01-24T03:30:00+01:00;52475;50900;50500;104;455;2244;42740;17089;0;6360;-2940;1204;-14677;27;-1563;-3098;-3969;-3200;-2940;13;69;21;109;1009;120;1007;5243;1111;7;501;365;338
France;Données consolidées;2024-01-24;04:00;2024-01-24T04:00:00+01:00;51464;49800;49400;105;483;2241;42178;16978;0;6346;-3168;1215;-14806;28;-1245;-3052;-3969;-3200;-3742;13;71;21;109;1012;113;1007;5235;1104;7;510;366;338
France;Données consolidées;2024-01-24;05:15;2024-01-24T05:15:00+01:00;;51350;50500;;;;;;;;;;;;;;;;;;;;;;;;;;;;;
France;Données consolidées;2024-01-24;06:00;2024-01-24T06:00:00+01:00;54257;53600;53700;103;517;2273;44021;16366;0;6706;-2757;1196;-14067;28;-830;-2821;-3969;-3200;-1215;13;70;20;112;1013;142;1006;5241;1459;7;500;361;335
France;Données consolidées;2024-01-24;09:30;2024-01-24T09:30:00+01:00;65143;64500;63200;105;420;2337;47802;14882;888;9142;-411;1141;-11050;24;-2816;-2600;-3838;-3200;1335;13;71;21;113;1068;160;997;5877;2531;733;482;328;330
France;Données consolidées;2024-01-24;09:45;2024-01-24T09:45:00+01:00;;64500;63200;;;;;;;;;;;;;;;;;;;;;;;;;;;;;
France;Données consolidées;2024-01-24;10:00;2024-01-24T10:00:00+01:00;64947;64500;63200;106;419;2285;47888;14498;1698;8813;-519;1145;-11278;23;-2989;-2024;-3838;-3200;559;13;72;21;110;1063;120;992;5935;2351;527;471;345;328
France;Données consolidées;2024-01-24;10:45;2024-01-24T10:45:00+01:00;;64200;62600;;;;;;;;;;;;;;;;;;;;;;;;;;;;;
France;Données consolidées;2024-01-24;11:15;2024-01-24T11:15:00+01:00;;63950;62550;;;;;;;;;;;;;;;;;;;;;;;;;;;;;
France;Données consolidées;2024-01-24;11:30;2024-01-24T11:30:00+01:00;64319;64000;62500;104;419;2267;48582;13525;4064;7861;-1562;1169;-11993;23;-2815;-208;-3838;-3200;-1268;13;70;21;111;1033;138;986;5907;1911;43;483;359;327
France;Données consolidées;2024-01-24;12:45;2024-01-24T12:45:00+01:00;;62650;60150;;;;;;;;;;;;;;;;;;;;;;;;;;;;;
France;Données consolidées;2024-01-24;13:45;2024-01-24T13:45:00+01:00;;60950;58900;;;;;;;;;;;;;;;;;;;;;;;;;;;;;
France;Données consolidées;2024-01-24;15:30;2024-01-24T15:30:00+01:00;59145;59100;57400;101;420;2303;46651;10748;3778;7797;-704;1176;-13025;25;-3014;-189;-3975;-3200;-2384;13;67;21;111;1052;122;1018;5711;2079;6;485;353;337
France;Données consolidées;2024-01-24;15:45;2024-01-24T15:45:00+01:00;;58550;56900;;;;;;;;;;;;;;;;;;;;;;;;;;;;;
France;Données consolidées;2024-01-24;18:45;2024-01-24T18:45:00+01:00;;64750;62800;;;;;;;;;;;;;;;;;;;;;;;;;;;;;
France;Données consolidées;2024-01-24;19:00;2024-01-24T19:00:00+01:00;65033;65500;63500;105;304;2382;48505;6880;1;14744;-43;1203;-8944;23;-2887;-1551;-3927;-2210;1108;14;70;21;146;1053;135;1047;6768;4957;3019;499;361;342
France;Données consolidées;2024-01-24;23:00;2024-01-24T23:00:00+01:00;57347;60000;58500;103;305;2353;48938;6014;0;9051;-15;1207;-10506;25;-3014;-972;-4055;-3200;1510;14;68;21;144;1050;133;1026;6331;2226;493;503;362;342
France;Données consolidées;2024-01-24;23:30;2024-01-24T23:30:00+01:00;56559;58500;57000;103;304;2318;48588;5943;0;8536;-16;1214;-10332;25;-3014;-972;-4055;-3200;1514;14;68;21;143;995;155;1024;6192;2084;261;511;361;342
France;Données consolidées;2024-01-25;01:15;2024-01-25T01:15:00+01:00;;52750;51700;;;;;;;;;;;;;;;;;;;;;;;;;;;;;
France;Données consolidées;2024-01-25;02:15;2024-01-25T02:15:00+01:00;;52500;51400;;;;;;;;;;;;;;;;;;;;;;;;;;;;;
France;Données consolidées;2024-01-25;04:00;2024-01-25T04:00:00+01:00;49173;48900;48200;107;302;2272;47757;2739;0;7773;-2985;1221;-9909;29;-3013;-1634;-3672;-3200;1067;14;72;21;109;995;142;1026;5457;2309;7;516;365;340
France;Données consolidées;2024-01-25;04:30;2024-01-25T04:30:00+01:00;48861;48200;47900;105;302;2406;47964;2560;0;7685;-2733;1221;-10547;29;-3013;-1634;-3672;-3200;851;14;70;21;109;996;276;1025;5564;2115;6;525;357;339
France;Données consolidées;2024-01-25;05:15;2024-01-25T05:15:00+01:00;;49550;49150;;;;;;;;;;;;;;;;;;;;;;;;;;;;;
France;Données consolidées;2024-01-25;07:15;2024-01-25T07:15:00+01:00;;59150;59500;;;;;;;;;;;;;;;;;;;;;;;;;;;;;
France;Données consolidées;2024-01-25;10:30;2024-01-25T10:30:00+01:00;63539;62700;62100;90;414;5027;48223;3846;3954;13011;-15;1167;-12064;36;-3014;2600;-3180;-3126;-5021;0;70;21;148;1090;2775;1014;6704;4685;1622;494;345;328
France;Données consolidées;2024-01-25;11:15;2024-01-25T11:15:00+01:00;;62200;61700;;;;;;;;;;;;;;;;;;;;;;;;;;;;;
France;Données consolidées;2024-01-25;11:30;2024-01-25T11:30:00+01:00;63150;62000;61700;88;414;4652;48277;3649;5919;11212;-354;1174;-11787;35;-2952;2600;-3680;-3200;-5026;0;69;21;144;1099;2397;1012;6494;3822;897;497;347;329
France;Données consolidées;2024-01-25;11:45;2024-01-25T11:45:00+01:00;;62100;61450;;;;;;;;;;;;;;;;;;;;;;;;;;;;;
France;Données consolidées;2024-01-25;12:00;2024-01-25T12:00:00+01:00;63445;62200;61200;90;413;4119;48179;3688;6654;10665;-355;1159;-11072;32;-3014;2300;-3655;-2669;-5906;0;71;21;146;1088;1870;1015;6394;3897;374;487;346;326
France;Données consolidées;2024-01-25;13:15;2024-01-25T13:15:00+01:00;;57950;58300;;;;;;;;;;;;;;;;;;;;;;;;;;;;;
France;Données consolidées;2024-01-25;16:30;2024-01-25T16:30:00+01:00;56540;55500;54400;89;413;3847;48086;3856;2521;8528;-29;1196;-11853;34;-3014;2467;-3680;-3135;-4081;0;70;21;147;1079;1584;1037;6359;2116;53;513;342;340
France;Données consolidées;2024-01-25;17:00;2024-01-25T17:00:00+01:00;56574;56200;54900;91;412;3893;48213;3943;1209;9587;-14;1201;-11867;34;-2964;299;-3680;-3190;-3349;0;71;21;147;1082;1624;1041;6394;2899;294;507;349;345
France;Données consolidées;2024-01-25;17:15;2024-01-25T17:15:00+01:00;;56950;55400;;;;;;;;;;;;;;;;;;;;;;;;;;;;;
France;Données consolidées;2024-01-25;18:00;2024-01-25T18:00:00+01:00;59836;60500;59100;90;412;4644;48312;4507;11;14276;-14;1206;-13508;36;-2320;-880;-3680;-3195;-3038;0;70;21;147;1091;2349;1056;6888;5164;2224;507;351;347
France;Données consolidées;2024-01-25;18:30;2024-01-25T18:30:00+01:00;62407;61900;61000;92;456;5205;48327;4971;1;15454;-14;1204;-13201;38;-2320;-880;-3680;-3195;-2517;0;72;21;147;1104;2900;1053;7157;5583;2715;508;349;346
France;Données consolidées;2024-01-25;20:00;2024-01-25T20:00:00+01:00;62321;60800;60200;90;346;5056;48367;5799;0;14954;-57;1226;-13353;36;-1133;-2700;-3680;-3200;-3594;0;71;21;148;1099;2752;1056;7142;5557;2255;516;362;348
France;Données consolidées;2024-01-25;20:15;2024-01-25T20:15:00+01:00;;59900;59250;;;;;;;;;;;;;;;;;;;;;;;;;;;;;
France;Données consolidées;2024-01-25;20:30;2024-01-25T20:30:00+01:00;60410;59000;58300;91;302;4992;48382;6046;0;14146;-71;1214;-14590;35;-1133;-2700;-3680;-3200;-3927;0;71;21;148;1094;2708;1042;6928;5229;1989;509;356;349
France;Données consolidées;2024-01-25;21:00;2024-01-25T21:00:00+01:00;58417;58000;57300;90;302;4748;48260;6032;0;13278;-71;1222;-15321;35;-1540;-2700;-3680;-3200;-3742;0;70;21;148;1093;2467;1041;6869;4834;1575;511;363;349
France;Données consolidées;2024-01-25;23:00;2024-01-25T23:00:00+01:00;57544;58500;57500;91;302;3302;48403;6643;0;11835;-29;1247;-14148;29;-1013;-2152;-3680;-3200;-4039;0;72;21;145;1072;1057;1028;6414;3942;1478;529;370;348
France;Données consolidées;2024-01-25;23:45;2024-01-25T23:45:00+01:00;;56300;55500;;;;;;;;;;;;;;;;;;;;;;;;;;;;;
France;Données consolidées;2024-01-26;00:15;2024-01-26T00:15:00+01:00;;54350;53600;;;;;;;;;;;;;;;;;;;;;;;;;;;;;
France;Données consolidées;2024-01-26;02:00;2024-01-26T02:00:00+01:00;52243;52300;51400;89;302;2404;47387;8304;0;7650;-961;1225;-14060;26;-740;-2775;-3508;-3200;-4136;0;70;21;109;1080;183;1032;5706;1869;76;548;331;346
France;Données consolidées;2024-01-26;02:30;2024-01-26T02:30:00+01:00;52005;51100;50300;90;302;2385;47417;8473;0;7761;-1038;1238;-14520;26;-740;-2775;-3508;-3200;-4222;0;70;21;109;1074;170;1031;5742;2013;6;545;348;345
France;Données consolidées;2024-01-26;02:45;2024-01-26T02:45:00+01:00;;50450;49650;;;;;;;;;;;;;;;;;;;;;;;;;;;;;
France;Données consolidées;2024-01-26;09:00;2024-01-26T09:00:00+01:00;63017;63400;60900;91;401;2436;48001;12433;426;11595;-71;1201;-13390;24;-2906;-2500;-3461;-3200;-2339;0;72;21;117;1105;170;1045;6342;3326;1927;508;356;337
France;Données consolidées;2024-01-26;09:45;2024-01-26T09:45:00+01:00;;63400;61200;;;;;;;;;;;;;;;;;;;;;;;;;;;;;
France;Données consolidées;2024-01-26;10:15;2024-01-26T10:15:00+01:00;;63300;61100;;;;;;;;;;;;;;;;;;;;;;;;;;;;;
France;Données consolidées;2024-01-26;11:15;2024-01-26T11:15:00+01:00;;62700;60450;;;;;;;;;;;;;;;;;;;;;;;;;;;;;
France;Données consolidées;2024-01-26;12:45;2024-01-26T12:45:00+01:00;;60100;58600;;;;;;;;;;;;;;;;;;;;;;;;;;;;;
France;Données consolidées;2024-01-26;15:15;2024-01-26T15:15:00+01:00;;57250;56800;;;;;;;;;;;;;;;;;;;;;;;;;;;;;
France;Données consolidées;2024-01-26;15:30;2024-01-26T15:30:00+01:00;57729;56700;55400;90;201;2367;47029;7035;3414;7461;-2125;1213;-8859;24;-2275;1554;-3976;-3200;-1691;0;70;21;115;1084;105;1063;5652;1802;7;507;365;341
France;Données consolidées;2024-01-26;18:00;2024-01-26T18:00:00+01:00;59509;60200;58900;92;2;2952;48226;3633;13;13177;-15;1239;-9717;24;-2414;-2252;-4274;-1179;573;0;72;21;145;1112;623;1073;6577;4185;2415;521;376;341
France;Données consolidées;2024-01-26;19:45;2024-01-26T19:45:00+01:00;;61550;60150;;;;;;;;;;;;;;;;;;;;;;;;;;;;;
France;Données consolidées;2024-01-26;21:30;2024-01-26T21:30:00+01:00;58020;57600;56000;92;1;3279;48535;2187;0;12464;-71;1238;-9602;26;-1756;-3218;-4425;-3200;3450;0;73;21;147;1087;1002;1044;6692;3753;2019;517;379;342
France;Données consolidées;2024-01-26;22:00;2024-01-26T22:00:00+01:00;57342;56600;54900;93;1;3317;48416;2117;0;11724;-70;1235;-9387;26;-818;-2199;-4425;-3200;2813;0;73;21;147;1091;1034;1045;6664;3548;1512;517;376;342
France;Données consolidées;2024-01-26;23:15;2024-01-26T23:15:00+01:00;;59550;57850;;;;;;;;;;;;;;;;;;;;;;;;;;;;;
France;Données consolidées;2024-01-26;23:30;2024-01-26T23:30:00+01:00;58509;59100;57500;93;4;3253;48481;1971;0;10471;-177;1239;-6699;27;-298;-1330;-4275;-3200;3425;0;74;21;147;1073;982;1051;6202;3040;1230;523;377;339
France;Données consolidées;2024-01-27;00:45;2024-01-27T00:45:00+01:00;;53100;54800;;;;;;;;;;;;;;;;;;;;;;;;;;;;;
France;Données consolidées;2024-01-27;02:45;2024-01-27T02:45:00+01:00;;50800;52600;;;;;;;;;;;;;;;;;;;;;;;;;;;;;
France;Données consolidées;2024-01-27;05:30;2024-01-27T05:30:00+01:00;51538;49500;50600;92;4;2341;48426;2320;0;7910;-1776;1230;-8904;23;200;-1106;-3815;-3200;-897;0;73;21;110;1077;109;1045;5528;2376;6;518;375;336
France;Données consolidées;2024-01-27;06:00;2024-01-27T06:00:00+01:00;51966;50400;51600;93;3;2385;48386;2596;0;7665;-1406;1227;-8875;23;154;-519;-3815;-3193;-766;0;74;21;113;1079;149;1044;5533;2126;6;512;378;336
France;Données consolidées;2024-01-27;09:00;2024-01-27T09:00:00+01:00;59869;57600;58400;92;4;2488;48626;3464;732;10763;-71;1214;-7341;22;-1877;2245;-3892;-2805;-1115;0;73;21;147;1103;202;1036;6165;3457;1141;507;370;336
France;Données consolidées;2024-01-27;11:00;2024-01-27T11:00:00+01:00;61126;59000;59400;93;4;2462;48140;2899;5544;8550;-14;1233;-7684;21;-2959;1503;-3892;-3200;570;0;74;21;147;1096;175;1045;5821;2479;250;514;373;345
France;Données consolidées;2024-01-27;13:45;2024-01-27T13:45:00+01:00;;54900;54600;;;;;;;;;;;;;;;;;;;;;;;;;;;;;
France;Données consolidées;2024-01-27;14:30;2024-01-27T14:30:00+01:00;55814;54600;54100;91;12;2442;47542;935;7942;8209;-1568;1249;-10939;22;-3014;1571;-3944;-3200;-2927;0;72;20;114;1090;210;1029;5790;2412;6;524;381;344
France;Données consolidées;2024-01-27;17:00;2024-01-27T17:00:00+01:00;53054;52200;52800;89;12;4103;48571;1457;1377;10835;-15;1262;-14531;30;-2370;2200;-4573;-3002;-6914;0;73;18;146;1088;1832;1037;6162;3155;1519;528;383;351
France;Données consolidées;2024-01-27;18:15;2024-01-27T18:15:00+01:00;;57900;58900;;;;;;;;;;;;;;;;;;;;;;;;;;;;;
France;Données consolidées;2024-01-27;18:30;2024-01-27T18:30:00+01:00;59899;58800;59900;92;12;4991;48463;3658;0;14902;-14;1260;-13367;32;-2779;761;-4382;-2012;-4583;0;73;21;149;1111;2691;1040;6924;5521;2457;524;385;350
France;Données consolidées;2024-01-27;19:15;2024-01-27T19:15:00+01:00;;59800;60950;;;;;;;;;;;;;;;;;;;;;;;;;;;;;
France;Données consolidées;2024-01-27;20:15;2024-01-27T20:15:00+01:00;;58300;59250;;;;;;;;;;;;;;;;;;;;;;;;;;;;;
France;Données consolidées;2024-01-27;20:45;2024-01-27T20:45:00+01:00;;57200;58050;;;;;;;;;;;;;;;;;;;;;;;;;;;;;
France;Données consolidées;2024-01-27;21:45;2024-01-27T21:45:00+01:00;;55800;56450;;;;;;;;;;;;;;;;;;;;;;;;;;;;;
France;Données consolidées;2024-01-27;22:15;2024-01-27T22:15:00+01:00;;56250;56800;;;;;;;;;;;;;;;;;;;;;;;;;;;;;
France;Données consolidées;2024-01-27;23:15;2024-01-27T23:15:00+01:00;;58250;58700;;;;;;;;;;;;;;;;;;;;;;;;;;;;;
France;Données consolidées;2024-01-28;00:30;2024-01-28T00:30:00+01:00;58322;56300;56400;93;11;4109;47628;7249;0;9251;-15;1226;-11121;29;-24;1403;-4212;-3200;-4857;0;73;21;110;1078;1871;1049;6158;2941;152;516;361;348
France;Données consolidées;2024-01-28;02:00;2024-01-28T02:00:00+01:00;56105;55000;55500;92;11;2815;47644;7088;0;9113;-556;1233;-11229;24;-781;2211;-4143;-3200;-5635;0;73;21;110;1079;578;1047;5975;2762;375;517;370;346
France;Données consolidées;2024-01-28;02:30;2024-01-28T02:30:00+01:00;55864;53600;54400;92;11;2812;47559;7189;0;8987;-855;1226;-11053;24;-781;2211;-4143;-3200;-5886;0;72;21;110;1074;581;1047;5905;2744;338;514;367;345
France;Données consolidées;2024-01-28;04:15;2024-01-28T04:15:00+01:00;;50100;50800;;;;;;;;;;;;;;;;;;;;;;;;;;;;;
France;Données consolidées;2024-01-28;05:45;2024-01-28T05:45:00+01:00;;49850;51250;;;;;;;;;;;;;;;;;;;;;;;;;;;;;
France;Données consolidées;2024-01-28;07:15;2024-01-28T07:15:00+01:00;;50850;53000;;;;;;;;;;;;;;;;;;;;;;;;;;;;;
France;Données consolidées;2024-01-28;10:00;2024-01-28T10:00:00+01:00;59584;56100;57800;92;11;2373;46989;9132;3268;8160;-1512;1225;-10057;20;-1745;1659;-4450;-3200;-1659;0;73;21;110;1090;129;1044;5538;2341;280;497;386;342
France;Données consolidées;2024-01-28;10:45;2024-01-28T10:45:00+01:00;;56700;57750;;;;;;;;;;;;;;;;;;;;;;;;;;;;;
France;Données consolidées;2024-01-28;11:45;2024-01-28T11:45:00+01:00;;56400;57900;;;;;;;;;;;;;;;;;;;;;;;;;;;;;
France;Données consolidées;2024-01-28;16:30;2024-01-28T16:30:00+01:00;51570;47900;49500;93;11;2362;47729;5289;2309;8595;-1525;1234;-14430;22;-3013;1698;-4606;-2905;-5912;0;74;21;137;1074;136;1014;5584;3005;6;512;377;345
France;Données consolidées;2024-01-28;17:15;2024-01-28T17:15:00+01:00;;49800;51250;;;;;;;;;;;;;;;;;;;;;;;;;;;;;
France;Données consolidées;2024-01-28;17:30;2024-01-28T17:30:00+01:00;53068;50700;52100;94;9;2402;48067;6398;389;8566;-1030;1229;-12951;22;-3014;2625;-4606;-2700;-4781;0;74;21;138;1076;163;1025;5706;2605;255;506;377;345
France;Données consolidées;2024-01-28;18:15;2024-01-28T18:15:00+01:00;;55150;56500;;;;;;;;;;;;;;;;;;;;;;;;;;;;;
France;Données consolidées;2024-01-28;20:45;2024-01-28T20:45:00+01:00;;55950;57150;;;;;;;;;;;;;;;;;;;;;;;;;;;;;
France;Données consolidées;2024-01-28;21:15;2024-01-28T21:15:00+01:00;;55000;56200;;;;;;;;;;;;;;;;;;;;;;;;;;;;;
France;Données consolidées;2024-01-28;22:15;2024-01-28T22:15:00+01:00;;54000;55200;;;;;;;;;;;;;;;;;;;;;;;;;;;;;
France;Données consolidées;2024-01-29;00:15;2024-01-29T00:15:00+01:00;;54700;55000;;;;;;;;;;;;;;;;;;;;;;;;;;;;;
France;Données consolidées;2024-01-29;03:45;2024-01-29T03:45:00+01:00;;49550;49800;;;;;;;;;;;;;;;;;;;;;;;;;;;;;
France;Données consolidées;2024-01-29;04:15;2024-01-29T04:15:00+01:00;;49300;49550;;;;;;;;;;;;;;;;;;;;;;;;;;;;;
France;Données consolidées;2024-01-29;07:15;2024-01-29T07:15:00+01:00;;62300;62850;;;;;;;;;;;;;;;;;;;;;;;;;;;;;
France;Données consolidées;2024-01-29;11:00;2024-01-29T11:00:00+01:00;65231;65000;64000;84;429;4696;47910;5787;5900;9728;-75;1176;-10289;35;-2821;-619;-4428;-3200;726;0;65;21;146;1098;2422;1030;6057;3425;245;478;366;331
France;Données consolidées;2024-01-29;11:15;2024-01-29T11:15:00+01:00;;64950;63550;;;;;;;;;;;;;;;;;;;;;;;;;;;;;
France;Données consolidées;2024-01-29;12:15;2024-01-29T12:15:00+01:00;;64250;61800;;;;;;;;;;;;;;;;;;;;;;;;;;;;;
France;Données consolidées;2024-01-29;12:45;2024-01-29T12:45:00+01:00;;62950;60350;;;;;;;;;;;;;;;;;;;;;;;;;;;;;
France;Données consolidées;2024-01-29;15:00;2024-01-29T15:00:00+01:00;59048;60200;57800;85;439;3985;47700;4303;5678;9877;-636;1191;-13480;33;-3014;1818;-4485;-3200;-4204;0;66;21;142;1094;1723;1026;6288;3290;300;486;373;332
France;Données consolidées;2024-01-29;17:00;2024-01-29T17:00:00+01:00;57068;59200;56100;85;438;5020;46952;4989;1115;11263;-15;1211;-13896;39;-3014;416;-4341;-2538;-4406;0;66;21;142;1090;2747;1041;6419;3921;924;483;390;338
France;Données consolidées;2024-01-29;18:00;2024-01-29T18:00:00+01:00;60644;62700;59800;87;441;5812;46883;6230;18;13683;-15;1209;-13611;41;-2617;-1123;-4189;-2993;-2881;0;68;21;144;1102;3517;1049;6669;5258;1755;476;392;341
France;Données consolidées;2024-01-29;19:15;2024-01-29T19:15:00+01:00;;66100;63500;;;;;;;;;;;;;;;;;;;;;;;;;;;;;
France;Données consolidées;2024-01-29;22:00;2024-01-29T22:00:00+01:00;57167;56500;54900;89;315;4526;47359;9422;1;11520;-45;1231;-17129;33;-1911;-3098;-4269;-3175;-4171;0;70;21;143;1097;2252;1034;6477;4440;603;492;395;344
France;Données consolidées;2024-01-29;23:30;2024-01-29T23:30:00+01:00;57716;58000;56600;88;316;5791;47450;8521;0;10139;-394;1212;-15317;40;-1534;-2979;-4324;-2882;-3510;0;69;21;144;1095;3519;1034;6002;3616;521;481;391;340
France;Données consolidées;2024-01-30;01:00;2024-01-30T01:00:00+01:00;53795;52500;52300;88;316;3653;47655;7989;1;8130;-968;1222;-14182;32;-2058;-1533;-4345;-3200;-3650;0;69;21;139;1079;1400;1034;5853;2225;52;480;404;338
France;Données consolidées;2024-01-30;01:15;2024-01-30T01:15:00+01:00;;52800;52600;;;;;;;;;;;;;;;;;;;;;;;;;;;;;
France;Données consolidées;2024-01-30;01:45;2024-01-30T01:45:00+01:00;;53250;52900;;;;;;;;;;;;;;;;;;;;;;;;;;;;;
France;Données consolidées;2024-01-30;02:00;2024-01-30T02:00:00+01:00;53578;53400;52900;89;316;3904;47906;7390;1;8369;-548;1223;-14971;33;-2665;-1852;-4345;-3200;-3839;0;69;21;140;1079;1657;1028;5993;2310;66;488;398;337
France;Données consolidées;2024-01-30;02:30;2024-01-30T02:30:00+01:00;53604;52300;52200;89;316;4040;47885;7224;0;8971;-532;1209;-15492;33;-2665;-1852;-4345;-3198;-3888;0;69;21;139;1076;1797;1028;5992;2547;432;479;393;336
France;Données consolidées;2024-01-30;02:45;2024-01-30T02:45:00+01:00;;51550;51450;;;;;;;;;;;;;;;;;;;;;;;;;;;;;
France;Données consolidées;2024-01-30;03:00;2024-01-30T03:00:00+01:00;52299;50800;50700;90;316;3919;47888;7100;0;8569;-530;1217;-16168;33;-2368;-2991;-4341;-3200;-4075;0;70;21;140;1075;1671;1033;5872;2309;388;483;397;337
France;Données consolidées;2024-01-30;04:30;2024-01-30T04:30:00+01:00;50300;49000;49100;88;316;3834;47794;6508;0;7828;-735;1210;-16443;33;-2022;-2681;-4341;-3200;-4185;0;69;21;134;1075;1592;1033;5743;2017;68;486;388;336
France;Données consolidées;2024-01-30;05:45;2024-01-30T05:45:00+01:00;;52450;52400;;;;;;;;;;;;;;;;;;;;;;;;;;;;;
France;Données consolidées;2024-01-30;06:15;2024-01-30T06:15:00+01:00;;55150;55100;;;;;;;;;;;;;;;;;;;;;;;;;;;;;
France;Données consolidées;2024-01-30;06:30;2024-01-30T06:30:00+01:00;57853;56900;56800;89;315;4880;47990;6775;1;8537;-512;1192;-11336;37;355;129;-4341;-3200;-4304;0;70;21;144;1106;2601;1030;5922;2452;163;471;388;332
France;Données consolidées;2024-01-30;07:30;2024-01-30T07:30:00+01:00;63951;62500;62100;89;316;7052;47948;7040;1;11274;-15;1197;-10855;45;1472;-1932;-4359;-3197;-2993;0;70;21;147;1111;4752;1043;6544;3249;1482;470;396;331
France;Données consolidées;2024-01-30;10:30;2024-01-30T10:30:00+01:00;64371;63700;62800;168;438;5418;48013;5343;4201;9780;-79;1182;-9969;40;-2363;-373;-3910;-2816;44;78;71;20;142;1081;3166;1030;6073;3551;156;470;389;323
France;Données consolidées;2024-01-30;10:45;2024-01-30T10:45:00+01:00;;63300;62450;;;;;;;;;;;;;;;;;;;;;;;;;;;;;
France;Données consolidées;2024-01-30;13:45;2024-01-30T13:45:00+01:00;;59200;58850;;;;;;;;;;;;;;;;;;;;;;;;;;;;;
France;Données consolidées;2024-01-30;15:30;2024-01-30T15:30:00+01:00;58886;58200;57500;87;438;4879;47840;3038;5270;8696;-140;1215;-12344;38;-2437;2000;-4447;-3200;-4268;0;69;20;146;1077;2611;1045;6118;2375;202;480;403;331
France;Données consolidées;2024-01-30;17:00;2024-01-30T17:00:00+01:00;57339;57400;56700;85;437;6336;47808;2075;1530;11242;-73;1228;-13233;46;-2479;1482;-4448;-3200;-4376;0;67;20;146;1084;4051;1055;6472;3833;937;488;401;339
France;Données consolidées;2024-01-30;18:30;2024-01-30T18:30:00+01:00;63552;62800;62600;86;323;6241;47894;1587;0;15789;-15;1222;-9475;42;-2353;-512;-4145;-70;-2020;0;68;20;147;1112;3915;1068;7023;5701;3065;482;404;335
France;Données consolidées;2024-01-30;18:45;2024-01-30T18:45:00+01:00;;63650;63550;;;;;;;;;;;;;;;;;;;;;;;;;;;;;
France;Données consolidées;2024-01-30;20:45;2024-01-30T20:45:00+01:00;;59050;59850;;;;;;;;;;;;;;;;;;;;;;;;;;;;;
France;Données consolidées;2024-01-30;21:45;2024-01-30T21:45:00+01:00;;56300;57150;;;;;;;;;;;;;;;;;;;;;;;;;;;;;
France;Données consolidées;2024-01-30;23:45;2024-01-30T23:45:00+01:00;;57350;58000;;;;;;;;;;;;;;;;;;;;;;;;;;;;;
France;Données consolidées;2024-01-31;00:45;2024-01-31T00:45:00+01:00;;54700;55050;;;;;;;;;;;;;;;;;;;;;;;;;;;;;
France;Données consolidées;2024-01-31;03:00;2024-01-31T03:00:00+01:00;53545;52800;52900;85;314;4460;48135;598;0;8634;-275;1234;-9540;39;-273;182;-4100;-3200;-2966;0;67;20;143;1085;2195;1038;6136;2375;124;500;400;333
France;Données consolidées;2024-01-31;03:45;2024-01-31T03:45:00+01:00;;51450;51700;;;;;;;;;;;;;;;;;;;;;;;;;;;;;
France;Données consolidées;2024-01-31;04:30;2024-01-31T04:30:00+01:00;51860;51100;51100;85;314;4516;48270;539;0;8338;-236;1224;-11087;39;685;327;-4100;-3039;-5414;0;67;20;143;1072;2263;1038;5986;2248;104;499;392;333
France;Données consolidées;2024-01-31;07:15;2024-01-31T07:15:00+01:00;;63000;62950;;;;;;;;;;;;;;;;;;;;;;;;;;;;;
France;Données consolidées;2024-01-31;08:30;2024-01-31T08:30:00+01:00;67513;66700;66600;88;539;7894;48371;987;137;16548;-14;1192;-8127;51;1795;-239;-3769;-2180;-3101;0;70;20;149;1141;5524;1080;6868;5916;3764;469;390;333
France;Données consolidées;2024-01-31;08:45;2024-01-31T08:45:00+01:00;;66650;66800;;;;;;;;;;;;;;;;;;;;;;;;;;;;;
France;Données consolidées;2024-01-31;12:30;2024-01-31T12:30:00+01:00;64244;63200;62400;86;436;5851;47656;1229;7838;9454;-23;1198;-9382;41;457;2200;-4203;-2540;-4231;0;69;20;147;1098;3555;1051;5977;2988;490;476;392;330
France;Données consolidées;2024-01-31;13:00;2024-01-31T13:00:00+01:00;63023;62100;61300;86;438;4839;47586;1595;8282;8892;-14;1203;-9753;37;199;2200;-4284;-2741;-5298;0;68;20;147;1087;2548;1057;5905;2569;418;474;394;335
France;Données consolidées;2024-01-31;13:15;2024-01-31T13:15:00+01:00;;61600;60850;;;;;;;;;;;;;;;;;;;;;;;;;;;;;
France;Données consolidées;2024-01-31;14:00;2024-01-31T14:00:00+01:00;61039;61200;60600;91;437;3817;47639;2281;8065;8025;-15;1207;-10374;33;378;2200;-4318;-3160;-4810;0;66;27;147;1089;1531;1050;5849;2087;90;480;388;338
France;Données consolidées;2024-01-31;14:15;2024-01-31T14:15:00+01:00;;61000;60400;;;;;;;;;;;;;;;;;;;;;;;;;;;;;
France;Données consolidées;2024-01-31;15:15;2024-01-31T15:15:00+01:00;;59850;59400;;;;;;;;;;;;;;;;;;;;;;;;;;;;;
France;Données consolidées;2024-01-31;18:00;2024-01-31T18:00:00+01:00;60976;60600;60300;95;434;5140;47778;2859;59;13063;-15;1218;-9581;40;150;-1448;-4287;-1524;-975;6;70;20;145;1106;2823;1066;6431;4591;2041;478;395;345
France;Données consolidées;2024-01-31;19:00;2024-01-31T19:00:00+01:00;67127;65600;65300;94;315;5149;47787;4207;0;15252;-15;1217;-6770;36;695;-2696;-4276;-1656;1341;6;68;20;148;1104;2823;1074;6752;4862;3638;472;401;344
France;Données consolidées;2024-01-31;19:30;2024-01-31T19:30:00+01:00;66836;65000;64700;92;316;5118;47695;4832;0;14627;-17;1223;-6939;36;695;-2696;-4276;-1685;1435;6;66;20;149;1108;2795;1066;6689;4978;2960;476;403;344
France;Données consolidées;2024-01-31;20:45;2024-01-31T20:45:00+01:00;;60550;60250;;;;;;;;;;;;;;;;;;;;;;;;;;;;;
France;Données consolidées;2024-01-31;21:15;2024-01-31T21:15:00+01:00;;58950;58650;;;;;;;;;;;;;;;;;;;;;;;;;;;;;
France;Données consolidées;2024-01-31;21:45;2024-01-31T21:45:00+01:00;;57650;57350;;;;;;;;;;;;;;;;;;;;;;;;;;;;;
France;Données consolidées;2024-01-31;22:45;2024-01-31T22:45:00+01:00;;59150;58850;;;;;;;;;;;;;;;;;;;;;;;;;;;;;
